May 9	2026   10:44:26		
Cyclic Voltammetry			
File: c:\users\administrator\desktop\5.9\0.1v\0.5m h2so4\run unsaved.txt			
Data Source:  Experiment			
Instrument Model:  CHI600E			
Header: 			
Note: 			
--			
Init E (V) = 0			
High E (V) = 0.8			
Low E (V) = -0.8			
Init P/N = N			
Scan Rate (V/s) = 0.1			
Segment = 3			
Sample Interval (V) = 0.001			
Quiet Time (sec) = 2			
Sensitivity (A/V) = 0.1			
--			
Segment 1:			
--			
Segment 2:			
--			
Segment 3:			
--			
Potential/V	Current/A	
	
--	0.5M h2so4	1M HCL	         1M Koh
0	5.679E-4	-0.07024	-0.00942
-0.001	6.061E-4	-0.06926	-0.00927
-0.002	6.32E-4	-0.06827	-0.00913
-0.003	6.563E-4	-0.06728	-0.009
-0.004	6.801E-4	-0.06631	-0.00888
-0.005	7.016E-4	-0.06534	-0.00878
-0.006	7.232E-4	-0.06437	-0.00867
-0.007	7.438E-4	-0.0634	-0.00858
-0.008	7.637E-4	-0.06243	-0.00848
-0.009	7.841E-4	-0.06146	-0.0084
-0.01	8.034E-4	-0.06051	-0.00831
-0.011	8.233E-4	-0.05955	-0.00823
-0.012	8.42E-4	-0.0586	-0.00816
-0.013	8.605E-4	-0.05764	-0.00809
-0.014	8.786E-4	-0.05668	-0.00802
-0.015	8.97E-4	-0.05574	-0.00795
-0.016	9.144E-4	-0.05479	-0.00789
-0.017	9.316E-4	-0.05385	-0.00783
-0.018	9.467E-4	-0.05292	-0.00777
-0.019	9.641E-4	-0.05199	-0.00772
-0.02	9.807E-4	-0.05105	-0.00766
-0.021	9.977E-4	-0.05014	-0.00761
-0.022	0.00101	-0.04921	-0.00756
-0.023	0.00103	-0.0483	-0.00752
-0.024	0.00105	-0.04737	-0.00747
-0.025	0.00106	-0.04645	-0.00743
-0.026	0.00108	-0.04552	-0.00738
-0.027	0.00109	-0.0446	-0.00734
-0.028	0.00111	-0.04368	-0.0073
-0.029	0.00112	-0.04277	-0.00726
-0.03	0.00114	-0.04186	-0.00723
-0.031	0.00115	-0.04095	-0.00719
-0.032	0.00117	-0.04005	-0.00716
-0.033	0.00118	-0.03915	-0.00712
-0.034	0.0012	-0.03824	-0.00709
-0.035	0.00121	-0.03734	-0.00706
-0.036	0.00123	-0.03645	-0.00703
-0.037	0.00124	-0.03556	-0.00701
-0.038	0.00125	-0.03467	-0.00698
-0.039	0.00127	-0.03379	-0.00695
-0.04	0.00128	-0.03291	-0.00692
-0.041	0.00129	-0.03203	-0.0069
-0.042	0.00131	-0.03116	-0.00687
-0.043	0.00132	-0.03029	-0.00685
-0.044	0.00133	-0.02942	-0.00683
-0.045	0.00135	-0.02855	-0.00681
-0.046	0.00136	-0.0277	-0.00679
-0.047	0.00137	-0.02683	-0.00677
-0.048	0.00138	-0.02597	-0.00675
-0.049	0.00139	-0.02511	-0.00673
-0.05	0.0014	-0.02426	-0.00671
-0.051	0.00142	-0.0234	-0.0067
-0.052	0.00143	-0.02254	-0.00668
-0.053	0.00144	-0.0217	-0.00666
-0.054	0.00145	-0.02086	-0.00665
-0.055	0.00146	-0.02002	-0.00663
-0.056	0.00147	-0.01919	-0.00662
-0.057	0.00149	-0.01837	-0.0066
-0.058	0.0015	-0.01754	-0.00659
-0.059	0.00151	-0.01672	-0.00658
-0.06	0.00152	-0.01589	-0.00656
-0.061	0.00153	-0.01508	-0.00655
-0.062	0.00154	-0.01427	-0.00654
-0.063	0.00155	-0.01346	-0.00653
-0.064	0.00156	-0.01266	-0.00652
-0.065	0.00157	-0.01186	-0.00651
-0.066	0.00158	-0.01107	-0.0065
-0.067	0.00159	-0.01028	-0.00649
-0.068	0.0016	-0.0095	-0.00647
-0.069	0.00161	-0.00873	-0.00646
-0.07	0.00162	-0.00796	-0.00645
-0.071	0.00163	-0.00719	-0.00644
-0.072	0.00163	-0.00643	-0.00643
-0.073	0.00164	-0.00568	-0.00642
-0.074	0.00165	-0.00495	-0.00641
-0.075	0.00166	-0.00422	-0.0064
-0.076	0.00167	-0.00349	-0.00639
-0.077	0.00168	-0.00278	-0.00638
-0.078	0.00169	-0.00207	-0.00637
-0.079	0.0017	-0.00138	-0.00636
-0.08	0.0017	-6.988E-4	-0.00635
-0.081	0.00171	-2.572E-5	-0.00634
-0.082	0.00172	6.403E-4	-0.00633
-0.083	0.00173	0.0013	-0.00632
-0.084	0.00173	0.00194	-0.00631
-0.085	0.00174	0.00256	-0.0063
-0.086	0.00175	0.00318	-0.00629
-0.087	0.00176	0.00378	-0.00628
-0.088	0.00177	0.00438	-0.00626
-0.089	0.00177	0.00498	-0.00625
-0.09	0.00178	0.00556	-0.00624
-0.091	0.00179	0.00614	-0.00623
-0.092	0.00179	0.00673	-0.00621
-0.093	0.0018	0.00731	-0.0062
-0.094	0.00181	0.00791	-0.00618
-0.095	0.00181	0.00851	-0.00617
-0.096	0.00182	0.00913	-0.00615
-0.097	0.00183	0.00975	-0.00613
-0.098	0.00183	0.01038	-0.00612
-0.099	0.00184	0.01102	-0.0061
-0.1	0.00184	0.01167	-0.00608
-0.101	0.00185	0.01231	-0.00606
-0.102	0.00186	0.01299	-0.00604
-0.103	0.00186	0.01366	-0.00601
-0.104	0.00187	0.01433	-0.00599
-0.105	0.00188	0.015	-0.00597
-0.106	0.00188	0.01569	-0.00594
-0.107	0.00189	0.0164	-0.00592
-0.108	0.00189	0.0171	-0.00589
-0.109	0.0019	0.01778	-0.00587
-0.11	0.0019	0.01849	-0.00584
-0.111	0.00191	0.01921	-0.00581
-0.112	0.00191	0.01995	-0.00578
-0.113	0.00192	0.0207	-0.00575
-0.114	0.00193	0.02145	-0.00572
-0.115	0.00193	0.02221	-0.00568
-0.116	0.00194	0.02298	-0.00565
-0.117	0.00194	0.02375	-0.00561
-0.118	0.00195	0.02454	-0.00558
-0.119	0.00195	0.02533	-0.00554
-0.12	0.00196	0.02613	-0.0055
-0.121	0.00196	0.02693	-0.00546
-0.122	0.00196	0.02775	-0.00541
-0.123	0.00197	0.02856	-0.00537
-0.124	0.00197	0.02939	-0.00533
-0.125	0.00198	0.03021	-0.00528
-0.126	0.00198	0.03105	-0.00523
-0.127	0.00199	0.03188	-0.00518
-0.128	0.00199	0.03273	-0.00513
-0.129	0.002	0.03358	-0.00508
-0.13	0.002	0.03443	-0.00502
-0.131	0.002	0.03528	-0.00497
-0.132	0.00201	0.03614	-0.00491
-0.133	0.00201	0.037	-0.00485
-0.134	0.00202	0.03786	-0.00479
-0.135	0.00202	0.03872	-0.00473
-0.136	0.00202	0.03959	-0.00467
-0.137	0.00202	0.04046	-0.0046
-0.138	0.00203	0.04133	-0.00454
-0.139	0.00203	0.04219	-0.00447
-0.14	0.00203	0.04306	-0.00441
-0.141	0.00204	0.04391	-0.00434
-0.142	0.00204	0.04479	-0.00427
-0.143	0.00204	0.04565	-0.0042
-0.144	0.00205	0.04652	-0.00412
-0.145	0.00205	0.04739	-0.00405
-0.146	0.00205	0.04827	-0.00398
-0.147	0.00206	0.04915	-0.0039
-0.148	0.00206	0.05002	-0.00382
-0.149	0.00206	0.05089	-0.00374
-0.15	0.00206	0.05177	-0.00367
-0.151	0.00207	0.05263	-0.00359
-0.152	0.00207	0.0535	-0.00351
-0.153	0.00207	0.05438	-0.00342
-0.154	0.00207	0.05525	-0.00334
-0.155	0.00208	0.05613	-0.00326
-0.156	0.00208	0.057	-0.00318
-0.157	0.00208	0.05786	-0.00309
-0.158	0.00208	0.05874	-0.003
-0.159	0.00208	0.05959	-0.00292
-0.16	0.00209	0.06046	-0.00284
-0.161	0.00209	0.06133	-0.00275
-0.162	0.00209	0.0622	-0.00266
-0.163	0.00209	0.06307	-0.00257
-0.164	0.00209	0.06394	-0.00248
-0.165	0.0021	0.0648	-0.0024
-0.166	0.0021	0.06568	-0.00231
-0.167	0.0021	0.06654	-0.00222
-0.168	0.0021	0.06741	-0.00213
-0.169	0.0021	0.06828	-0.00205
-0.17	0.00211	0.06913	-0.00196
-0.171	0.00211	0.07	-0.00187
-0.172	0.00211	0.07086	-0.00178
-0.173	0.00211	0.07173	-0.0017
-0.174	0.00211	0.07259	-0.00161
-0.175	0.00211	0.07345	-0.00153
-0.176	0.00211	0.07431	-0.00144
-0.177	0.00212	0.07516	-0.00136
-0.178	0.00212	0.07601	-0.00127
-0.179	0.00212	0.07687	-0.00119
-0.18	0.00212	0.07773	-0.0011
-0.181	0.00212	0.07859	-0.00102
-0.182	0.00212	0.07946	-9.389E-4
-0.183	0.00212	0.08031	-8.572E-4
-0.184	0.00212	0.08116	-7.782E-4
-0.185	0.00213	0.08202	-6.964E-4
-0.186	0.00213	0.08289	-6.158E-4
-0.187	0.00213	0.08374	-5.366E-4
-0.188	0.00213	0.0846	-4.562E-4
-0.189	0.00213	0.08545	-3.791E-4
-0.19	0.00213	0.08631	-3.011E-4
-0.191	0.00213	0.08717	-2.272E-4
-0.192	0.00213	0.08803	-1.514E-4
-0.193	0.00214	0.08888	-7.599E-5
-0.194	0.00214	0.08974	-1.178E-6
-0.195	0.00214	0.09059	7.265E-5
-0.196	0.00214	0.09145	1.444E-4
-0.197	0.00214	0.0923	2.16E-4
-0.198	0.00214	0.09315	2.889E-4
-0.199	0.00214	0.09401	3.616E-4
-0.2	0.00214	0.09487	4.349E-4
-0.201	0.00214	0.09573	5.069E-4
-0.202	0.00214	0.09658	5.739E-4
-0.203	0.00214	0.09743	6.443E-4
-0.204	0.00214	0.09829	7.154E-4
-0.205	0.00215	0.09915	7.858E-4
-0.206	0.00215	0.1	8.562E-4
-0.207	0.00215	0.1009	9.223E-4
-0.208	0.00215	0.1017	9.885E-4
-0.209	0.00215	0.1026	0.00106
-0.21	0.00215	0.1034	0.00112
-0.211	0.00215	0.1043	0.00119
-0.212	0.00215	0.1052	0.00125
-0.213	0.00215	0.106	0.00132
-0.214	0.00215	0.1069	0.00138
-0.215	0.00215	0.1077	0.00144
-0.216	0.00215	0.1086	0.00151
-0.217	0.00215	0.1094	0.00157
-0.218	0.00215	0.1102	0.00163
-0.219	0.00215	0.111	0.00169
-0.22	0.00215	0.1119	0.00175
-0.221	0.00215	0.1127	0.00181
-0.222	0.00215	0.1136	0.00187
-0.223	0.00215	0.1144	0.00193
-0.224	0.00215	0.1154	0.00199
-0.225	0.00215	0.1163	0.00205
-0.226	0.00215	0.1172	0.0021
-0.227	0.00215	0.118	0.00216
-0.228	0.00215	0.1188	0.00221
-0.229	0.00215	0.1196	0.00226
-0.23	0.00215	0.1204	0.00231
-0.231	0.00215	0.1213	0.00237
-0.232	0.00215	0.1221	0.00241
-0.233	0.00215	0.1229	0.00246
-0.234	0.00215	0.1238	0.00251
-0.235	0.00215	0.1246	0.00255
-0.236	0.00215	0.1254	0.0026
-0.237	0.00215	0.1263	0.00265
-0.238	0.00215	0.1271	0.00269
-0.239	0.00215	0.1279	0.00273
-0.24	0.00215	0.1287	0.00278
-0.241	0.00215	0.1296	0.00282
-0.242	0.00214	0.1304	0.00286
-0.243	0.00215	0.1312	0.0029
-0.244	0.00214	0.132	0.00294
-0.245	0.00214	0.1328	0.00297
-0.246	0.00214	0.1336	0.00301
-0.247	0.00214	0.1344	0.00305
-0.248	0.00214	0.1352	0.00309
-0.249	0.00214	0.136	0.00312
-0.25	0.00214	0.1368	0.00316
-0.251	0.00214	0.1375	0.00319
-0.252	0.00214	0.1383	0.00323
-0.253	0.00214	0.139	0.00326
-0.254	0.00214	0.1398	0.00329
-0.255	0.00214	0.1405	0.00332
-0.256	0.00214	0.1413	0.00336
-0.257	0.00215	0.142	0.00339
-0.258	0.00214	0.1428	0.00342
-0.259	0.00214	0.1435	0.00345
-0.26	0.00215	0.1442	0.00348
-0.261	0.00214	0.1449	0.0035
-0.262	0.00215	0.1456	0.00353
-0.263	0.00215	0.1463	0.00355
-0.264	0.00215	0.1469	0.00358
-0.265	0.00215	0.1476	0.0036
-0.266	0.00215	0.1482	0.00362
-0.267	0.00215	0.1488	0.00365
-0.268	0.00215	0.1494	0.00367
-0.269	0.00215	0.15	0.00369
-0.27	0.00215	0.1506	0.00371
-0.271	0.00215	0.1511	0.00372
-0.272	0.00215	0.1516	0.00374
-0.273	0.00215	0.1521	0.00375
-0.274	0.00216	0.1525	0.00376
-0.275	0.00216	0.1529	0.00378
-0.276	0.00216	0.1532	0.00379
-0.277	0.00216	0.1535	0.00379
-0.278	0.00216	0.1537	0.0038
-0.279	0.00216	0.1538	0.00381
-0.28	0.00216	0.1539	0.00381
-0.281	0.00217	0.1539	0.00381
-0.282	0.00217	0.1538	0.00381
-0.283	0.00217	0.1536	0.00381
-0.284	0.00217	0.1533	0.00381
-0.285	0.00217	0.1528	0.0038
-0.286	0.00217	0.1522	0.0038
-0.287	0.00218	0.1514	0.00379
-0.288	0.00218	0.1505	0.00378
-0.289	0.00218	0.1493	0.00377
-0.29	0.00218	0.1481	0.00376
-0.291	0.00218	0.1468	0.00375
-0.292	0.00219	0.1454	0.00374
-0.293	0.00219	0.1439	0.00373
-0.294	0.00219	0.1425	0.00372
-0.295	0.00219	0.141	0.0037
-0.296	0.00219	0.1395	0.00369
-0.297	0.0022	0.138	0.00367
-0.298	0.0022	0.1364	0.00366
-0.299	0.0022	0.1348	0.00364
-0.3	0.0022	0.1332	0.00363
-0.301	0.00221	0.1315	0.00362
-0.302	0.00221	0.1297	0.0036
-0.303	0.00221	0.1278	0.00359
-0.304	0.00221	0.1258	0.00358
-0.305	0.00222	0.1238	0.00356
-0.306	0.00222	0.1217	0.00355
-0.307	0.00222	0.1196	0.00354
-0.308	0.00222	0.1176	0.00352
-0.309	0.00223	0.1154	0.00351
-0.31	0.00223	0.1134	0.0035
-0.311	0.00223	0.1113	0.00349
-0.312	0.00223	0.1092	0.00348
-0.313	0.00224	0.1071	0.00347
-0.314	0.00224	0.1048	0.00346
-0.315	0.00224	0.1023	0.00345
-0.316	0.00224	0.09967	0.00344
-0.317	0.00225	0.0968	0.00343
-0.318	0.00225	0.09378	0.00343
-0.319	0.00225	0.09066	0.00342
-0.32	0.00226	0.08758	0.00341
-0.321	0.00226	0.08458	0.00341
-0.322	0.00226	0.08159	0.0034
-0.323	0.00226	0.07849	0.00339
-0.324	0.00226	0.07532	0.00338
-0.325	0.00227	0.07226	0.00338
-0.326	0.00227	0.06955	0.00337
-0.327	0.00227	0.06725	0.00337
-0.328	0.00227	0.06517	0.00336
-0.329	0.00228	0.06314	0.00336
-0.33	0.00228	0.06105	0.00336
-0.331	0.00228	0.0591	0.00335
-0.332	0.00228	0.05761	0.00335
-0.333	0.00229	0.05647	0.00334
-0.334	0.00229	0.05551	0.00334
-0.335	0.00229	0.05464	0.00333
-0.336	0.00229	0.05385	0.00333
-0.337	0.0023	0.0531	0.00333
-0.338	0.0023	0.05239	0.00333
-0.339	0.0023	0.05171	0.00332
-0.34	0.0023	0.05107	0.00332
-0.341	0.00231	0.05046	0.00332
-0.342	0.00231	0.04987	0.00332
-0.343	0.00231	0.04931	0.00332
-0.344	0.00231	0.04876	0.00331
-0.345	0.00232	0.04822	0.00331
-0.346	0.00232	0.04768	0.00331
-0.347	0.00232	0.04714	0.00331
-0.348	0.00232	0.0466	0.00331
-0.349	0.00233	0.04605	0.00331
-0.35	0.00233	0.04549	0.00331
-0.351	0.00233	0.04492	0.00331
-0.352	0.00234	0.04432	0.00331
-0.353	0.00234	0.04372	0.0033
-0.354	0.00234	0.04313	0.0033
-0.355	0.00234	0.04252	0.0033
-0.356	0.00235	0.04191	0.0033
-0.357	0.00235	0.04131	0.0033
-0.358	0.00235	0.04069	0.0033
-0.359	0.00236	0.04005	0.0033
-0.36	0.00236	0.03937	0.0033
-0.361	0.00236	0.03865	0.0033
-0.362	0.00237	0.03786	0.0033
-0.363	0.00237	0.03702	0.0033
-0.364	0.00237	0.03611	0.0033
-0.365	0.00238	0.03517	0.0033
-0.366	0.00238	0.0342	0.0033
-0.367	0.00238	0.03325	0.0033
-0.368	0.00239	0.03234	0.0033
-0.369	0.00239	0.03147	0.0033
-0.37	0.00239	0.03067	0.0033
-0.371	0.0024	0.02993	0.0033
-0.372	0.0024	0.02927	0.0033
-0.373	0.00241	0.02868	0.0033
-0.374	0.00241	0.02816	0.00331
-0.375	0.00241	0.02771	0.00331
-0.376	0.00242	0.02729	0.00331
-0.377	0.00242	0.02692	0.00331
-0.378	0.00242	0.02658	0.00331
-0.379	0.00243	0.02626	0.00331
-0.38	0.00243	0.02596	0.00331
-0.381	0.00243	0.02566	0.00332
-0.382	0.00244	0.02537	0.00332
-0.383	0.00244	0.02509	0.00332
-0.384	0.00245	0.02483	0.00332
-0.385	0.00245	0.02458	0.00332
-0.386	0.00245	0.02435	0.00332
-0.387	0.00246	0.02412	0.00333
-0.388	0.00246	0.0239	0.00333
-0.389	0.00246	0.0237	0.00333
-0.39	0.00247	0.0235	0.00333
-0.391	0.00247	0.0233	0.00334
-0.392	0.00248	0.0231	0.00334
-0.393	0.00248	0.02291	0.00334
-0.394	0.00248	0.02272	0.00334
-0.395	0.00249	0.02254	0.00334
-0.396	0.00249	0.02238	0.00334
-0.397	0.00249	0.02221	0.00335
-0.398	0.0025	0.02206	0.00335
-0.399	0.0025	0.02191	0.00335
-0.4	0.0025	0.02175	0.00335
-0.401	0.0025	0.0216	0.00335
-0.402	0.00251	0.02145	0.00336
-0.403	0.00251	0.02131	0.00336
-0.404	0.00251	0.02116	0.00336
-0.405	0.00252	0.02102	0.00336
-0.406	0.00252	0.02089	0.00336
-0.407	0.00252	0.02077	0.00336
-0.408	0.00252	0.02065	0.00337
-0.409	0.00253	0.02053	0.00337
-0.41	0.00253	0.02041	0.00338
-0.411	0.00253	0.02028	0.00338
-0.412	0.00254	0.02017	0.00338
-0.413	0.00254	0.02005	0.00338
-0.414	0.00254	0.01994	0.00339
-0.415	0.00254	0.01983	0.00339
-0.416	0.00255	0.01972	0.00339
-0.417	0.00255	0.01962	0.0034
-0.418	0.00255	0.01952	0.0034
-0.419	0.00255	0.01942	0.0034
-0.42	0.00256	0.01932	0.00341
-0.421	0.00256	0.01922	0.00341
-0.422	0.00256	0.01912	0.00341
-0.423	0.00257	0.01902	0.00341
-0.424	0.00257	0.01893	0.00341
-0.425	0.00257	0.01884	0.00341
-0.426	0.00257	0.01875	0.00342
-0.427	0.00258	0.01866	0.00342
-0.428	0.00258	0.01857	0.00343
-0.429	0.00258	0.01848	0.00343
-0.43	0.00258	0.01839	0.00344
-0.431	0.00258	0.0183	0.00344
-0.432	0.00259	0.01822	0.00344
-0.433	0.00259	0.01813	0.00344
-0.434	0.00259	0.01805	0.00345
-0.435	0.00259	0.01797	0.00345
-0.436	0.0026	0.01789	0.00345
-0.437	0.0026	0.01781	0.00346
-0.438	0.0026	0.01774	0.00347
-0.439	0.0026	0.01766	0.00347
-0.44	0.00261	0.01758	0.00347
-0.441	0.00261	0.01751	0.00347
-0.442	0.00261	0.01743	0.00348
-0.443	0.00261	0.01736	0.00348
-0.444	0.00262	0.01729	0.00349
-0.445	0.00262	0.01722	0.00349
-0.446	0.00262	0.01715	0.00349
-0.447	0.00262	0.01708	0.0035
-0.448	0.00263	0.01701	0.0035
-0.449	0.00263	0.01694	0.00351
-0.45	0.00263	0.01688	0.00351
-0.451	0.00264	0.01681	0.00352
-0.452	0.00264	0.01674	0.00352
-0.453	0.00264	0.01668	0.00352
-0.454	0.00264	0.01662	0.00353
-0.455	0.00265	0.01656	0.00353
-0.456	0.00265	0.0165	0.00354
-0.457	0.00265	0.01644	0.00354
-0.458	0.00265	0.01637	0.00355
-0.459	0.00266	0.01631	0.00355
-0.46	0.00266	0.01626	0.00356
-0.461	0.00266	0.0162	0.00356
-0.462	0.00267	0.01614	0.00357
-0.463	0.00267	0.01608	0.00357
-0.464	0.00267	0.01603	0.00358
-0.465	0.00268	0.01597	0.00358
-0.466	0.00268	0.01592	0.00359
-0.467	0.00269	0.01587	0.0036
-0.468	0.00269	0.01581	0.0036
-0.469	0.00269	0.01576	0.00361
-0.47	0.0027	0.01571	0.00361
-0.471	0.0027	0.01565	0.00362
-0.472	0.0027	0.01561	0.00363
-0.473	0.00271	0.01555	0.00363
-0.474	0.00271	0.01551	0.00364
-0.475	0.00271	0.01546	0.00365
-0.476	0.00272	0.01541	0.00365
-0.477	0.00272	0.01536	0.00366
-0.478	0.00273	0.0153	0.00367
-0.479	0.00273	0.01526	0.00367
-0.48	0.00274	0.01521	0.00368
-0.481	0.00274	0.01516	0.00369
-0.482	0.00274	0.01511	0.00369
-0.483	0.00275	0.01507	0.0037
-0.484	0.00275	0.01502	0.00371
-0.485	0.00276	0.01498	0.00372
-0.486	0.00276	0.01493	0.00372
-0.487	0.00277	0.01489	0.00373
-0.488	0.00277	0.01484	0.00374
-0.489	0.00277	0.0148	0.00375
-0.49	0.00278	0.01476	0.00375
-0.491	0.00278	0.01471	0.00376
-0.492	0.00279	0.01467	0.00377
-0.493	0.00279	0.01463	0.00378
-0.494	0.0028	0.01459	0.00379
-0.495	0.0028	0.01455	0.00379
-0.496	0.0028	0.01451	0.0038
-0.497	0.00281	0.01447	0.00381
-0.498	0.00281	0.01442	0.00382
-0.499	0.00282	0.01438	0.00383
-0.5	0.00282	0.01434	0.00384
-0.501	0.00283	0.0143	0.00385
-0.502	0.00283	0.01426	0.00386
-0.503	0.00284	0.01423	0.00387
-0.504	0.00284	0.01419	0.00388
-0.505	0.00285	0.01416	0.00389
-0.506	0.00285	0.01412	0.0039
-0.507	0.00286	0.01408	0.00391
-0.508	0.00286	0.01405	0.00392
-0.509	0.00287	0.01401	0.00393
-0.51	0.00287	0.01397	0.00394
-0.511	0.00288	0.01394	0.00395
-0.512	0.00289	0.0139	0.00396
-0.513	0.00289	0.01387	0.00397
-0.514	0.0029	0.01383	0.00398
-0.515	0.0029	0.0138	0.00399
-0.516	0.00291	0.01376	0.004
-0.517	0.00291	0.01373	0.00401
-0.518	0.00292	0.01369	0.00402
-0.519	0.00292	0.01366	0.00404
-0.52	0.00293	0.01362	0.00405
-0.521	0.00294	0.01359	0.00406
-0.522	0.00294	0.01355	0.00407
-0.523	0.00295	0.01352	0.00408
-0.524	0.00295	0.01349	0.00409
-0.525	0.00296	0.01346	0.00411
-0.526	0.00296	0.01342	0.00412
-0.527	0.00297	0.01339	0.00413
-0.528	0.00298	0.01335	0.00414
-0.529	0.00298	0.01332	0.00416
-0.53	0.00299	0.01329	0.00417
-0.531	0.003	0.01326	0.00418
-0.532	0.003	0.01322	0.0042
-0.533	0.00301	0.01319	0.00421
-0.534	0.00301	0.01316	0.00422
-0.535	0.00302	0.01313	0.00424
-0.536	0.00303	0.0131	0.00425
-0.537	0.00303	0.01306	0.00427
-0.538	0.00304	0.01303	0.00428
-0.539	0.00305	0.013	0.00429
-0.54	0.00305	0.01297	0.00431
-0.541	0.00306	0.01294	0.00432
-0.542	0.00306	0.01291	0.00433
-0.543	0.00307	0.01288	0.00435
-0.544	0.00308	0.01285	0.00436
-0.545	0.00308	0.01283	0.00438
-0.546	0.00309	0.0128	0.00439
-0.547	0.00309	0.01277	0.00441
-0.548	0.0031	0.01275	0.00442
-0.549	0.00311	0.01272	0.00444
-0.55	0.00311	0.0127	0.00445
-0.551	0.00312	0.01267	0.00447
-0.552	0.00313	0.01264	0.00448
-0.553	0.00313	0.01261	0.0045
-0.554	0.00314	0.01259	0.00451
-0.555	0.00314	0.01257	0.00453
-0.556	0.00315	0.01254	0.00454
-0.557	0.00316	0.01252	0.00456
-0.558	0.00317	0.01249	0.00458
-0.559	0.00317	0.01247	0.00459
-0.56	0.00318	0.01244	0.00461
-0.561	0.00318	0.01242	0.00463
-0.562	0.00319	0.0124	0.00464
-0.563	0.0032	0.01237	0.00466
-0.564	0.00321	0.01235	0.00468
-0.565	0.00321	0.01233	0.0047
-0.566	0.00322	0.01231	0.00471
-0.567	0.00322	0.01229	0.00473
-0.568	0.00323	0.01226	0.00475
-0.569	0.00324	0.01224	0.00476
-0.57	0.00324	0.01222	0.00478
-0.571	0.00325	0.0122	0.0048
-0.572	0.00326	0.01218	0.00482
-0.573	0.00326	0.01216	0.00484
-0.574	0.00327	0.01214	0.00485
-0.575	0.00327	0.01212	0.00487
-0.576	0.00328	0.0121	0.00489
-0.577	0.00328	0.01209	0.00491
-0.578	0.00329	0.01207	0.00493
-0.579	0.0033	0.01206	0.00495
-0.58	0.00331	0.01204	0.00497
-0.581	0.00331	0.01202	0.00499
-0.582	0.00332	0.012	0.00501
-0.583	0.00332	0.01198	0.00503
-0.584	0.00333	0.01197	0.00505
-0.585	0.00334	0.01195	0.00507
-0.586	0.00334	0.01193	0.00509
-0.587	0.00335	0.01191	0.00511
-0.588	0.00336	0.0119	0.00513
-0.589	0.00336	0.01188	0.00515
-0.59	0.00337	0.01186	0.00517
-0.591	0.00338	0.01185	0.00519
-0.592	0.00339	0.01183	0.00521
-0.593	0.00339	0.01182	0.00523
-0.594	0.0034	0.0118	0.00525
-0.595	0.00341	0.01178	0.00527
-0.596	0.00341	0.01177	0.0053
-0.597	0.00342	0.01175	0.00532
-0.598	0.00343	0.01174	0.00534
-0.599	0.00344	0.01172	0.00537
-0.6	0.00344	0.01171	0.00539
-0.601	0.00345	0.01169	0.00541
-0.602	0.00346	0.01168	0.00544
-0.603	0.00347	0.01166	0.00546
-0.604	0.00348	0.01165	0.00548
-0.605	0.00348	0.01164	0.00551
-0.606	0.00349	0.01162	0.00553
-0.607	0.0035	0.01161	0.00556
-0.608	0.00351	0.01159	0.00558
-0.609	0.00351	0.01158	0.00561
-0.61	0.00352	0.01157	0.00564
-0.611	0.00353	0.01155	0.00566
-0.612	0.00354	0.01154	0.00569
-0.613	0.00355	0.01153	0.00571
-0.614	0.00356	0.01152	0.00574
-0.615	0.00357	0.01151	0.00577
-0.616	0.00357	0.0115	0.0058
-0.617	0.00358	0.01149	0.00583
-0.618	0.00359	0.01148	0.00586
-0.619	0.0036	0.01146	0.00589
-0.62	0.00361	0.01145	0.00592
-0.621	0.00362	0.01144	0.00595
-0.622	0.00363	0.01142	0.00598
-0.623	0.00364	0.01141	0.00601
-0.624	0.00365	0.0114	0.00605
-0.625	0.00366	0.01139	0.00608
-0.626	0.00367	0.01138	0.00612
-0.627	0.00368	0.01137	0.00615
-0.628	0.0037	0.01136	0.00619
-0.629	0.00371	0.01135	0.00622
-0.63	0.00371	0.01134	0.00626
-0.631	0.00373	0.01133	0.0063
-0.632	0.00374	0.01132	0.00633
-0.633	0.00375	0.01131	0.00637
-0.634	0.00376	0.01131	0.00641
-0.635	0.00377	0.0113	0.00645
-0.636	0.00379	0.01129	0.00649
-0.637	0.0038	0.01128	0.00653
-0.638	0.00381	0.01127	0.00657
-0.639	0.00382	0.01127	0.00661
-0.64	0.00384	0.01126	0.00666
-0.641	0.00385	0.01126	0.0067
-0.642	0.00387	0.01125	0.00674
-0.643	0.00388	0.01124	0.00679
-0.644	0.0039	0.01124	0.00683
-0.645	0.00391	0.01123	0.00688
-0.646	0.00393	0.01123	0.00692
-0.647	0.00395	0.01122	0.00697
-0.648	0.00396	0.01122	0.00701
-0.649	0.00398	0.01121	0.00706
-0.65	0.00399	0.01121	0.00711
-0.651	0.00401	0.0112	0.00715
-0.652	0.00403	0.0112	0.0072
-0.653	0.00404	0.0112	0.00725
-0.654	0.00406	0.01119	0.0073
-0.655	0.00408	0.01119	0.00735
-0.656	0.0041	0.01119	0.0074
-0.657	0.00412	0.01119	0.00745
-0.658	0.00414	0.01118	0.0075
-0.659	0.00416	0.01118	0.00755
-0.66	0.00418	0.01118	0.0076
-0.661	0.0042	0.01118	0.00765
-0.662	0.00422	0.01117	0.0077
-0.663	0.00424	0.01117	0.00776
-0.664	0.00426	0.01117	0.00781
-0.665	0.00428	0.01117	0.00786
-0.666	0.00431	0.01117	0.00792
-0.667	0.00433	0.01117	0.00797
-0.668	0.00436	0.01117	0.00803
-0.669	0.00438	0.01117	0.00808
-0.67	0.0044	0.01117	0.00814
-0.671	0.00443	0.01117	0.00819
-0.672	0.00445	0.01117	0.00825
-0.673	0.00448	0.01117	0.00831
-0.674	0.00451	0.01117	0.00837
-0.675	0.00454	0.01117	0.00843
-0.676	0.00456	0.01117	0.00849
-0.677	0.00459	0.01117	0.00855
-0.678	0.00462	0.01117	0.00861
-0.679	0.00465	0.01117	0.00867
-0.68	0.00469	0.01118	0.00873
-0.681	0.00472	0.01118	0.0088
-0.682	0.00475	0.01118	0.00886
-0.683	0.00478	0.01119	0.00892
-0.684	0.00481	0.01119	0.00899
-0.685	0.00485	0.01119	0.00906
-0.686	0.00488	0.0112	0.00912
-0.687	0.00492	0.0112	0.00918
-0.688	0.00495	0.01121	0.00925
-0.689	0.00499	0.01121	0.00932
-0.69	0.00503	0.01121	0.00939
-0.691	0.00507	0.01122	0.00946
-0.692	0.00511	0.01122	0.00953
-0.693	0.00515	0.01123	0.0096
-0.694	0.00519	0.01123	0.00967
-0.695	0.00524	0.01124	0.00975
-0.696	0.00528	0.01125	0.00982
-0.697	0.00533	0.01126	0.00989
-0.698	0.00537	0.01127	0.00997
-0.699	0.00542	0.01128	0.01004
-0.7	0.00547	0.01129	0.01011
-0.701	0.00551	0.01129	0.01019
-0.702	0.00556	0.0113	0.01027
-0.703	0.00562	0.01131	0.01034
-0.704	0.00567	0.01132	0.01042
-0.705	0.00572	0.01134	0.0105
-0.706	0.00577	0.01135	0.01058
-0.707	0.00583	0.01136	0.01065
-0.708	0.00589	0.01138	0.01074
-0.709	0.00594	0.01139	0.01082
-0.71	0.006	0.01141	0.0109
-0.711	0.00606	0.01143	0.01099
-0.712	0.00613	0.01144	0.01107
-0.713	0.00619	0.01146	0.01115
-0.714	0.00626	0.01148	0.01123
-0.715	0.00632	0.0115	0.01132
-0.716	0.00639	0.01153	0.0114
-0.717	0.00646	0.01155	0.01149
-0.718	0.00653	0.01158	0.01158
-0.719	0.0066	0.0116	0.01166
-0.72	0.00668	0.01163	0.01175
-0.721	0.00675	0.01166	0.01184
-0.722	0.00683	0.01169	0.01192
-0.723	0.00692	0.01172	0.01201
-0.724	0.00699	0.01175	0.01209
-0.725	0.00708	0.01179	0.01217
-0.726	0.00717	0.01183	0.01226
-0.727	0.00725	0.01186	0.01235
-0.728	0.00734	0.0119	0.01244
-0.729	0.00743	0.01194	0.01254
-0.73	0.00752	0.01198	0.01262
-0.731	0.00762	0.01203	0.01272
-0.732	0.00772	0.01207	0.01281
-0.733	0.00782	0.01211	0.0129
-0.734	0.00791	0.01215	0.01299
-0.735	0.00802	0.0122	0.01309
-0.736	0.00813	0.01225	0.01318
-0.737	0.00824	0.01231	0.01328
-0.738	0.00835	0.01236	0.01337
-0.739	0.00847	0.01242	0.01347
-0.74	0.00858	0.01248	0.01356
-0.741	0.0087	0.01254	0.01365
-0.742	0.00883	0.01261	0.01375
-0.743	0.00895	0.01268	0.01385
-0.744	0.00908	0.01274	0.01394
-0.745	0.00921	0.01281	0.01404
-0.746	0.00933	0.01288	0.01413
-0.747	0.00947	0.01296	0.01423
-0.748	0.00961	0.01304	0.01432
-0.749	0.00975	0.01312	0.01442
-0.75	0.00989	0.01321	0.01452
-0.751	0.01004	0.01329	0.01462
-0.752	0.01018	0.01339	0.01472
-0.753	0.01033	0.01348	0.01482
-0.754	0.01049	0.01358	0.01492
-0.755	0.01064	0.01368	0.01501
-0.756	0.01081	0.01379	0.01511
-0.757	0.01097	0.0139	0.01521
-0.758	0.01114	0.01401	0.01531
-0.759	0.0113	0.01413	0.01541
-0.76	0.01148	0.01424	0.01551
-0.761	0.01166	0.01437	0.01561
-0.762	0.01184	0.01449	0.01571
-0.763	0.01203	0.01463	0.01581
-0.764	0.0122	0.01477	0.01591
-0.765	0.01239	0.01491	0.01601
-0.766	0.01258	0.01505	0.01612
-0.767	0.01278	0.0152	0.01622
-0.768	0.01299	0.01536	0.01632
-0.769	0.0132	0.01552	0.01642
-0.77	0.01341	0.01569	0.01652
-0.771	0.01362	0.01585	0.01662
-0.772	0.01384	0.01603	0.01672
-0.773	0.01405	0.0162	0.01683
-0.774	0.01427	0.01639	0.01693
-0.775	0.0145	0.01658	0.01703
-0.776	0.01474	0.01677	0.01714
-0.777	0.01497	0.01697	0.01724
-0.778	0.01521	0.01717	0.01734
-0.779	0.01545	0.01738	0.01744
-0.78	0.0157	0.01759	0.01755
-0.781	0.01595	0.01781	0.01765
-0.782	0.01621	0.01802	0.01775
-0.783	0.01647	0.01825	0.01785
-0.784	0.01674	0.01848	0.01796
-0.785	0.017	0.01872	0.01806
-0.786	0.01727	0.01896	0.01816
-0.787	0.01755	0.0192	0.01826
-0.788	0.01783	0.01945	0.01836
-0.789	0.01811	0.01971	0.01847
-0.79	0.01839	0.01997	0.01857
-0.791	0.01868	0.02024	0.01867
-0.792	0.01897	0.02051	0.01877
-0.793	0.01927	0.02079	0.01888
-0.794	0.01957	0.02107	0.01898
-0.795	0.01988	0.02135	0.01908
-0.796	0.0202	0.02164	0.01919
-0.797	0.02051	0.02194	0.01929
-0.798	0.02084	0.02223	0.01939
-0.799	0.02118	0.02254	0.0195
-0.8	0.02131	0.0226	0.01948
-0.799	0.02103	0.02229	0.01935
-0.798	0.02074	0.02199	0.01924
-0.797	0.02043	0.0217	0.01914
-0.796	0.02012	0.0214	0.01903
-0.795	0.01981	0.02112	0.01893
-0.794	0.01951	0.02083	0.01883
-0.793	0.01922	0.02054	0.01874
-0.792	0.01893	0.02026	0.01865
-0.791	0.01865	0.01998	0.01856
-0.79	0.01836	0.01971	0.01847
-0.789	0.01808	0.01944	0.01839
-0.788	0.0178	0.01918	0.01831
-0.787	0.01752	0.01892	0.01823
-0.786	0.01725	0.01866	0.01815
-0.785	0.01698	0.01841	0.01808
-0.784	0.01672	0.01816	0.01801
-0.783	0.01646	0.01792	0.01794
-0.782	0.0162	0.01768	0.01787
-0.781	0.01593	0.01744	0.0178
-0.78	0.01569	0.01721	0.01774
-0.779	0.01545	0.01699	0.01767
-0.778	0.01521	0.01676	0.01761
-0.777	0.01497	0.01654	0.01755
-0.776	0.01474	0.01632	0.01749
-0.775	0.01451	0.01611	0.01744
-0.774	0.01428	0.0159	0.01738
-0.773	0.01406	0.0157	0.01733
-0.772	0.01384	0.0155	0.01727
-0.771	0.01362	0.0153	0.01722
-0.77	0.0134	0.01511	0.01716
-0.769	0.0132	0.01492	0.01711
-0.768	0.01299	0.01473	0.01706
-0.767	0.01279	0.01455	0.01701
-0.766	0.01259	0.01437	0.01696
-0.765	0.0124	0.0142	0.01691
-0.764	0.0122	0.01403	0.01686
-0.763	0.01203	0.01386	0.01682
-0.762	0.01185	0.0137	0.01677
-0.761	0.01167	0.01354	0.01672
-0.76	0.01148	0.01338	0.01668
-0.759	0.0113	0.01323	0.01664
-0.758	0.01113	0.01308	0.01659
-0.757	0.01096	0.01293	0.01654
-0.756	0.01079	0.01279	0.0165
-0.755	0.01063	0.01265	0.01645
-0.754	0.01046	0.01251	0.01641
-0.753	0.01031	0.01237	0.01636
-0.752	0.01015	0.01224	0.01632
-0.751	0.01	0.01211	0.01628
-0.75	0.00985	0.012	0.01624
-0.749	0.0097	0.01188	0.01619
-0.748	0.00956	0.01175	0.01615
-0.747	0.00942	0.01163	0.01611
-0.746	0.00929	0.01152	0.01606
-0.745	0.00916	0.0114	0.01602
-0.744	0.00903	0.01129	0.01597
-0.743	0.0089	0.01118	0.01593
-0.742	0.00876	0.01107	0.01589
-0.741	0.00864	0.01097	0.01584
-0.74	0.00852	0.01087	0.0158
-0.739	0.0084	0.01077	0.01576
-0.738	0.00828	0.01067	0.01572
-0.737	0.00816	0.01057	0.01567
-0.736	0.00804	0.01048	0.01563
-0.735	0.00793	0.01039	0.01559
-0.734	0.00782	0.0103	0.01554
-0.733	0.00771	0.01021	0.0155
-0.732	0.00762	0.01013	0.01546
-0.731	0.00753	0.01004	0.01542
-0.73	0.00743	0.00996	0.01537
-0.729	0.00733	0.00988	0.01533
-0.728	0.00722	0.0098	0.01529
-0.727	0.00713	0.00972	0.01524
-0.726	0.00703	0.00964	0.0152
-0.725	0.00694	0.00957	0.01516
-0.724	0.00685	0.00949	0.01511
-0.723	0.00676	0.00942	0.01507
-0.722	0.00668	0.00935	0.01503
-0.721	0.00659	0.00928	0.01498
-0.72	0.00651	0.00921	0.01494
-0.719	0.00643	0.00914	0.0149
-0.718	0.00636	0.00908	0.01485
-0.717	0.00628	0.00901	0.0148
-0.716	0.00621	0.00895	0.01476
-0.715	0.00613	0.00888	0.01471
-0.714	0.00606	0.00882	0.01467
-0.713	0.00599	0.00876	0.01462
-0.712	0.00592	0.00871	0.01458
-0.711	0.00586	0.00865	0.01453
-0.71	0.00579	0.00859	0.01448
-0.709	0.00573	0.00854	0.01444
-0.708	0.00567	0.00848	0.01439
-0.707	0.00561	0.00842	0.01435
-0.706	0.00556	0.00837	0.0143
-0.705	0.0055	0.00832	0.01426
-0.704	0.00544	0.00827	0.01421
-0.703	0.00539	0.00822	0.01417
-0.702	0.00533	0.00817	0.01412
-0.701	0.00527	0.00812	0.01408
-0.7	0.00523	0.00808	0.01403
-0.699	0.00518	0.00803	0.01399
-0.698	0.00513	0.00798	0.01394
-0.697	0.00508	0.00794	0.01389
-0.696	0.00503	0.00789	0.01385
-0.695	0.00498	0.00785	0.0138
-0.694	0.00494	0.00781	0.01375
-0.693	0.00489	0.00777	0.01371
-0.692	0.00484	0.00773	0.01366
-0.691	0.00479	0.00769	0.01361
-0.69	0.00475	0.00765	0.01356
-0.689	0.00471	0.00761	0.01351
-0.688	0.00467	0.00757	0.01347
-0.687	0.00462	0.00753	0.01342
-0.686	0.00458	0.00749	0.01337
-0.685	0.00454	0.00746	0.01332
-0.684	0.0045	0.00742	0.01327
-0.683	0.00447	0.00739	0.01322
-0.682	0.00443	0.00735	0.01317
-0.681	0.00439	0.00731	0.01312
-0.68	0.00436	0.00728	0.01307
-0.679	0.00432	0.00724	0.01302
-0.678	0.00429	0.00721	0.01297
-0.677	0.00426	0.00718	0.01292
-0.676	0.00423	0.00714	0.01287
-0.675	0.0042	0.00711	0.01282
-0.674	0.00416	0.00708	0.01277
-0.673	0.00413	0.00704	0.01273
-0.672	0.0041	0.00701	0.01267
-0.671	0.00407	0.00698	0.01262
-0.67	0.00403	0.00695	0.01257
-0.669	0.00401	0.00692	0.01252
-0.668	0.00398	0.00689	0.01247
-0.667	0.00395	0.00686	0.01242
-0.666	0.00392	0.00683	0.01236
-0.665	0.00389	0.0068	0.01231
-0.664	0.00386	0.00677	0.01226
-0.663	0.00383	0.00675	0.01221
-0.662	0.00381	0.00672	0.01216
-0.661	0.00378	0.00669	0.01211
-0.66	0.00376	0.00666	0.01207
-0.659	0.00373	0.00664	0.01202
-0.658	0.0037	0.00661	0.01197
-0.657	0.00368	0.00658	0.01192
-0.656	0.00365	0.00656	0.01187
-0.655	0.00363	0.00653	0.01182
-0.654	0.0036	0.0065	0.01176
-0.653	0.00358	0.00648	0.01171
-0.652	0.00356	0.00645	0.01166
-0.651	0.00354	0.00643	0.01161
-0.65	0.00351	0.0064	0.01155
-0.649	0.00349	0.00638	0.0115
-0.648	0.00347	0.00636	0.01144
-0.647	0.00345	0.00634	0.01139
-0.646	0.00343	0.00631	0.01134
-0.645	0.00341	0.00629	0.01129
-0.644	0.00339	0.00627	0.01124
-0.643	0.00336	0.00625	0.01118
-0.642	0.00334	0.00623	0.01113
-0.641	0.00332	0.0062	0.01108
-0.64	0.00331	0.00618	0.01102
-0.639	0.00329	0.00616	0.01097
-0.638	0.00327	0.00614	0.01091
-0.637	0.00325	0.00612	0.01086
-0.636	0.00323	0.0061	0.01081
-0.635	0.00322	0.00607	0.01076
-0.634	0.0032	0.00606	0.0107
-0.633	0.00318	0.00603	0.01064
-0.632	0.00316	0.00601	0.01059
-0.631	0.00314	0.00599	0.01054
-0.63	0.00313	0.00597	0.01048
-0.629	0.00311	0.00596	0.01043
-0.628	0.0031	0.00594	0.01038
-0.627	0.00308	0.00592	0.01032
-0.626	0.00306	0.0059	0.01027
-0.625	0.00304	0.00588	0.01022
-0.624	0.00303	0.00586	0.01016
-0.623	0.00301	0.00584	0.01011
-0.622	0.003	0.00582	0.01006
-0.621	0.00298	0.0058	0.01
-0.62	0.00296	0.00578	0.00995
-0.619	0.00295	0.00577	0.00989
-0.618	0.00293	0.00575	0.00984
-0.617	0.00292	0.00573	0.00978
-0.616	0.0029	0.00571	0.00973
-0.615	0.00289	0.0057	0.00967
-0.614	0.00287	0.00568	0.00961
-0.613	0.00286	0.00566	0.00956
-0.612	0.00285	0.00564	0.0095
-0.611	0.00283	0.00563	0.00945
-0.61	0.00282	0.00561	0.00939
-0.609	0.0028	0.00559	0.00933
-0.608	0.00279	0.00558	0.00928
-0.607	0.00278	0.00556	0.00922
-0.606	0.00276	0.00554	0.00916
-0.605	0.00275	0.00553	0.00911
-0.604	0.00274	0.00551	0.00905
-0.603	0.00272	0.0055	0.009
-0.602	0.00271	0.00548	0.00894
-0.601	0.0027	0.00546	0.00889
-0.6	0.00269	0.00545	0.00883
-0.599	0.00267	0.00543	0.00877
-0.598	0.00266	0.00541	0.00872
-0.597	0.00265	0.0054	0.00866
-0.596	0.00264	0.00538	0.00861
-0.595	0.00263	0.00536	0.00855
-0.594	0.00262	0.00535	0.00849
-0.593	0.00261	0.00533	0.00843
-0.592	0.0026	0.00532	0.00838
-0.591	0.00258	0.0053	0.00832
-0.59	0.00257	0.00529	0.00827
-0.589	0.00256	0.00527	0.00821
-0.588	0.00255	0.00526	0.00815
-0.587	0.00254	0.00524	0.0081
-0.586	0.00253	0.00523	0.00804
-0.585	0.00252	0.00521	0.00799
-0.584	0.00251	0.0052	0.00793
-0.583	0.0025	0.00518	0.00787
-0.582	0.00249	0.00517	0.00782
-0.581	0.00248	0.00515	0.00776
-0.58	0.00247	0.00514	0.0077
-0.579	0.00246	0.00513	0.00765
-0.578	0.00245	0.00511	0.00759
-0.577	0.00244	0.0051	0.00753
-0.576	0.00243	0.00508	0.00748
-0.575	0.00242	0.00507	0.00742
-0.574	0.00241	0.00505	0.00736
-0.573	0.0024	0.00504	0.00731
-0.572	0.00239	0.00502	0.00725
-0.571	0.00238	0.00501	0.00719
-0.57	0.00237	0.005	0.00713
-0.569	0.00237	0.00499	0.00708
-0.568	0.00236	0.00497	0.00702
-0.567	0.00235	0.00496	0.00696
-0.566	0.00234	0.00495	0.00691
-0.565	0.00234	0.00493	0.00685
-0.564	0.00233	0.00492	0.00679
-0.563	0.00232	0.0049	0.00673
-0.562	0.00231	0.00489	0.00667
-0.561	0.0023	0.00488	0.00662
-0.56	0.0023	0.00486	0.00656
-0.559	0.00229	0.00485	0.0065
-0.558	0.00228	0.00484	0.00644
-0.557	0.00227	0.00482	0.00638
-0.556	0.00226	0.00481	0.00632
-0.555	0.00226	0.0048	0.00626
-0.554	0.00225	0.00479	0.00621
-0.553	0.00224	0.00477	0.00614
-0.552	0.00223	0.00476	0.00608
-0.551	0.00222	0.00475	0.00602
-0.55	0.00221	0.00473	0.00596
-0.549	0.00221	0.00472	0.0059
-0.548	0.0022	0.00471	0.00584
-0.547	0.00219	0.0047	0.00578
-0.546	0.00218	0.00468	0.00572
-0.545	0.00218	0.00467	0.00566
-0.544	0.00217	0.00466	0.0056
-0.543	0.00216	0.00465	0.00554
-0.542	0.00216	0.00463	0.00548
-0.541	0.00215	0.00462	0.00542
-0.54	0.00214	0.00461	0.00535
-0.539	0.00213	0.0046	0.00529
-0.538	0.00212	0.00459	0.00523
-0.537	0.00212	0.00457	0.00517
-0.536	0.00211	0.00456	0.00511
-0.535	0.0021	0.00455	0.00505
-0.534	0.0021	0.00454	0.00499
-0.533	0.00209	0.00453	0.00493
-0.532	0.00208	0.00451	0.00487
-0.531	0.00208	0.0045	0.00481
-0.53	0.00207	0.00449	0.00475
-0.529	0.00206	0.00448	0.00469
-0.528	0.00206	0.00447	0.00463
-0.527	0.00205	0.00446	0.00457
-0.526	0.00204	0.00445	0.00451
-0.525	0.00204	0.00443	0.00445
-0.524	0.00203	0.00442	0.00439
-0.523	0.00203	0.00441	0.00434
-0.522	0.00202	0.0044	0.00428
-0.521	0.00201	0.00439	0.00422
-0.52	0.00201	0.00438	0.00417
-0.519	0.002	0.00437	0.00411
-0.518	0.00199	0.00436	0.00405
-0.517	0.00199	0.00435	0.004
-0.516	0.00198	0.00434	0.00395
-0.515	0.00198	0.00433	0.0039
-0.514	0.00197	0.00431	0.00384
-0.513	0.00196	0.00431	0.00379
-0.512	0.00196	0.00429	0.00374
-0.511	0.00195	0.00428	0.00369
-0.51	0.00195	0.00427	0.00364
-0.509	0.00194	0.00426	0.0036
-0.508	0.00193	0.00425	0.00355
-0.507	0.00193	0.00424	0.0035
-0.506	0.00192	0.00422	0.00346
-0.505	0.00191	0.00421	0.00341
-0.504	0.00191	0.0042	0.00337
-0.503	0.0019	0.00419	0.00332
-0.502	0.0019	0.00418	0.00328
-0.501	0.00189	0.00417	0.00324
-0.5	0.00188	0.00416	0.00319
-0.499	0.00188	0.00415	0.00316
-0.498	0.00187	0.00414	0.00311
-0.497	0.00187	0.00413	0.00308
-0.496	0.00186	0.00412	0.00304
-0.495	0.00185	0.0041	0.003
-0.494	0.00185	0.0041	0.00296
-0.493	0.00184	0.00408	0.00292
-0.492	0.00184	0.00407	0.00288
-0.491	0.00183	0.00406	0.00285
-0.49	0.00183	0.00405	0.00281
-0.489	0.00182	0.00404	0.00278
-0.488	0.00182	0.00403	0.00274
-0.487	0.00181	0.00402	0.00271
-0.486	0.00181	0.00401	0.00267
-0.485	0.0018	0.004	0.00264
-0.484	0.0018	0.00399	0.0026
-0.483	0.00179	0.00398	0.00257
-0.482	0.00179	0.00397	0.00254
-0.481	0.00178	0.00396	0.00251
-0.48	0.00177	0.00395	0.00247
-0.479	0.00177	0.00394	0.00244
-0.478	0.00176	0.00393	0.00241
-0.477	0.00176	0.00392	0.00238
-0.476	0.00175	0.00391	0.00234
-0.475	0.00175	0.0039	0.00231
-0.474	0.00174	0.00389	0.00228
-0.473	0.00174	0.00388	0.00225
-0.472	0.00173	0.00387	0.00222
-0.471	0.00173	0.00386	0.00219
-0.47	0.00172	0.00385	0.00216
-0.469	0.00171	0.00384	0.00213
-0.468	0.00171	0.00382	0.00209
-0.467	0.00171	0.00381	0.00206
-0.466	0.0017	0.0038	0.00203
-0.465	0.00169	0.00379	0.002
-0.464	0.00169	0.00378	0.00196
-0.463	0.00168	0.00377	0.00193
-0.462	0.00168	0.00376	0.0019
-0.461	0.00167	0.00376	0.00186
-0.46	0.00167	0.00375	0.00183
-0.459	0.00166	0.00374	0.0018
-0.458	0.00166	0.00373	0.00176
-0.457	0.00165	0.00372	0.00173
-0.456	0.00165	0.00371	0.0017
-0.455	0.00164	0.0037	0.00166
-0.454	0.00164	0.00369	0.00163
-0.453	0.00164	0.00368	0.00159
-0.452	0.00163	0.00367	0.00156
-0.451	0.00163	0.00366	0.00152
-0.45	0.00162	0.00365	0.00148
-0.449	0.00162	0.00364	0.00144
-0.448	0.00161	0.00363	0.00141
-0.447	0.00161	0.00363	0.00137
-0.446	0.0016	0.00362	0.00133
-0.445	0.0016	0.00361	0.0013
-0.444	0.00159	0.0036	0.00126
-0.443	0.00159	0.00359	0.00122
-0.442	0.00159	0.00358	0.00118
-0.441	0.00158	0.00357	0.00113
-0.44	0.00158	0.00356	0.00109
-0.439	0.00157	0.00355	0.00105
-0.438	0.00157	0.00354	0.00101
-0.437	0.00156	0.00354	9.673E-4
-0.436	0.00156	0.00353	9.251E-4
-0.435	0.00156	0.00352	8.814E-4
-0.434	0.00155	0.00351	8.368E-4
-0.433	0.00155	0.0035	7.917E-4
-0.432	0.00154	0.00349	7.465E-4
-0.431	0.00154	0.00348	7.004E-4
-0.43	0.00153	0.00347	6.527E-4
-0.429	0.00153	0.00347	6.055E-4
-0.428	0.00152	0.00346	5.58E-4
-0.427	0.00152	0.00345	5.117E-4
-0.426	0.00152	0.00344	4.636E-4
-0.425	0.00151	0.00343	4.144E-4
-0.424	0.00151	0.00342	3.635E-4
-0.423	0.0015	0.00341	3.131E-4
-0.422	0.0015	0.0034	2.614E-4
-0.421	0.00149	0.00339	2.137E-4
-0.42	0.00149	0.00338	1.607E-4
-0.419	0.00148	0.00337	1.126E-4
-0.418	0.00148	0.00336	6.176E-5
-0.417	0.00147	0.00336	9.327E-6
-0.416	0.00147	0.00335	-4.487E-5
-0.415	0.00146	0.00334	-9.72E-5
-0.414	0.00146	0.00333	-1.51E-4
-0.413	0.00145	0.00332	-2.054E-4
-0.412	0.00145	0.00331	-2.606E-4
-0.411	0.00144	0.0033	-3.138E-4
-0.41	0.00144	0.00329	-3.722E-4
-0.409	0.00143	0.00328	-4.298E-4
-0.408	0.00143	0.00327	-4.867E-4
-0.407	0.00143	0.00327	-5.424E-4
-0.406	0.00142	0.00326	-5.988E-4
-0.405	0.00142	0.00325	-6.561E-4
-0.404	0.00141	0.00324	-7.137E-4
-0.403	0.00141	0.00323	-7.713E-4
-0.402	0.00141	0.00322	-8.296E-4
-0.401	0.0014	0.00321	-8.874E-4
-0.4	0.0014	0.0032	-9.449E-4
-0.399	0.00139	0.0032	-0.001
-0.398	0.00139	0.00319	-0.00106
-0.397	0.00138	0.00318	-0.00112
-0.396	0.00138	0.00317	-0.00118
-0.395	0.00137	0.00316	-0.00124
-0.394	0.00137	0.00315	-0.0013
-0.393	0.00137	0.00314	-0.00136
-0.392	0.00136	0.00313	-0.00142
-0.391	0.00136	0.00312	-0.00148
-0.39	0.00136	0.00311	-0.00154
-0.389	0.00135	0.0031	-0.00159
-0.388	0.00135	0.0031	-0.00165
-0.387	0.00134	0.00309	-0.00171
-0.386	0.00134	0.00308	-0.00177
-0.385	0.00133	0.00307	-0.00182
-0.384	0.00133	0.00306	-0.00188
-0.383	0.00133	0.00305	-0.00194
-0.382	0.00132	0.00304	-0.00199
-0.381	0.00132	0.00303	-0.00205
-0.38	0.00131	0.00302	-0.0021
-0.379	0.00131	0.00302	-0.00215
-0.378	0.00131	0.00301	-0.0022
-0.377	0.0013	0.003	-0.00226
-0.376	0.0013	0.00299	-0.00231
-0.375	0.00129	0.00298	-0.00235
-0.374	0.00129	0.00297	-0.0024
-0.373	0.00129	0.00296	-0.00244
-0.372	0.00128	0.00295	-0.00249
-0.371	0.00128	0.00294	-0.00253
-0.37	0.00128	0.00293	-0.00257
-0.369	0.00127	0.00292	-0.00261
-0.368	0.00127	0.00291	-0.00265
-0.367	0.00126	0.00291	-0.00268
-0.366	0.00126	0.0029	-0.00272
-0.365	0.00126	0.00289	-0.00275
-0.364	0.00125	0.00288	-0.00279
-0.363	0.00125	0.00287	-0.00282
-0.362	0.00124	0.00286	-0.00285
-0.361	0.00124	0.00285	-0.00287
-0.36	0.00124	0.00284	-0.0029
-0.359	0.00123	0.00283	-0.00292
-0.358	0.00123	0.00283	-0.00295
-0.357	0.00122	0.00282	-0.00297
-0.356	0.00122	0.00281	-0.00299
-0.355	0.00122	0.0028	-0.00301
-0.354	0.00121	0.00279	-0.00303
-0.353	0.00121	0.00278	-0.00305
-0.352	0.00121	0.00277	-0.00307
-0.351	0.0012	0.00276	-0.00309
-0.35	0.0012	0.00275	-0.0031
-0.349	0.00119	0.00274	-0.00312
-0.348	0.00119	0.00273	-0.00313
-0.347	0.00119	0.00273	-0.00314
-0.346	0.00118	0.00272	-0.00315
-0.345	0.00118	0.00271	-0.00316
-0.344	0.00118	0.0027	-0.00317
-0.343	0.00117	0.00269	-0.00318
-0.342	0.00117	0.00268	-0.00319
-0.341	0.00116	0.00267	-0.00319
-0.34	0.00116	0.00266	-0.0032
-0.339	0.00116	0.00265	-0.0032
-0.338	0.00115	0.00264	-0.0032
-0.337	0.00115	0.00264	-0.00321
-0.336	0.00115	0.00263	-0.0032
-0.335	0.00114	0.00262	-0.0032
-0.334	0.00114	0.00261	-0.0032
-0.333	0.00113	0.0026	-0.00319
-0.332	0.00113	0.00259	-0.00319
-0.331	0.00113	0.00259	-0.00318
-0.33	0.00112	0.00258	-0.00317
-0.329	0.00112	0.00257	-0.00316
-0.328	0.00112	0.00256	-0.00314
-0.327	0.00111	0.00255	-0.00313
-0.326	0.00111	0.00254	-0.00311
-0.325	0.00111	0.00253	-0.00309
-0.324	0.0011	0.00252	-0.00307
-0.323	0.0011	0.00252	-0.00304
-0.322	0.00109	0.00251	-0.00302
-0.321	0.00109	0.0025	-0.00299
-0.32	0.00109	0.00249	-0.00295
-0.319	0.00108	0.00249	-0.00292
-0.318	0.00108	0.00248	-0.00289
-0.317	0.00108	0.00247	-0.00285
-0.316	0.00107	0.00246	-0.00282
-0.315	0.00107	0.00246	-0.00277
-0.314	0.00107	0.00245	-0.00273
-0.313	0.00106	0.00244	-0.00269
-0.312	0.00106	0.00243	-0.00264
-0.311	0.00105	0.00243	-0.0026
-0.31	0.00105	0.00242	-0.00255
-0.309	0.00105	0.00241	-0.00251
-0.308	0.00104	0.0024	-0.00246
-0.307	0.00104	0.00239	-0.00242
-0.306	0.00104	0.00239	-0.00237
-0.305	0.00103	0.00238	-0.00233
-0.304	0.00103	0.00237	-0.00228
-0.303	0.00103	0.00237	-0.00224
-0.302	0.00102	0.00236	-0.00219
-0.301	0.00102	0.00235	-0.00215
-0.3	0.00102	0.00234	-0.00211
-0.299	0.00101	0.00234	-0.00207
-0.298	0.00101	0.00233	-0.00204
-0.297	0.00101	0.00232	-0.002
-0.296	9.998E-4	0.00232	-0.00196
-0.295	9.967E-4	0.00231	-0.00193
-0.294	9.938E-4	0.0023	-0.0019
-0.293	9.892E-4	0.0023	-0.00186
-0.292	9.859E-4	0.00229	-0.00183
-0.291	9.821E-4	0.00228	-0.0018
-0.29	9.782E-4	0.00227	-0.00178
-0.289	9.747E-4	0.00227	-0.00175
-0.288	9.702E-4	0.00226	-0.00173
-0.287	9.675E-4	0.00225	-0.0017
-0.286	9.644E-4	0.00224	-0.00168
-0.285	9.616E-4	0.00224	-0.00166
-0.284	9.579E-4	0.00223	-0.00164
-0.283	9.543E-4	0.00222	-0.00162
-0.282	9.51E-4	0.00221	-0.0016
-0.281	9.46E-4	0.0022	-0.00158
-0.28	9.436E-4	0.0022	-0.00157
-0.279	9.404E-4	0.00219	-0.00155
-0.278	9.369E-4	0.00218	-0.00154
-0.277	9.337E-4	0.00217	-0.00153
-0.276	9.313E-4	0.00216	-0.00151
-0.275	9.274E-4	0.00215	-0.0015
-0.274	9.243E-4	0.00214	-0.00149
-0.273	9.207E-4	0.00214	-0.00148
-0.272	9.183E-4	0.00213	-0.00148
-0.271	9.151E-4	0.00212	-0.00147
-0.27	9.119E-4	0.00211	-0.00146
-0.269	9.082E-4	0.0021	-0.00146
-0.268	9.053E-4	0.00209	-0.00145
-0.267	9.017E-4	0.00208	-0.00145
-0.266	8.987E-4	0.00207	-0.00145
-0.265	8.959E-4	0.00206	-0.00144
-0.264	8.925E-4	0.00205	-0.00144
-0.263	8.895E-4	0.00204	-0.00144
-0.262	8.86E-4	0.00203	-0.00144
-0.261	8.832E-4	0.00202	-0.00144
-0.26	8.815E-4	0.00201	-0.00145
-0.259	8.755E-4	0.002	-0.00145
-0.258	8.738E-4	0.00199	-0.00145
-0.257	8.696E-4	0.00197	-0.00146
-0.256	8.664E-4	0.00196	-0.00146
-0.255	8.631E-4	0.00195	-0.00147
-0.254	8.579E-4	0.00194	-0.00148
-0.253	8.561E-4	0.00192	-0.00148
-0.252	8.53E-4	0.00191	-0.00149
-0.251	8.501E-4	0.0019	-0.0015
-0.25	8.467E-4	0.00188	-0.00151
-0.249	8.443E-4	0.00187	-0.00152
-0.248	8.407E-4	0.00186	-0.00154
-0.247	8.372E-4	0.00184	-0.00155
-0.246	8.333E-4	0.00183	-0.00156
-0.245	8.296E-4	0.00181	-0.00157
-0.244	8.266E-4	0.0018	-0.00159
-0.243	8.228E-4	0.00178	-0.00161
-0.242	8.19E-4	0.00177	-0.00162
-0.241	8.173E-4	0.00175	-0.00164
-0.24	8.145E-4	0.00173	-0.00166
-0.239	8.111E-4	0.00172	-0.00168
-0.238	8.07E-4	0.0017	-0.0017
-0.237	8.038E-4	0.00168	-0.00173
-0.236	8.006E-4	0.00166	-0.00175
-0.235	7.977E-4	0.00164	-0.00177
-0.234	7.938E-4	0.00163	-0.0018
-0.233	7.915E-4	0.00161	-0.00183
-0.232	7.879E-4	0.00159	-0.00185
-0.231	7.844E-4	0.00157	-0.00188
-0.23	7.81E-4	0.00155	-0.00191
-0.229	7.775E-4	0.00152	-0.00194
-0.228	7.745E-4	0.0015	-0.00198
-0.227	7.708E-4	0.00148	-0.00201
-0.226	7.673E-4	0.00146	-0.00205
-0.225	7.641E-4	0.00143	-0.00208
-0.224	7.611E-4	0.00141	-0.00212
-0.223	7.576E-4	0.00139	-0.00216
-0.222	7.546E-4	0.00136	-0.0022
-0.221	7.516E-4	0.00134	-0.00224
-0.22	7.488E-4	0.00131	-0.00228
-0.219	7.445E-4	0.00129	-0.00233
-0.218	7.419E-4	0.00126	-0.00238
-0.217	7.389E-4	0.00123	-0.00242
-0.216	7.348E-4	0.0012	-0.00247
-0.215	7.321E-4	0.00117	-0.00252
-0.214	7.286E-4	0.00114	-0.00257
-0.213	7.254E-4	0.00111	-0.00263
-0.212	7.229E-4	0.00108	-0.00268
-0.211	7.185E-4	0.00105	-0.00274
-0.21	7.164E-4	0.00102	-0.0028
-0.209	7.12E-4	9.854E-4	-0.00286
-0.208	7.089E-4	9.525E-4	-0.00292
-0.207	7.062E-4	9.188E-4	-0.00298
-0.206	7.022E-4	8.835E-4	-0.00305
-0.205	6.983E-4	8.483E-4	-0.00312
-0.204	6.953E-4	8.094E-4	-0.00319
-0.203	6.924E-4	7.731E-4	-0.00326
-0.202	6.879E-4	7.357E-4	-0.00334
-0.201	6.847E-4	6.958E-4	-0.00341
-0.2	6.806E-4	6.557E-4	-0.00349
-0.199	6.792E-4	6.129E-4	-0.00357
-0.198	6.744E-4	5.706E-4	-0.00365
-0.197	6.714E-4	5.303E-4	-0.00373
-0.196	6.678E-4	4.867E-4	-0.00382
-0.195	6.645E-4	4.443E-4	-0.0039
-0.194	6.622E-4	3.96E-4	-0.004
-0.193	6.582E-4	3.477E-4	-0.00409
-0.192	6.552E-4	2.99E-4	-0.00419
-0.191	6.512E-4	2.515E-4	-0.00428
-0.19	6.479E-4	2.023E-4	-0.00438
-0.189	6.443E-4	1.527E-4	-0.00448
-0.188	6.416E-4	1.003E-4	-0.00459
-0.187	6.382E-4	4.939E-5	-0.00469
-0.186	6.356E-4	-8.247E-6	-0.0048
-0.185	6.313E-4	-6.617E-5	-0.00491
-0.184	6.275E-4	-1.224E-4	-0.00503
-0.183	6.248E-4	-1.823E-4	-0.00514
-0.182	6.211E-4	-2.415E-4	-0.00526
-0.181	6.181E-4	-3.047E-4	-0.00538
-0.18	6.142E-4	-3.694E-4	-0.0055
-0.179	6.102E-4	-4.335E-4	-0.00562
-0.178	6.075E-4	-5.04E-4	-0.00574
-0.177	6.032E-4	-5.741E-4	-0.00587
-0.176	6.001E-4	-6.439E-4	-0.006
-0.175	5.968E-4	-7.192E-4	-0.00613
-0.174	5.929E-4	-7.953E-4	-0.00626
-0.173	5.907E-4	-8.713E-4	-0.00639
-0.172	5.862E-4	-9.54E-4	-0.00653
-0.171	5.828E-4	-0.00103	-0.00666
-0.17	5.795E-4	-0.00112	-0.0068
-0.169	5.774E-4	-0.0012	-0.00694
-0.168	5.738E-4	-0.00129	-0.00708
-0.167	5.694E-4	-0.00139	-0.00722
-0.166	5.644E-4	-0.00148	-0.00737
-0.165	5.622E-4	-0.00157	-0.00751
-0.164	5.573E-4	-0.00167	-0.00766
-0.163	5.549E-4	-0.00177	-0.0078
-0.162	5.52E-4	-0.00187	-0.00794
-0.161	5.47E-4	-0.00198	-0.00809
-0.16	5.432E-4	-0.00209	-0.00823
-0.159	5.397E-4	-0.0022	-0.00838
-0.158	5.365E-4	-0.00231	-0.00853
-0.157	5.331E-4	-0.00243	-0.00867
-0.156	5.307E-4	-0.00255	-0.00882
-0.155	5.249E-4	-0.00267	-0.00896
-0.154	5.211E-4	-0.0028	-0.00911
-0.153	5.167E-4	-0.00293	-0.00926
-0.152	5.139E-4	-0.00306	-0.0094
-0.151	5.096E-4	-0.0032	-0.00954
-0.15	5.057E-4	-0.00333	-0.00969
-0.149	5.025E-4	-0.00347	-0.00983
-0.148	4.976E-4	-0.00362	-0.00997
-0.147	4.935E-4	-0.00376	-0.01011
-0.146	4.915E-4	-0.00391	-0.01025
-0.145	4.857E-4	-0.00407	-0.0104
-0.144	4.832E-4	-0.00422	-0.01054
-0.143	4.787E-4	-0.00439	-0.01068
-0.142	4.76E-4	-0.00455	-0.01082
-0.141	4.727E-4	-0.00472	-0.01095
-0.14	4.688E-4	-0.00489	-0.01109
-0.139	4.646E-4	-0.00506	-0.01123
-0.138	4.609E-4	-0.00524	-0.01136
-0.137	4.571E-4	-0.00542	-0.01149
-0.136	4.528E-4	-0.00561	-0.01163
-0.135	4.483E-4	-0.0058	-0.01176
-0.134	4.436E-4	-0.006	-0.01189
-0.133	4.396E-4	-0.00619	-0.01202
-0.132	4.349E-4	-0.0064	-0.01215
-0.131	4.308E-4	-0.0066	-0.01227
-0.13	4.261E-4	-0.00682	-0.0124
-0.129	4.207E-4	-0.00703	-0.01252
-0.128	4.151E-4	-0.00725	-0.01264
-0.127	4.121E-4	-0.00748	-0.01276
-0.126	4.064E-4	-0.00771	-0.01288
-0.125	4.022E-4	-0.00794	-0.013
-0.124	3.978E-4	-0.00818	-0.01311
-0.123	3.914E-4	-0.00842	-0.01322
-0.122	3.872E-4	-0.00868	-0.01334
-0.121	3.808E-4	-0.00893	-0.01345
-0.12	3.774E-4	-0.00918	-0.01355
-0.119	3.735E-4	-0.00944	-0.01365
-0.118	3.678E-4	-0.0097	-0.01376
-0.117	3.628E-4	-0.00997	-0.01386
-0.116	3.589E-4	-0.01025	-0.01396
-0.115	3.521E-4	-0.01053	-0.01406
-0.114	3.475E-4	-0.01081	-0.01415
-0.113	3.417E-4	-0.0111	-0.01424
-0.112	3.386E-4	-0.01139	-0.01433
-0.111	3.328E-4	-0.01169	-0.01442
-0.11	3.284E-4	-0.01199	-0.0145
-0.109	3.236E-4	-0.0123	-0.01458
-0.108	3.182E-4	-0.01262	-0.01467
-0.107	3.137E-4	-0.01293	-0.01474
-0.106	3.09E-4	-0.01325	-0.01482
-0.105	3.046E-4	-0.01357	-0.01489
-0.104	2.999E-4	-0.01389	-0.01496
-0.103	2.945E-4	-0.01423	-0.01502
-0.102	2.9E-4	-0.01457	-0.01509
-0.101	2.858E-4	-0.01492	-0.01515
-0.1	2.813E-4	-0.01527	-0.01521
-0.099	2.773E-4	-0.01561	-0.01526
-0.098	2.719E-4	-0.01597	-0.01531
-0.097	2.683E-4	-0.01633	-0.01536
-0.096	2.631E-4	-0.0167	-0.01541
-0.095	2.6E-4	-0.01707	-0.01546
-0.094	2.538E-4	-0.01743	-0.0155
-0.093	2.508E-4	-0.0178	-0.01554
-0.092	2.458E-4	-0.01819	-0.01557
-0.091	2.412E-4	-0.01857	-0.01561
-0.09	2.372E-4	-0.01896	-0.01564
-0.089	2.322E-4	-0.01934	-0.01567
-0.088	2.278E-4	-0.01973	-0.0157
-0.087	2.235E-4	-0.02013	-0.01573
-0.086	2.193E-4	-0.02054	-0.01575
-0.085	2.137E-4	-0.02095	-0.01578
-0.084	2.104E-4	-0.02136	-0.0158
-0.083	2.06E-4	-0.02178	-0.01582
-0.082	2.02E-4	-0.0222	-0.01584
-0.081	1.978E-4	-0.02262	-0.01586
-0.08	1.944E-4	-0.02305	-0.01588
-0.079	1.886E-4	-0.02349	-0.01589
-0.078	1.837E-4	-0.02393	-0.01591
-0.077	1.793E-4	-0.02437	-0.01592
-0.076	1.761E-4	-0.02482	-0.01594
-0.075	1.71E-4	-0.02526	-0.01595
-0.074	1.67E-4	-0.02571	-0.01596
-0.073	1.623E-4	-0.02617	-0.01597
-0.072	1.584E-4	-0.02663	-0.01598
-0.071	1.533E-4	-0.0271	-0.01599
-0.07	1.499E-4	-0.02757	-0.016
-0.069	1.455E-4	-0.02804	-0.01601
-0.068	1.405E-4	-0.02852	-0.01602
-0.067	1.367E-4	-0.02899	-0.01603
-0.066	1.327E-4	-0.02947	-0.01603
-0.065	1.281E-4	-0.02996	-0.01604
-0.064	1.228E-4	-0.03045	-0.01605
-0.063	1.184E-4	-0.03095	-0.01606
-0.062	1.148E-4	-0.03145	-0.01607
-0.061	1.108E-4	-0.03195	-0.01608
-0.06	1.065E-4	-0.03245	-0.01608
-0.059	1.007E-4	-0.03296	-0.01609
-0.058	9.661E-5	-0.03347	-0.01611
-0.057	9.033E-5	-0.03399	-0.01612
-0.056	8.679E-5	-0.0345	-0.01613
-0.055	8.267E-5	-0.03502	-0.01614
-0.054	7.727E-5	-0.03553	-0.01615
-0.053	7.118E-5	-0.03606	-0.01616
-0.052	6.608E-5	-0.03659	-0.01617
-0.051	5.979E-5	-0.03711	-0.01619
-0.05	5.626E-5	-0.03765	-0.0162
-0.049	4.997E-5	-0.03818	-0.01622
-0.048	4.428E-5	-0.03871	-0.01623
-0.047	3.898E-5	-0.03927	-0.01625
-0.046	3.466E-5	-0.03981	-0.01626
-0.045	2.847E-5	-0.04036	-0.01628
-0.044	2.209E-5	-0.04091	-0.0163
-0.043	1.679E-5	-0.04147	-0.01631
-0.042	1.109E-5	-0.04203	-0.01633
-0.041	5.302E-6	-0.04259	-0.01635
-0.04	9.819E-8	-0.04316	-0.01637
-0.039	-6.087E-6	-0.04373	-0.01639
-0.038	-1.247E-5	-0.0443	-0.01641
-0.037	-1.993E-5	-0.04486	-0.01642
-0.036	-2.621E-5	-0.04544	-0.01644
-0.035	-3.211E-5	-0.04601	-0.01647
-0.034	-3.829E-5	-0.0466	-0.01649
-0.033	-4.585E-5	-0.04719	-0.01651
-0.032	-5.135E-5	-0.04778	-0.01653
-0.031	-5.891E-5	-0.04837	-0.01655
-0.03	-6.48E-5	-0.04895	-0.01657
-0.029	-7.197E-5	-0.04953	-0.01659
-0.028	-7.982E-5	-0.05013	-0.01662
-0.027	-8.679E-5	-0.05071	-0.01664
-0.026	-9.445E-5	-0.0513	-0.01666
-0.025	-1.006E-4	-0.0519	-0.01668
-0.024	-1.084E-4	-0.0525	-0.0167
-0.023	-1.153E-4	-0.0531	-0.01672
-0.022	-1.235E-4	-0.05371	-0.01674
-0.021	-1.308E-4	-0.05431	-0.01676
-0.02	-1.396E-4	-0.05493	-0.01678
-0.019	-1.485E-4	-0.05555	-0.0168
-0.018	-1.565E-4	-0.05618	-0.01682
-0.017	-1.647E-4	-0.0568	-0.01684
-0.016	-1.725E-4	-0.05743	-0.01686
-0.015	-1.812E-4	-0.05807	-0.01688
-0.014	-1.902E-4	-0.0587	-0.0169
-0.013	-1.993E-4	-0.05935	-0.01691
-0.012	-2.07E-4	-0.06	-0.01693
-0.011	-2.181E-4	-0.06065	-0.01695
-0.01	-2.26E-4	-0.06131	-0.01696
-0.009	-2.36E-4	-0.06197	-0.01698
-0.008	-2.458E-4	-0.06265	-0.01699
-0.007	-2.57E-4	-0.06333	-0.01701
-0.006	-2.677E-4	-0.06402	-0.01703
-0.005	-2.77E-4	-0.06471	-0.01704
-0.004	-2.879E-4	-0.06542	-0.01705
-0.003	-3.001E-4	-0.06613	-0.01706
-0.002	-3.104E-4	-0.06684	-0.01708
-0.001	-3.229E-4	-0.06757	-0.01709
0	-3.386E-4	-0.06835	-0.01711
0.001	-3.489E-4	-0.0691	-0.01712
0.002	-3.599E-4	-0.06987	-0.01713
0.003	-3.738E-4	-0.07064	-0.01714
0.004	-3.857E-4	-0.07143	-0.01715
0.005	-4.017E-4	-0.07223	-0.01715
0.006	-4.15E-4	-0.07304	-0.01716
0.007	-4.288E-4	-0.07387	-0.01717
0.008	-4.444E-4	-0.0747	-0.01718
0.009	-4.604E-4	-0.07554	-0.01718
0.01	-4.769E-4	-0.07639	-0.01719
0.011	-4.936E-4	-0.07725	-0.01719
0.012	-5.107E-4	-0.07813	-0.0172
0.013	-5.276E-4	-0.07901	-0.0172
0.014	-5.445E-4	-0.07992	-0.01721
0.015	-5.65E-4	-0.08082	-0.01721
0.016	-5.838E-4	-0.08174	-0.01722
0.017	-6.037E-4	-0.08265	-0.01722
0.018	-6.239E-4	-0.08358	-0.01722
0.019	-6.462E-4	-0.08451	-0.01722
0.02	-6.674E-4	-0.08545	-0.01723
0.021	-6.908E-4	-0.08638	-0.01723
0.022	-7.126E-4	-0.08736	-0.01723
0.023	-7.376E-4	-0.08832	-0.01723
0.024	-7.624E-4	-0.08929	-0.01723
0.025	-7.892E-4	-0.0903	-0.01723
0.026	-8.157E-4	-0.09134	-0.01723
0.027	-8.446E-4	-0.0923	-0.01723
0.028	-8.728E-4	-0.0933	-0.01723
0.029	-9.026E-4	-0.09427	-0.01722
0.03	-9.353E-4	-0.09525	-0.01722
0.031	-9.676E-4	-0.09626	-0.01722
0.032	-9.997E-4	-0.09725	-0.01722
0.033	-0.00104	-0.09825	-0.01721
0.034	-0.00107	-0.09926	-0.01721
0.035	-0.00111	-0.1003	-0.0172
0.036	-0.00115	-0.1013	-0.0172
0.037	-0.00119	-0.1023	-0.01719
0.038	-0.00123	-0.1033	-0.01719
0.039	-0.00128	-0.1044	-0.01718
0.04	-0.00132	-0.1054	-0.01718
0.041	-0.00137	-0.1064	-0.01717
0.042	-0.00142	-0.1075	-0.01716
0.043	-0.00147	-0.1085	-0.01715
0.044	-0.00152	-0.1095	-0.01714
0.045	-0.00157	-0.1105	-0.01714
0.046	-0.00162	-0.1116	-0.01713
0.047	-0.00168	-0.1125	-0.01712
0.048	-0.00174	-0.1135	-0.01711
0.049	-0.00181	-0.1146	-0.0171
0.05	-0.00187	-0.1157	-0.01709
0.051	-0.00194	-0.1167	-0.01707
0.052	-0.00201	-0.1178	-0.01706
0.053	-0.00208	-0.1188	-0.01705
0.054	-0.00216	-0.1198	-0.01704
0.055	-0.00224	-0.1208	-0.01702
0.056	-0.00232	-0.1219	-0.01701
0.057	-0.0024	-0.123	-0.017
0.058	-0.00249	-0.124	-0.01698
0.059	-0.00258	-0.125	-0.01697
0.06	-0.00267	-0.1261	-0.01695
0.061	-0.00277	-0.1271	-0.01694
0.062	-0.00287	-0.1281	-0.01692
0.063	-0.00297	-0.1291	-0.01691
0.064	-0.00307	-0.1302	-0.01689
0.065	-0.00319	-0.1312	-0.01687
0.066	-0.0033	-0.1323	-0.01686
0.067	-0.00342	-0.1333	-0.01684
0.068	-0.00354	-0.1343	-0.01682
0.069	-0.00366	-0.1353	-0.01681
0.07	-0.00379	-0.1364	-0.01679
0.071	-0.00393	-0.1374	-0.01677
0.072	-0.00406	-0.1384	-0.01675
0.073	-0.00421	-0.1394	-0.01673
0.074	-0.00436	-0.1405	-0.01672
0.075	-0.00451	-0.1415	-0.0167
0.076	-0.00466	-0.1426	-0.01668
0.077	-0.00483	-0.1438	-0.01666
0.078	-0.00499	-0.1448	-0.01664
0.079	-0.00516	-0.1458	-0.01662
0.08	-0.00534	-0.1468	-0.0166
0.081	-0.00552	-0.1478	-0.01658
0.082	-0.0057	-0.1488	-0.01656
0.083	-0.00589	-0.1499	-0.01654
0.084	-0.00609	-0.1509	-0.01652
0.085	-0.00629	-0.1518	-0.0165
0.086	-0.0065	-0.1528	-0.01648
0.087	-0.00671	-0.1539	-0.01646
0.088	-0.00693	-0.1549	-0.01644
0.089	-0.00716	-0.1559	-0.01642
0.09	-0.00739	-0.1569	-0.0164
0.091	-0.00762	-0.1579	-0.01638
0.092	-0.00787	-0.1589	-0.01636
0.093	-0.00811	-0.1599	-0.01634
0.094	-0.00836	-0.1609	-0.01632
0.095	-0.00862	-0.1619	-0.0163
0.096	-0.00889	-0.1628	-0.01628
0.097	-0.00916	-0.1639	-0.01626
0.098	-0.00943	-0.1649	-0.01624
0.099	-0.00971	-0.1659	-0.01622
0.1	-0.01	-0.1669	-0.0162
0.101	-0.01029	-0.1679	-0.01618
0.102	-0.0106	-0.1689	-0.01616
0.103	-0.0109	-0.1699	-0.01614
0.104	-0.01121	-0.171	-0.01612
0.105	-0.01154	-0.1723	-0.0161
0.106	-0.01186	-0.1732	-0.01608
0.107	-0.01219	-0.1743	-0.01606
0.108	-0.01252	-0.1753	-0.01604
0.109	-0.01286	-0.1762	-0.01602
0.11	-0.0132	-0.1772	-0.01601
0.111	-0.01355	-0.1781	-0.01599
0.112	-0.0139	-0.1791	-0.01597
0.113	-0.01427	-0.18	-0.01595
0.114	-0.01463	-0.181	-0.01593
0.115	-0.015	-0.182	-0.01591
0.116	-0.01538	-0.1831	-0.0159
0.117	-0.01577	-0.1841	-0.01588
0.118	-0.01615	-0.185	-0.01586
0.119	-0.01655	-0.1858	-0.01585
0.12	-0.01694	-0.1866	-0.01583
0.121	-0.01734	-0.1876	-0.01582
0.122	-0.01775	-0.1885	-0.0158
0.123	-0.01816	-0.1895	-0.01579
0.124	-0.01858	-0.1904	-0.01577
0.125	-0.019	-0.1913	-0.01576
0.126	-0.01942	-0.1924	-0.01574
0.127	-0.01985	-0.1933	-0.01573
0.128	-0.02028	-0.1943	-0.01571
0.129	-0.02073	-0.1953	-0.0157
0.13	-0.02117	-0.1962	-0.01569
0.131	-0.02162	-0.1972	-0.01567
0.132	-0.02208	-0.1982	-0.01566
0.133	-0.02254	-0.1991	-0.01565
0.134	-0.023	-0.2	-0.01564
0.135	-0.02348	-0.2009	-0.01563
0.136	-0.02395	-0.2019	-0.01562
0.137	-0.02443	-0.2029	-0.01561
0.138	-0.02491	-0.2038	-0.0156
0.139	-0.0254	-0.2045	-0.01559
0.14	-0.02589	-0.2053	-0.01558
0.141	-0.02639	-0.2063	-0.01557
0.142	-0.02689	-0.2073	-0.01556
0.143	-0.0274	-0.2083	-0.01555
0.144	-0.02791	-0.2092	-0.01554
0.145	-0.02842	-0.2102	-0.01553
0.146	-0.02894	-0.2111	-0.01553
0.147	-0.02946	-0.2119	-0.01552
0.148	-0.02999	-0.2127	-0.01552
0.149	-0.03052	-0.2137	-0.01551
0.15	-0.03106	-0.2147	-0.0155
0.151	-0.03159	-0.2158	-0.0155
0.152	-0.03214	-0.2169	-0.01549
0.153	-0.03269	-0.218	-0.01549
0.154	-0.03324	-0.219	-0.01549
0.155	-0.03379	-0.2199	-0.01548
0.156	-0.03435	-0.2207	-0.01548
0.157	-0.0349	-0.2216	-0.01548
0.158	-0.03547	-0.2225	-0.01548
0.159	-0.03603	-0.2233	-0.01547
0.16	-0.03661	-0.2241	-0.01547
0.161	-0.03718	-0.2249	-0.01547
0.162	-0.03776	-0.2258	-0.01547
0.163	-0.03834	-0.2268	-0.01547
0.164	-0.03893	-0.2277	-0.01547
0.165	-0.03952	-0.2285	-0.01547
0.166	-0.04011	-0.2293	-0.01547
0.167	-0.04071	-0.2303	-0.01547
0.168	-0.0413	-0.2311	-0.01547
0.169	-0.0419	-0.232	-0.01547
0.17	-0.04251	-0.2329	-0.01548
0.171	-0.04312	-0.2335	-0.01548
0.172	-0.04373	-0.2344	-0.01548
0.173	-0.04435	-0.2352	-0.01549
0.174	-0.04496	-0.2361	-0.01549
0.175	-0.04558	-0.2369	-0.01549
0.176	-0.04621	-0.2377	-0.0155
0.177	-0.04684	-0.239	-0.0155
0.178	-0.04747	-0.2406	-0.01551
0.179	-0.0481	-0.2415	-0.01551
0.18	-0.04874	-0.2423	-0.01552
0.181	-0.04937	-0.243	-0.01553
0.182	-0.05001	-0.2438	-0.01553
0.183	-0.05064	-0.2444	-0.01554
0.184	-0.05128	-0.2453	-0.01555
0.185	-0.05193	-0.2459	-0.01555
0.186	-0.05259	-0.2464	-0.01556
0.187	-0.05324	-0.2471	-0.01557
0.188	-0.0539	-0.248	-0.01558
0.189	-0.05456	-0.2488	-0.01559
0.19	-0.05523	-0.2495	-0.0156
0.191	-0.05589	-0.2504	-0.01561
0.192	-0.05656	-0.2511	-0.01562
0.193	-0.05723	-0.2519	-0.01563
0.194	-0.0579	-0.2527	-0.01564
0.195	-0.05857	-0.2534	-0.01565
0.196	-0.05925	-0.2541	-0.01566
0.197	-0.05993	-0.2548	-0.01567
0.198	-0.06061	-0.2555	-0.01568
0.199	-0.06129	-0.2564	-0.0157
0.2	-0.06198	-0.257	-0.01571
0.201	-0.06268	-0.2577	-0.01572
0.202	-0.06337	-0.2585	-0.01573
0.203	-0.06408	-0.2592	-0.01575
0.204	-0.06477	-0.2599	-0.01576
0.205	-0.06547	-0.2605	-0.01578
0.206	-0.06617	-0.2612	-0.01579
0.207	-0.06686	-0.2619	-0.01581
0.208	-0.06756	-0.2623	-0.01582
0.209	-0.06827	-0.2629	-0.01584
0.21	-0.06897	-0.2637	-0.01585
0.211	-0.06969	-0.2644	-0.01587
0.212	-0.07041	-0.2651	-0.01588
0.213	-0.07112	-0.2656	-0.0159
0.214	-0.07184	-0.2659	-0.01592
0.215	-0.07256	-0.2669	-0.01594
0.216	-0.07329	-0.2684	-0.01595
0.217	-0.07402	-0.2694	-0.01597
0.218	-0.07476	-0.2701	-0.01599
0.219	-0.07548	-0.2706	-0.016
0.22	-0.0762	-0.2711	-0.01602
0.221	-0.07693	-0.2716	-0.01604
0.222	-0.07766	-0.272	-0.01606
0.223	-0.0784	-0.2726	-0.01608
0.224	-0.07914	-0.2731	-0.0161
0.225	-0.07988	-0.2737	-0.01612
0.226	-0.08061	-0.2741	-0.01614
0.227	-0.08135	-0.2746	-0.01616
0.228	-0.0821	-0.2749	-0.01618
0.229	-0.08283	-0.2754	-0.0162
0.23	-0.08358	-0.2759	-0.01623
0.231	-0.08431	-0.2763	-0.01625
0.232	-0.08506	-0.2767	-0.01627
0.233	-0.08581	-0.2775	-0.01629
0.234	-0.08657	-0.2775	-0.01632
0.235	-0.08733	-0.2782	-0.01634
0.236	-0.08809	-0.2785	-0.01636
0.237	-0.08887	-0.2789	-0.01639
0.238	-0.08965	-0.2789	-0.01641
0.239	-0.09042	-0.2795	-0.01643
0.24	-0.09118	-0.2797	-0.01646
0.241	-0.09195	-0.2799	-0.01648
0.242	-0.09272	-0.2802	-0.01651
0.243	-0.09349	-0.2805	-0.01653
0.244	-0.09426	-0.2807	-0.01656
0.245	-0.09502	-0.2809	-0.01658
0.246	-0.0958	-0.281	-0.01661
0.247	-0.09658	-0.2812	-0.01664
0.248	-0.09736	-0.2818	-0.01667
0.249	-0.09814	-0.2824	-0.01669
0.25	-0.09892	-0.2827	-0.01672
0.251	-0.0997	-0.2828	-0.01675
0.252	-0.1005	-0.2828	-0.01678
0.253	-0.1013	-0.283	-0.0168
0.254	-0.1021	-0.283	-0.01683
0.255	-0.1028	-0.283	-0.01686
0.256	-0.1036	-0.2831	-0.01689
0.257	-0.1044	-0.2831	-0.01692
0.258	-0.1052	-0.2834	-0.01696
0.259	-0.106	-0.2833	-0.01698
0.26	-0.1068	-0.2831	-0.01702
0.261	-0.1076	-0.2833	-0.01704
0.262	-0.1084	-0.2834	-0.01708
0.263	-0.1092	-0.2836	-0.01711
0.264	-0.11	-0.2834	-0.01714
0.265	-0.1108	-0.2834	-0.01717
0.266	-0.1116	-0.2835	-0.0172
0.267	-0.1124	-0.2835	-0.01723
0.268	-0.1133	-0.2834	-0.01727
0.269	-0.1141	-0.2835	-0.0173
0.27	-0.1149	-0.284	-0.01733
0.271	-0.1157	-0.2841	-0.01737
0.272	-0.1166	-0.2843	-0.0174
0.273	-0.1174	-0.2843	-0.01743
0.274	-0.1182	-0.2842	-0.01747
0.275	-0.119	-0.2841	-0.0175
0.276	-0.1198	-0.284	-0.01754
0.277	-0.1206	-0.2837	-0.01757
0.278	-0.1215	-0.2836	-0.01761
0.279	-0.1223	-0.284	-0.01765
0.28	-0.1231	-0.2838	-0.01768
0.281	-0.1239	-0.2836	-0.01772
0.282	-0.1247	-0.2836	-0.01776
0.283	-0.1255	-0.2835	-0.01779
0.284	-0.1264	-0.2835	-0.01783
0.285	-0.1272	-0.2832	-0.01787
0.286	-0.1281	-0.2831	-0.0179
0.287	-0.1289	-0.2831	-0.01794
0.288	-0.1297	-0.2834	-0.01798
0.289	-0.1306	-0.2832	-0.01802
0.29	-0.1314	-0.2828	-0.01806
0.291	-0.1323	-0.2826	-0.0181
0.292	-0.1331	-0.2827	-0.01814
0.293	-0.134	-0.2827	-0.01818
0.294	-0.1348	-0.2824	-0.01822
0.295	-0.1357	-0.2822	-0.01826
0.296	-0.1365	-0.282	-0.0183
0.297	-0.1374	-0.2817	-0.01834
0.298	-0.1382	-0.2815	-0.01838
0.299	-0.139	-0.2812	-0.01842
0.3	-0.1398	-0.281	-0.01846
0.301	-0.1407	-0.2809	-0.01851
0.302	-0.1415	-0.2807	-0.01855
0.303	-0.1424	-0.2804	-0.01859
0.304	-0.1432	-0.2801	-0.01863
0.305	-0.1441	-0.2797	-0.01868
0.306	-0.1449	-0.2796	-0.01872
0.307	-0.1457	-0.2793	-0.01877
0.308	-0.1466	-0.2791	-0.01881
0.309	-0.1474	-0.2787	-0.01885
0.31	-0.1483	-0.2786	-0.0189
0.311	-0.1492	-0.2782	-0.01894
0.312	-0.15	-0.2778	-0.01899
0.313	-0.1509	-0.2776	-0.01903
0.314	-0.1517	-0.2772	-0.01908
0.315	-0.1526	-0.2768	-0.01912
0.316	-0.1534	-0.2764	-0.01917
0.317	-0.1543	-0.2759	-0.01922
0.318	-0.1552	-0.2757	-0.01926
0.319	-0.1558	-0.276	-0.0193
0.32	-0.1567	-0.2758	-0.01934
0.321	-0.1576	-0.2753	-0.01939
0.322	-0.1584	-0.2746	-0.01944
0.323	-0.1593	-0.274	-0.01949
0.324	-0.1602	-0.2735	-0.01954
0.325	-0.161	-0.2734	-0.01958
0.326	-0.1619	-0.2731	-0.01964
0.327	-0.1628	-0.2727	-0.01969
0.328	-0.1637	-0.2724	-0.01974
0.329	-0.1645	-0.272	-0.01979
0.33	-0.1655	-0.2716	-0.01984
0.331	-0.1664	-0.271	-0.01989
0.332	-0.1673	-0.2705	-0.01994
0.333	-0.1682	-0.2699	-0.01999
0.334	-0.1691	-0.2694	-0.02004
0.335	-0.1699	-0.2688	-0.0201
0.336	-0.1708	-0.2682	-0.02015
0.337	-0.1717	-0.2674	-0.0202
0.338	-0.1726	-0.2668	-0.02025
0.339	-0.1735	-0.2662	-0.0203
0.34	-0.1743	-0.2656	-0.02036
0.341	-0.1751	-0.2651	-0.02041
0.342	-0.1759	-0.2646	-0.02046
0.343	-0.1767	-0.2641	-0.02052
0.344	-0.1775	-0.2636	-0.02057
0.345	-0.1784	-0.263	-0.02062
0.346	-0.1793	-0.2623	-0.02068
0.347	-0.1802	-0.2618	-0.02073
0.348	-0.181	-0.2612	-0.02079
0.349	-0.1819	-0.2606	-0.02084
0.35	-0.1828	-0.2598	-0.02089
0.351	-0.1837	-0.259	-0.02095
0.352	-0.1846	-0.2582	-0.021
0.353	-0.1854	-0.2577	-0.02106
0.354	-0.1863	-0.2573	-0.02111
0.355	-0.1872	-0.2567	-0.02116
0.356	-0.1881	-0.2561	-0.02122
0.357	-0.1891	-0.2553	-0.02127
0.358	-0.19	-0.2546	-0.02133
0.359	-0.191	-0.2538	-0.02138
0.36	-0.1919	-0.2532	-0.02143
0.361	-0.1927	-0.2525	-0.02149
0.362	-0.1935	-0.2517	-0.02154
0.363	-0.1944	-0.2509	-0.0216
0.364	-0.1953	-0.2501	-0.02166
0.365	-0.1961	-0.2494	-0.02171
0.366	-0.1969	-0.2485	-0.02177
0.367	-0.1978	-0.2476	-0.02183
0.368	-0.1987	-0.2467	-0.02188
0.369	-0.1995	-0.2459	-0.02193
0.37	-0.2005	-0.2451	-0.02199
0.371	-0.2013	-0.2442	-0.02204
0.372	-0.2022	-0.2435	-0.0221
0.373	-0.2032	-0.2426	-0.02215
0.374	-0.2042	-0.2417	-0.02221
0.375	-0.2051	-0.2409	-0.02226
0.376	-0.2061	-0.24	-0.02232
0.377	-0.2071	-0.2392	-0.02237
0.378	-0.208	-0.2385	-0.02242
0.379	-0.2091	-0.2377	-0.02248
0.38	-0.21	-0.237	-0.02253
0.381	-0.2108	-0.2364	-0.02259
0.382	-0.2118	-0.236	-0.02264
0.383	-0.2126	-0.2354	-0.0227
0.384	-0.2134	-0.2344	-0.02275
0.385	-0.2143	-0.2336	-0.02281
0.386	-0.2152	-0.233	-0.02286
0.387	-0.2162	-0.2325	-0.02292
0.388	-0.2171	-0.232	-0.02298
0.389	-0.2178	-0.2317	-0.02303
0.39	-0.2187	-0.2316	-0.02309
0.391	-0.2196	-0.2312	-0.02315
0.392	-0.2204	-0.2308	-0.02321
0.393	-0.2214	-0.2304	-0.02326
0.394	-0.2222	-0.23	-0.02332
0.395	-0.2232	-0.2297	-0.02337
0.396	-0.2242	-0.2295	-0.02343
0.397	-0.2251	-0.2292	-0.02349
0.398	-0.2257	-0.229	-0.02354
0.399	-0.2265	-0.2287	-0.0236
0.4	-0.2274	-0.2287	-0.02365
0.401	-0.2283	-0.2285	-0.02371
0.402	-0.2293	-0.2284	-0.02377
0.403	-0.2298	-0.2283	-0.02382
0.404	-0.2307	-0.2281	-0.02388
0.405	-0.2314	-0.228	-0.02393
0.406	-0.2321	-0.228	-0.02399
0.407	-0.2327	-0.2282	-0.02404
0.408	-0.2335	-0.2281	-0.0241
0.409	-0.2345	-0.2281	-0.02416
0.41	-0.2355	-0.2278	-0.02422
0.411	-0.2363	-0.2277	-0.02427
0.412	-0.237	-0.2276	-0.02432
0.413	-0.2378	-0.2275	-0.02438
0.414	-0.2387	-0.2274	-0.02443
0.415	-0.2396	-0.2274	-0.02449
0.416	-0.2404	-0.2273	-0.02454
0.417	-0.2412	-0.2273	-0.02459
0.418	-0.242	-0.2272	-0.02465
0.419	-0.2429	-0.2272	-0.02471
0.42	-0.2438	-0.227	-0.02476
0.421	-0.2448	-0.2268	-0.02482
0.422	-0.2457	-0.2266	-0.02487
0.423	-0.2465	-0.2265	-0.02493
0.424	-0.2478	-0.2265	-0.02499
0.425	-0.2487	-0.2265	-0.02504
0.426	-0.2495	-0.2264	-0.0251
0.427	-0.2505	-0.2263	-0.02515
0.428	-0.2514	-0.2262	-0.02521
0.429	-0.2523	-0.226	-0.02526
0.43	-0.2533	-0.2259	-0.02532
0.431	-0.2542	-0.2257	-0.02537
0.432	-0.2549	-0.2259	-0.02543
0.433	-0.2558	-0.2258	-0.02548
0.434	-0.2566	-0.2257	-0.02554
0.435	-0.2572	-0.2255	-0.02559
0.436	-0.2581	-0.2252	-0.02565
0.437	-0.2591	-0.2249	-0.0257
0.438	-0.26	-0.2246	-0.02575
0.439	-0.2609	-0.2246	-0.0258
0.44	-0.2621	-0.2244	-0.02585
0.441	-0.263	-0.2241	-0.0259
0.442	-0.2639	-0.2238	-0.02596
0.443	-0.2647	-0.2237	-0.02601
0.444	-0.2654	-0.2235	-0.02606
0.445	-0.2662	-0.2232	-0.02612
0.446	-0.267	-0.2229	-0.02617
0.447	-0.2677	-0.2226	-0.02622
0.448	-0.2687	-0.2223	-0.02627
0.449	-0.2696	-0.222	-0.02632
0.45	-0.2704	-0.2217	-0.02637
0.451	-0.2712	-0.2213	-0.02642
0.452	-0.2721	-0.2211	-0.02647
0.453	-0.2733	-0.2209	-0.02652
0.454	-0.2741	-0.2206	-0.02657
0.455	-0.2749	-0.2202	-0.02662
0.456	-0.276	-0.2198	-0.02667
0.457	-0.2772	-0.2194	-0.02672
0.458	-0.278	-0.219	-0.02677
0.459	-0.2788	-0.2186	-0.02682
0.46	-0.2798	-0.2181	-0.02687
0.461	-0.2808	-0.2176	-0.02692
0.462	-0.2818	-0.2172	-0.02696
0.463	-0.2828	-0.2166	-0.02701
0.464	-0.2836	-0.2161	-0.02705
0.465	-0.2844	-0.2156	-0.0271
0.466	-0.2853	-0.215	-0.02715
0.467	-0.2862	-0.2144	-0.02719
0.468	-0.287	-0.2139	-0.02724
0.469	-0.2879	-0.2133	-0.02729
0.47	-0.2886	-0.2125	-0.02734
0.471	-0.2896	-0.2118	-0.02739
0.472	-0.2905	-0.2111	-0.02743
0.473	-0.2913	-0.2104	-0.02748
0.474	-0.2922	-0.2098	-0.02753
0.475	-0.2929	-0.209	-0.02757
0.476	-0.2939	-0.2081	-0.02762
0.477	-0.2946	-0.2072	-0.02767
0.478	-0.2953	-0.2062	-0.02771
0.479	-0.2962	-0.2052	-0.02776
0.48	-0.2973	-0.2041	-0.0278
0.481	-0.2984	-0.2031	-0.02785
0.482	-0.2993	-0.202	-0.0279
0.483	-0.3002	-0.2008	-0.02794
0.484	-0.3009	-0.1996	-0.02799
0.485	-0.3017	-0.1984	-0.02803
0.486	-0.3025	-0.1973	-0.02808
0.487	-0.3034	-0.196	-0.02813
0.488	-0.3044	-0.1948	-0.02817
0.489	-0.3052	-0.1935	-0.02821
0.49	-0.3059	-0.1922	-0.02825
0.491	-0.3072	-0.1909	-0.0283
0.492	-0.308	-0.1896	-0.02834
0.493	-0.3085	-0.1883	-0.02838
0.494	-0.3093	-0.187	-0.02843
0.495	-0.3101	-0.1857	-0.02847
0.496	-0.3111	-0.1844	-0.02852
0.497	-0.3125	-0.1831	-0.02856
0.498	-0.3137	-0.1819	-0.0286
0.499	-0.3148	-0.1806	-0.02865
0.5	-0.3163	-0.1794	-0.02869
0.501	-0.3173	-0.1781	-0.02874
0.502	-0.3178	-0.1769	-0.02878
0.503	-0.3185	-0.1757	-0.02882
0.504	-0.3191	-0.1744	-0.02887
0.505	-0.3197	-0.1733	-0.02891
0.506	-0.3208	-0.1721	-0.02896
0.507	-0.3217	-0.1709	-0.029
0.508	-0.3226	-0.1697	-0.02905
0.509	-0.3232	-0.1686	-0.02909
0.51	-0.3239	-0.1675	-0.02913
0.511	-0.3245	-0.1665	-0.02917
0.512	-0.325	-0.1654	-0.02921
0.513	-0.326	-0.1644	-0.02925
0.514	-0.3274	-0.1634	-0.02929
0.515	-0.3279	-0.1625	-0.02934
0.516	-0.3287	-0.1616	-0.02938
0.517	-0.3294	-0.1608	-0.02942
0.518	-0.3305	-0.1599	-0.02946
0.519	-0.3315	-0.1592	-0.0295
0.52	-0.3323	-0.1584	-0.02954
0.521	-0.3335	-0.1577	-0.02958
0.522	-0.3348	-0.157	-0.02962
0.523	-0.3358	-0.1564	-0.02966
0.524	-0.3358	-0.1559	-0.0297
0.525	-0.3366	-0.1554	-0.02974
0.526	-0.3373	-0.1549	-0.02978
0.527	-0.338	-0.1546	-0.02982
0.528	-0.339	-0.1542	-0.02986
0.529	-0.3403	-0.154	-0.0299
0.53	-0.3412	-0.1538	-0.02994
0.531	-0.3421	-0.1536	-0.02998
0.532	-0.343	-0.1535	-0.03003
0.533	-0.3439	-0.1534	-0.03007
0.534	-0.3449	-0.1534	-0.03011
0.535	-0.346	-0.1534	-0.03015
0.536	-0.3465	-0.1534	-0.03019
0.537	-0.3473	-0.1535	-0.03024
0.538	-0.3487	-0.1535	-0.03028
0.539	-0.3499	-0.1536	-0.03032
0.54	-0.3497	-0.1538	-0.03037
0.541	-0.3504	-0.1539	-0.03041
0.542	-0.3518	-0.1541	-0.03045
0.543	-0.3529	-0.1543	-0.0305
0.544	-0.3537	-0.1545	-0.03055
0.545	-0.3543	-0.1547	-0.03059
0.546	-0.3552	-0.155	-0.03063
0.547	-0.3561	-0.1553	-0.03067
0.548	-0.357	-0.1556	-0.03071
0.549	-0.3579	-0.156	-0.03075
0.55	-0.3593	-0.1563	-0.03079
0.551	-0.3601	-0.1567	-0.03083
0.552	-0.3613	-0.157	-0.03087
0.553	-0.3624	-0.1574	-0.03091
0.554	-0.363	-0.1577	-0.03094
0.555	-0.3638	-0.1581	-0.03098
0.556	-0.3644	-0.1585	-0.03102
0.557	-0.3651	-0.1589	-0.03106
0.558	-0.3658	-0.1592	-0.0311
0.559	-0.3669	-0.1596	-0.03114
0.56	-0.3685	-0.16	-0.03118
0.561	-0.3694	-0.1604	-0.03121
0.562	-0.3702	-0.1607	-0.03125
0.563	-0.3711	-0.1611	-0.0313
0.564	-0.372	-0.1615	-0.03134
0.565	-0.3729	-0.1619	-0.03137
0.566	-0.3733	-0.1622	-0.03141
0.567	-0.374	-0.1626	-0.03145
0.568	-0.3741	-0.163	-0.03149
0.569	-0.3739	-0.1633	-0.03153
0.57	-0.3746	-0.1637	-0.03158
0.571	-0.3756	-0.164	-0.03164
0.572	-0.3765	-0.1644	-0.03167
0.573	-0.377	-0.1647	-0.0317
0.574	-0.3779	-0.1651	-0.03174
0.575	-0.3787	-0.1654	-0.03179
0.576	-0.3796	-0.1658	-0.03183
0.577	-0.3809	-0.1661	-0.03188
0.578	-0.3814	-0.1664	-0.03192
0.579	-0.3824	-0.1667	-0.03196
0.58	-0.3842	-0.167	-0.03201
0.581	-0.3859	-0.1673	-0.03205
0.582	-0.3866	-0.1676	-0.03209
0.583	-0.3876	-0.1678	-0.03214
0.584	-0.3882	-0.1681	-0.03219
0.585	-0.3888	-0.1684	-0.03224
0.586	-0.3894	-0.1687	-0.03229
0.587	-0.3899	-0.169	-0.03234
0.588	-0.3907	-0.1693	-0.03239
0.589	-0.3921	-0.1696	-0.03244
0.59	-0.3929	-0.1698	-0.03249
0.591	-0.3943	-0.1701	-0.03255
0.592	-0.3953	-0.1704	-0.0326
0.593	-0.3963	-0.1706	-0.03266
0.594	-0.3982	-0.1709	-0.03271
0.595	-0.3991	-0.1711	-0.03276
0.596	-0.3999	-0.1714	-0.03282
0.597	-0.4006	-0.1716	-0.03288
0.598	-0.4012	-0.1719	-0.03296
0.599	-0.4022	-0.1721	-0.033
0.6	-0.4035	-0.1723	-0.03305
0.601	-0.4047	-0.1726	-0.0331
0.602	-0.4059	-0.1728	-0.03315
0.603	-0.4066	-0.1731	-0.03321
0.604	-0.4074	-0.1733	-0.03326
0.605	-0.4081	-0.1735	-0.03331
0.606	-0.4091	-0.1738	-0.03336
0.607	-0.4102	-0.174	-0.03342
0.608	-0.4112	-0.1741	-0.03347
0.609	-0.4114	-0.1743	-0.03352
0.61	-0.4122	-0.1745	-0.03357
0.611	-0.4132	-0.1747	-0.03362
0.612	-0.4133	-0.1749	-0.03367
0.613	-0.4137	-0.1751	-0.03372
0.614	-0.4145	-0.1753	-0.03377
0.615	-0.4154	-0.1755	-0.03382
0.616	-0.4163	-0.1756	-0.03387
0.617	-0.4173	-0.1758	-0.03392
0.618	-0.4179	-0.176	-0.03397
0.619	-0.4192	-0.1762	-0.03402
0.62	-0.4204	-0.1764	-0.03407
0.621	-0.4211	-0.1765	-0.03412
0.622	-0.4221	-0.1767	-0.03416
0.623	-0.4231	-0.1769	-0.03421
0.624	-0.4246	-0.177	-0.03425
0.625	-0.4251	-0.1772	-0.0343
0.626	-0.4257	-0.1774	-0.03434
0.627	-0.4267	-0.1775	-0.03438
0.628	-0.4277	-0.1777	-0.03442
0.629	-0.4283	-0.1779	-0.03446
0.63	-0.4291	-0.178	-0.0345
0.631	-0.4296	-0.1781	-0.03455
0.632	-0.4298	-0.1783	-0.03459
0.633	-0.4307	-0.1784	-0.03464
0.634	-0.4319	-0.1786	-0.03468
0.635	-0.4329	-0.1788	-0.03472
0.636	-0.4339	-0.1789	-0.03476
0.637	-0.4348	-0.1791	-0.0348
0.638	-0.4358	-0.1792	-0.03484
0.639	-0.4368	-0.1794	-0.03489
0.64	-0.4378	-0.1795	-0.03492
0.641	-0.4385	-0.1797	-0.03496
0.642	-0.4394	-0.1798	-0.03499
0.643	-0.4398	-0.18	-0.03503
0.644	-0.44	-0.1802	-0.03507
0.645	-0.4412	-0.1803	-0.03511
0.646	-0.443	-0.1805	-0.03515
0.647	-0.4458	-0.1806	-0.03519
0.648	-0.4473	-0.1808	-0.03523
0.649	-0.4479	-0.1809	-0.03528
0.65	-0.4488	-0.181	-0.03531
0.651	-0.4497	-0.1811	-0.03536
0.652	-0.4505	-0.1813	-0.03539
0.653	-0.4514	-0.1816	-0.03543
0.654	-0.4522	-0.1817	-0.03547
0.655	-0.4528	-0.1819	-0.03551
0.656	-0.4536	-0.182	-0.03555
0.657	-0.4546	-0.1821	-0.0356
0.658	-0.4552	-0.1823	-0.03565
0.659	-0.4559	-0.1824	-0.0357
0.66	-0.4568	-0.1826	-0.03575
0.661	-0.4573	-0.1827	-0.0358
0.662	-0.4585	-0.1828	-0.03584
0.663	-0.4596	-0.183	-0.03589
0.664	-0.4597	-0.1831	-0.03594
0.665	-0.46	-0.1832	-0.03599
0.666	-0.4604	-0.1833	-0.03604
0.667	-0.4607	-0.1834	-0.03608
0.668	-0.4615	-0.1836	-0.03612
0.669	-0.4617	-0.1837	-0.03616
0.67	-0.4616	-0.1838	-0.0362
0.671	-0.4614	-0.184	-0.03624
0.672	-0.4613	-0.1841	-0.03628
0.673	-0.4612	-0.1841	-0.03631
0.674	-0.4611	-0.1843	-0.03635
0.675	-0.461	-0.1844	-0.0364
0.676	-0.4608	-0.1845	-0.03643
0.677	-0.4607	-0.1846	-0.03647
0.678	-0.4606	-0.1847	-0.0365
0.679	-0.4605	-0.1849	-0.03652
0.68	-0.4604	-0.185	-0.03655
0.681	-0.4602	-0.1851	-0.03657
0.682	-0.4601	-0.1852	-0.0366
0.683	-0.46	-0.1853	-0.03663
0.684	-0.4599	-0.1854	-0.03665
0.685	-0.4597	-0.1856	-0.03668
0.686	-0.4596	-0.1857	-0.0367
0.687	-0.4596	-0.1858	-0.03672
0.688	-0.4595	-0.1858	-0.03673
0.689	-0.4594	-0.1859	-0.03674
0.69	-0.4593	-0.1861	-0.03675
0.691	-0.4592	-0.1862	-0.03675
0.692	-0.4592	-0.1863	-0.03676
0.693	-0.4592	-0.1863	-0.03678
0.694	-0.4591	-0.1864	-0.03678
0.695	-0.459	-0.1865	-0.03679
0.696	-0.4589	-0.1866	-0.0368
0.697	-0.4588	-0.1867	-0.03681
0.698	-0.4587	-0.1868	-0.03681
0.699	-0.4587	-0.1868	-0.03682
0.7	-0.4586	-0.1869	-0.03682
0.701	-0.4585	-0.187	-0.03682
0.702	-0.4584	-0.1871	-0.03682
0.703	-0.4582	-0.1872	-0.03682
0.704	-0.4581	-0.1872	-0.03682
0.705	-0.458	-0.1873	-0.03682
0.706	-0.4579	-0.1874	-0.03681
0.707	-0.4578	-0.1875	-0.0368
0.708	-0.4576	-0.1875	-0.03683
0.709	-0.4575	-0.1876	-0.03682
0.71	-0.4573	-0.1876	-0.0368
0.711	-0.4571	-0.1877	-0.03679
0.712	-0.4569	-0.1878	-0.03677
0.713	-0.4568	-0.1879	-0.03676
0.714	-0.4567	-0.1879	-0.03674
0.715	-0.4565	-0.188	-0.03674
0.716	-0.4565	-0.188	-0.03672
0.717	-0.4564	-0.1881	-0.0367
0.718	-0.4564	-0.1882	-0.03669
0.719	-0.4562	-0.1882	-0.03667
0.72	-0.4561	-0.1883	-0.03666
0.721	-0.4561	-0.1884	-0.03665
0.722	-0.456	-0.1884	-0.03665
0.723	-0.4559	-0.1884	-0.03664
0.724	-0.4558	-0.1885	-0.03662
0.725	-0.4557	-0.1885	-0.03661
0.726	-0.4556	-0.1885	-0.0366
0.727	-0.4554	-0.1886	-0.03658
0.728	-0.4553	-0.1887	-0.03657
0.729	-0.4552	-0.1887	-0.03656
0.73	-0.4551	-0.1888	-0.03655
0.731	-0.455	-0.1888	-0.03654
0.732	-0.4549	-0.1889	-0.03654
0.733	-0.4548	-0.189	-0.03652
0.734	-0.4547	-0.189	-0.03651
0.735	-0.4546	-0.189	-0.0365
0.736	-0.4545	-0.1891	-0.03648
0.737	-0.4544	-0.1891	-0.03648
0.738	-0.4542	-0.1892	-0.03647
0.739	-0.4542	-0.1892	-0.03646
0.74	-0.454	-0.1893	-0.03645
0.741	-0.4539	-0.1893	-0.03644
0.742	-0.4539	-0.1894	-0.03643
0.743	-0.4539	-0.1894	-0.03644
0.744	-0.4537	-0.1895	-0.03646
0.745	-0.4536	-0.1895	-0.03646
0.746	-0.4535	-0.1895	-0.03646
0.747	-0.4533	-0.1896	-0.03645
0.748	-0.4532	-0.1896	-0.03644
0.749	-0.453	-0.1897	-0.03643
0.75	-0.453	-0.1898	-0.03642
0.751	-0.4529	-0.1898	-0.03641
0.752	-0.4527	-0.1898	-0.03641
0.753	-0.4525	-0.1898	-0.03639
0.754	-0.4523	-0.1899	-0.03639
0.755	-0.4523	-0.1899	-0.03638
0.756	-0.4522	-0.19	-0.03638
0.757	-0.4521	-0.19	-0.03637
0.758	-0.452	-0.19	-0.03636
0.759	-0.4519	-0.1901	-0.03636
0.76	-0.4517	-0.1901	-0.03636
0.761	-0.4517	-0.1901	-0.03636
0.762	-0.4516	-0.1902	-0.03636
0.763	-0.4515	-0.1902	-0.03636
0.764	-0.4514	-0.1902	-0.03635
0.765	-0.4513	-0.1903	-0.03635
0.766	-0.4512	-0.1903	-0.03636
0.767	-0.4511	-0.1904	-0.03636
0.768	-0.4511	-0.1904	-0.03637
0.769	-0.451	-0.1904	-0.03637
0.77	-0.4508	-0.1904	-0.03638
0.771	-0.4507	-0.1905	-0.03639
0.772	-0.4506	-0.1905	-0.0364
0.773	-0.4505	-0.1905	-0.0364
0.774	-0.4503	-0.1906	-0.03641
0.775	-0.4502	-0.1906	-0.03642
0.776	-0.4501	-0.1907	-0.03643
0.777	-0.4499	-0.1907	-0.03644
0.778	-0.4497	-0.1907	-0.03646
0.779	-0.4495	-0.1908	-0.03648
0.78	-0.4492	-0.1908	-0.03649
0.781	-0.4489	-0.1909	-0.03651
0.782	-0.4488	-0.1909	-0.03652
0.783	-0.4487	-0.1909	-0.03655
0.784	-0.4486	-0.1909	-0.03657
0.785	-0.4484	-0.191	-0.03659
0.786	-0.4483	-0.1911	-0.03663
0.787	-0.4483	-0.1911	-0.03667
0.788	-0.4482	-0.1911	-0.0367
0.789	-0.4481	-0.1912	-0.03673
0.79	-0.448	-0.1913	-0.03676
0.791	-0.4479	-0.1913	-0.0368
0.792	-0.4478	-0.1914	-0.03686
0.793	-0.4477	-0.1914	-0.03691
0.794	-0.4476	-0.1915	-0.03696
0.795	-0.4475	-0.1915	-0.037
0.796	-0.4474	-0.1915	-0.03705
0.797	-0.4473	-0.1916	-0.03711
0.798	-0.4472	-0.1916	-0.03717
0.799	-0.447	-0.1917	-0.03722
0.8	-0.447	-0.1916	-0.03705
0.799	-0.4471	-0.1913	-0.03666
0.798	-0.4472	-0.191	-0.03638
0.797	-0.4472	-0.1906	-0.03612
0.796	-0.4473	-0.1903	-0.03588
0.795	-0.4474	-0.19	-0.03564
0.794	-0.4475	-0.1897	-0.03542
0.793	-0.4476	-0.1893	-0.0352
0.792	-0.4476	-0.189	-0.035
0.791	-0.4477	-0.1887	-0.03481
0.79	-0.4478	-0.1884	-0.03461
0.789	-0.448	-0.188	-0.03441
0.788	-0.448	-0.1877	-0.03421
0.787	-0.4481	-0.1874	-0.03403
0.786	-0.4483	-0.187	-0.03384
0.785	-0.4484	-0.1867	-0.03365
0.784	-0.4485	-0.1864	-0.03347
0.783	-0.4485	-0.1861	-0.03329
0.782	-0.4486	-0.1858	-0.03311
0.781	-0.4488	-0.1855	-0.03294
0.78	-0.4489	-0.1852	-0.03277
0.779	-0.4491	-0.1848	-0.03262
0.778	-0.4493	-0.1845	-0.03246
0.777	-0.4493	-0.1842	-0.03229
0.776	-0.4494	-0.1838	-0.03213
0.775	-0.4494	-0.1835	-0.03198
0.774	-0.4495	-0.1832	-0.03184
0.773	-0.4496	-0.1829	-0.03168
0.772	-0.4497	-0.1826	-0.03152
0.771	-0.4498	-0.1823	-0.03137
0.77	-0.4498	-0.182	-0.03122
0.769	-0.4499	-0.1817	-0.03106
0.768	-0.45	-0.1814	-0.03091
0.767	-0.4501	-0.1811	-0.03076
0.766	-0.4501	-0.1808	-0.03061
0.765	-0.4502	-0.1805	-0.03046
0.764	-0.4503	-0.1802	-0.03032
0.763	-0.4504	-0.1799	-0.03018
0.762	-0.4504	-0.1796	-0.03004
0.761	-0.4505	-0.1793	-0.0299
0.76	-0.4505	-0.179	-0.02977
0.759	-0.4506	-0.1787	-0.02964
0.758	-0.4507	-0.1784	-0.02951
0.757	-0.4508	-0.1782	-0.02938
0.756	-0.4508	-0.1779	-0.02924
0.755	-0.4509	-0.1777	-0.02912
0.754	-0.451	-0.1774	-0.02899
0.753	-0.4512	-0.1771	-0.02887
0.752	-0.4513	-0.1769	-0.02875
0.751	-0.4515	-0.1766	-0.02863
0.75	-0.4516	-0.1763	-0.02851
0.749	-0.4517	-0.1761	-0.02838
0.748	-0.4518	-0.1758	-0.02826
0.747	-0.4519	-0.1756	-0.02815
0.746	-0.452	-0.1753	-0.02803
0.745	-0.4521	-0.1751	-0.02791
0.744	-0.4521	-0.1748	-0.02779
0.743	-0.4523	-0.1746	-0.02768
0.742	-0.4524	-0.1743	-0.02756
0.741	-0.4524	-0.174	-0.02745
0.74	-0.4525	-0.1738	-0.02734
0.739	-0.4526	-0.1736	-0.02723
0.738	-0.4526	-0.1734	-0.02711
0.737	-0.4527	-0.1732	-0.027
0.736	-0.4528	-0.1729	-0.02689
0.735	-0.4529	-0.1727	-0.02678
0.734	-0.4529	-0.1725	-0.02667
0.733	-0.453	-0.1722	-0.02657
0.732	-0.453	-0.172	-0.02645
0.731	-0.4531	-0.1718	-0.02635
0.73	-0.4532	-0.1715	-0.02624
0.729	-0.4533	-0.1713	-0.02614
0.728	-0.4532	-0.1711	-0.02603
0.727	-0.4533	-0.1709	-0.02592
0.726	-0.4535	-0.1706	-0.02582
0.725	-0.4536	-0.1704	-0.02572
0.724	-0.4537	-0.1702	-0.02561
0.723	-0.4537	-0.17	-0.02551
0.722	-0.4538	-0.1698	-0.0254
0.721	-0.4539	-0.1696	-0.0253
0.72	-0.4539	-0.1694	-0.0252
0.719	-0.4538	-0.1692	-0.0251
0.718	-0.4538	-0.169	-0.02501
0.717	-0.4538	-0.1688	-0.0249
0.716	-0.4539	-0.1686	-0.0248
0.715	-0.454	-0.1684	-0.02471
0.714	-0.454	-0.1682	-0.02461
0.713	-0.4541	-0.168	-0.02451
0.712	-0.4541	-0.1678	-0.02444
0.711	-0.4543	-0.1676	-0.02434
0.71	-0.4543	-0.1673	-0.02425
0.709	-0.4544	-0.1671	-0.02415
0.708	-0.4545	-0.1668	-0.02405
0.707	-0.4546	-0.1667	-0.02395
0.706	-0.4547	-0.1665	-0.02386
0.705	-0.4547	-0.1663	-0.02376
0.704	-0.4548	-0.1661	-0.02367
0.703	-0.4549	-0.1659	-0.02357
0.702	-0.4549	-0.1657	-0.02348
0.701	-0.455	-0.1655	-0.02338
0.7	-0.4551	-0.1653	-0.02328
0.699	-0.4552	-0.1651	-0.02318
0.698	-0.4552	-0.1649	-0.02309
0.697	-0.4554	-0.1647	-0.02299
0.696	-0.4556	-0.1645	-0.0229
0.695	-0.4557	-0.1643	-0.02281
0.694	-0.4558	-0.1642	-0.02271
0.693	-0.4559	-0.164	-0.02262
0.692	-0.4559	-0.1638	-0.02252
0.691	-0.456	-0.1636	-0.02243
0.69	-0.4561	-0.1634	-0.02233
0.689	-0.4562	-0.1633	-0.02224
0.688	-0.4563	-0.1631	-0.02216
0.687	-0.4564	-0.1629	-0.02206
0.686	-0.4565	-0.1627	-0.02197
0.685	-0.4566	-0.1625	-0.02187
0.684	-0.4567	-0.1623	-0.02178
0.683	-0.4567	-0.1621	-0.02169
0.682	-0.4568	-0.1619	-0.02161
0.681	-0.4569	-0.1617	-0.02152
0.68	-0.457	-0.1615	-0.02143
0.679	-0.4571	-0.1613	-0.02133
0.678	-0.4572	-0.1611	-0.02124
0.677	-0.4573	-0.1609	-0.02115
0.676	-0.4574	-0.1607	-0.02105
0.675	-0.4563	-0.1605	-0.02096
0.674	-0.455	-0.1603	-0.02087
0.673	-0.4541	-0.1601	-0.02077
0.672	-0.4533	-0.1599	-0.02068
0.671	-0.4527	-0.1597	-0.02058
0.67	-0.4516	-0.1596	-0.02049
0.669	-0.4504	-0.1594	-0.0204
0.668	-0.4498	-0.1592	-0.0203
0.667	-0.449	-0.159	-0.02021
0.666	-0.4477	-0.1588	-0.02012
0.665	-0.4464	-0.1586	-0.02002
0.664	-0.446	-0.1584	-0.01994
0.663	-0.4455	-0.1582	-0.01986
0.662	-0.4449	-0.158	-0.01977
0.661	-0.444	-0.1578	-0.01968
0.66	-0.4433	-0.1577	-0.01959
0.659	-0.4423	-0.1575	-0.0195
0.658	-0.4414	-0.1573	-0.01941
0.657	-0.4405	-0.1571	-0.01932
0.656	-0.4395	-0.1569	-0.01925
0.655	-0.4373	-0.1568	-0.01916
0.654	-0.4357	-0.1565	-0.01907
0.653	-0.4343	-0.1564	-0.01899
0.652	-0.4335	-0.1562	-0.0189
0.651	-0.4334	-0.156	-0.01881
0.65	-0.4322	-0.1558	-0.01873
0.649	-0.431	-0.1556	-0.01865
0.648	-0.4305	-0.1554	-0.01856
0.647	-0.4301	-0.1552	-0.01846
0.646	-0.4288	-0.1551	-0.01837
0.645	-0.428	-0.1549	-0.01827
0.644	-0.4277	-0.1547	-0.01817
0.643	-0.4272	-0.1545	-0.01808
0.642	-0.4252	-0.1543	-0.01802
0.641	-0.4238	-0.1541	-0.01795
0.64	-0.423	-0.1539	-0.01784
0.639	-0.4221	-0.1538	-0.01774
0.638	-0.421	-0.1536	-0.01764
0.637	-0.4199	-0.1534	-0.01755
0.636	-0.4192	-0.1532	-0.01745
0.635	-0.4186	-0.153	-0.01736
0.634	-0.4177	-0.1529	-0.01727
0.633	-0.4171	-0.1527	-0.01718
0.632	-0.4165	-0.1525	-0.01709
0.631	-0.4159	-0.1523	-0.01699
0.63	-0.4142	-0.1521	-0.0169
0.629	-0.4131	-0.1519	-0.01681
0.628	-0.4116	-0.1518	-0.01672
0.627	-0.4102	-0.1516	-0.01663
0.626	-0.4086	-0.1514	-0.01653
0.625	-0.4077	-0.1512	-0.01644
0.624	-0.4069	-0.151	-0.01635
0.623	-0.406	-0.1508	-0.01627
0.622	-0.4051	-0.1507	-0.01618
0.621	-0.4043	-0.1505	-0.01609
0.62	-0.4036	-0.1503	-0.016
0.619	-0.4023	-0.1501	-0.01592
0.618	-0.4007	-0.1499	-0.01583
0.617	-0.3995	-0.1497	-0.01575
0.616	-0.3982	-0.1496	-0.01566
0.615	-0.3973	-0.1494	-0.01558
0.614	-0.3966	-0.1492	-0.0155
0.613	-0.3962	-0.149	-0.01542
0.612	-0.3956	-0.1488	-0.01534
0.611	-0.3948	-0.1486	-0.01526
0.61	-0.3952	-0.1484	-0.01518
0.609	-0.3944	-0.1482	-0.01512
0.608	-0.3933	-0.1481	-0.01503
0.607	-0.3923	-0.1479	-0.01496
0.606	-0.3918	-0.1477	-0.01489
0.605	-0.3906	-0.1475	-0.01482
0.604	-0.3893	-0.1473	-0.01475
0.603	-0.3883	-0.1471	-0.01468
0.602	-0.3876	-0.1469	-0.01461
0.601	-0.3869	-0.1467	-0.01455
0.6	-0.3857	-0.1465	-0.01449
0.599	-0.3847	-0.1463	-0.01442
0.598	-0.3836	-0.1462	-0.01437
0.597	-0.3825	-0.146	-0.01431
0.596	-0.3816	-0.1458	-0.01426
0.595	-0.381	-0.1456	-0.0142
0.594	-0.3801	-0.1454	-0.01415
0.593	-0.379	-0.1452	-0.0141
0.592	-0.3776	-0.145	-0.01405
0.591	-0.3765	-0.1448	-0.01401
0.59	-0.3759	-0.1447	-0.01396
0.589	-0.375	-0.1445	-0.01392
0.588	-0.3741	-0.1443	-0.01387
0.587	-0.3732	-0.1441	-0.01383
0.586	-0.3722	-0.1438	-0.01379
0.585	-0.3712	-0.1437	-0.01375
0.584	-0.3702	-0.1435	-0.01372
0.583	-0.3692	-0.1432	-0.01368
0.582	-0.3684	-0.143	-0.01364
0.581	-0.3672	-0.1428	-0.01361
0.58	-0.3655	-0.1426	-0.01358
0.579	-0.3659	-0.1424	-0.01355
0.578	-0.3653	-0.1422	-0.01352
0.577	-0.365	-0.142	-0.01349
0.576	-0.3632	-0.1418	-0.01346
0.575	-0.3621	-0.1416	-0.01344
0.574	-0.3619	-0.1414	-0.01341
0.573	-0.3635	-0.1412	-0.01339
0.572	-0.3636	-0.141	-0.01336
0.571	-0.3632	-0.1408	-0.01335
0.57	-0.3627	-0.1406	-0.01336
0.569	-0.3621	-0.1404	-0.01334
0.568	-0.3616	-0.1402	-0.01332
0.567	-0.3608	-0.14	-0.01331
0.566	-0.3598	-0.1398	-0.01329
0.565	-0.3585	-0.1396	-0.01327
0.564	-0.3575	-0.1393	-0.01325
0.563	-0.3566	-0.1391	-0.01323
0.562	-0.3558	-0.1389	-0.01321
0.561	-0.3546	-0.1387	-0.01319
0.56	-0.3533	-0.1385	-0.01317
0.559	-0.3523	-0.1383	-0.01315
0.558	-0.3511	-0.138	-0.01314
0.557	-0.3501	-0.1378	-0.01312
0.556	-0.3495	-0.1376	-0.0131
0.555	-0.3484	-0.1373	-0.01308
0.554	-0.3467	-0.1371	-0.01306
0.553	-0.3455	-0.1368	-0.01305
0.552	-0.3448	-0.1366	-0.01303
0.551	-0.3441	-0.1364	-0.01301
0.55	-0.3433	-0.1362	-0.01299
0.549	-0.3423	-0.136	-0.01297
0.548	-0.3414	-0.1357	-0.01295
0.547	-0.3406	-0.1355	-0.01294
0.546	-0.3397	-0.1353	-0.01292
0.545	-0.3387	-0.1351	-0.01289
0.544	-0.3379	-0.1348	-0.01287
0.543	-0.3372	-0.1346	-0.01285
0.542	-0.3361	-0.1344	-0.01283
0.541	-0.3347	-0.1341	-0.01281
0.54	-0.3336	-0.1339	-0.01279
0.539	-0.3329	-0.1336	-0.01277
0.538	-0.3318	-0.1334	-0.01274
0.537	-0.3307	-0.1332	-0.01272
0.536	-0.3298	-0.1329	-0.0127
0.535	-0.329	-0.1327	-0.01267
0.534	-0.3283	-0.1324	-0.01265
0.533	-0.3272	-0.1322	-0.01263
0.532	-0.3264	-0.1319	-0.0126
0.531	-0.3257	-0.1316	-0.01258
0.53	-0.3248	-0.1314	-0.01255
0.529	-0.3238	-0.1311	-0.01253
0.528	-0.3234	-0.1309	-0.01251
0.527	-0.3223	-0.1306	-0.01248
0.526	-0.3212	-0.1304	-0.01246
0.525	-0.3203	-0.1302	-0.01243
0.524	-0.3195	-0.1299	-0.01241
0.523	-0.3184	-0.1297	-0.01238
0.522	-0.3174	-0.1294	-0.01236
0.521	-0.3161	-0.1292	-0.01233
0.52	-0.3155	-0.1289	-0.01231
0.519	-0.3147	-0.1287	-0.01228
0.518	-0.3129	-0.1284	-0.01227
0.517	-0.3119	-0.1282	-0.01223
0.516	-0.3116	-0.1279	-0.0122
0.515	-0.3108	-0.1277	-0.01218
0.514	-0.3099	-0.1274	-0.01215
0.513	-0.309	-0.1272	-0.01212
0.512	-0.3083	-0.1269	-0.01209
0.511	-0.3074	-0.1267	-0.01207
0.51	-0.3066	-0.1264	-0.01204
0.509	-0.3057	-0.1262	-0.01202
0.508	-0.3047	-0.1259	-0.01199
0.507	-0.3038	-0.1257	-0.01197
0.506	-0.3028	-0.1254	-0.01194
0.505	-0.3019	-0.1251	-0.01192
0.504	-0.3008	-0.1249	-0.01189
0.503	-0.3	-0.1246	-0.01186
0.502	-0.2993	-0.1243	-0.01183
0.501	-0.2985	-0.1241	-0.0118
0.5	-0.2977	-0.1238	-0.01177
0.499	-0.2965	-0.1235	-0.01175
0.498	-0.2958	-0.1232	-0.01172
0.497	-0.2947	-0.123	-0.01169
0.496	-0.294	-0.1227	-0.01166
0.495	-0.2931	-0.1225	-0.01163
0.494	-0.2922	-0.1221	-0.0116
0.493	-0.2914	-0.1219	-0.01157
0.492	-0.2903	-0.1216	-0.01154
0.491	-0.2895	-0.1213	-0.01152
0.49	-0.2887	-0.1211	-0.01149
0.489	-0.2876	-0.1208	-0.01146
0.488	-0.2867	-0.1206	-0.01143
0.487	-0.2859	-0.1203	-0.0114
0.486	-0.285	-0.1201	-0.01137
0.485	-0.2843	-0.1198	-0.01135
0.484	-0.2834	-0.1195	-0.01132
0.483	-0.2826	-0.1192	-0.01129
0.482	-0.2818	-0.119	-0.01127
0.481	-0.2809	-0.1187	-0.01124
0.48	-0.2801	-0.1184	-0.01121
0.479	-0.2791	-0.1182	-0.01118
0.478	-0.278	-0.1179	-0.01116
0.477	-0.2772	-0.1176	-0.01113
0.476	-0.2765	-0.1174	-0.0111
0.475	-0.2756	-0.1171	-0.01107
0.474	-0.2751	-0.1168	-0.01104
0.473	-0.2741	-0.1166	-0.01101
0.472	-0.2733	-0.1163	-0.01099
0.471	-0.272	-0.116	-0.01096
0.47	-0.2717	-0.1157	-0.01095
0.469	-0.2704	-0.1155	-0.01094
0.468	-0.2694	-0.1152	-0.01091
0.467	-0.2689	-0.1149	-0.01089
0.466	-0.2679	-0.1146	-0.01087
0.465	-0.2668	-0.1143	-0.01084
0.464	-0.2661	-0.114	-0.01081
0.463	-0.2652	-0.1137	-0.01078
0.462	-0.2644	-0.1135	-0.01075
0.461	-0.2636	-0.1132	-0.01072
0.46	-0.2625	-0.1129	-0.01069
0.459	-0.2615	-0.1127	-0.01067
0.458	-0.2607	-0.1124	-0.01064
0.457	-0.2599	-0.1121	-0.01061
0.456	-0.259	-0.1118	-0.01058
0.455	-0.2582	-0.1115	-0.01055
0.454	-0.2573	-0.1112	-0.01054
0.453	-0.2565	-0.1109	-0.01051
0.452	-0.2555	-0.1107	-0.01048
0.451	-0.2546	-0.1104	-0.01045
0.45	-0.2537	-0.1101	-0.01042
0.449	-0.2531	-0.1098	-0.0104
0.448	-0.2524	-0.1095	-0.01036
0.447	-0.2517	-0.1092	-0.01033
0.446	-0.2509	-0.109	-0.0103
0.445	-0.25	-0.1087	-0.01027
0.444	-0.2491	-0.1084	-0.01024
0.443	-0.2483	-0.1081	-0.01021
0.442	-0.2474	-0.1078	-0.01018
0.441	-0.2464	-0.1075	-0.01015
0.44	-0.2456	-0.1072	-0.01012
0.439	-0.2448	-0.107	-0.0101
0.438	-0.2439	-0.1067	-0.01007
0.437	-0.2429	-0.1064	-0.01004
0.436	-0.2421	-0.1062	-0.01001
0.435	-0.2412	-0.1059	-0.00999
0.434	-0.2401	-0.1056	-0.00996
0.433	-0.2392	-0.1053	-0.00993
0.432	-0.2385	-0.105	-0.00991
0.431	-0.2376	-0.1047	-0.00988
0.43	-0.2367	-0.1044	-0.00985
0.429	-0.2359	-0.1041	-0.00982
0.428	-0.235	-0.1038	-0.00979
0.427	-0.2342	-0.1035	-0.00977
0.426	-0.2334	-0.1033	-0.00974
0.425	-0.2325	-0.103	-0.00971
0.424	-0.2316	-0.1027	-0.00968
0.423	-0.2307	-0.1024	-0.00965
0.422	-0.2298	-0.1021	-0.00963
0.421	-0.2289	-0.1018	-0.0096
0.42	-0.228	-0.1015	-0.00957
0.419	-0.2271	-0.1012	-0.00955
0.418	-0.2261	-0.1009	-0.00952
0.417	-0.2254	-0.1006	-0.00949
0.416	-0.2246	-0.1003	-0.00947
0.415	-0.2236	-0.1	-0.00944
0.414	-0.2227	-0.09972	-0.00942
0.413	-0.2217	-0.09943	-0.00939
0.412	-0.2205	-0.09913	-0.00936
0.411	-0.2196	-0.09884	-0.00934
0.41	-0.2186	-0.09853	-0.0093
0.409	-0.217	-0.09823	-0.00928
0.408	-0.2162	-0.09794	-0.00925
0.407	-0.2156	-0.09764	-0.00923
0.406	-0.2145	-0.09733	-0.0092
0.405	-0.2137	-0.09701	-0.00918
0.404	-0.2129	-0.09671	-0.00915
0.403	-0.2123	-0.09642	-0.00912
0.402	-0.2116	-0.09611	-0.00909
0.401	-0.2106	-0.09581	-0.00907
0.4	-0.2097	-0.09552	-0.00905
0.399	-0.2089	-0.09522	-0.00902
0.398	-0.208	-0.09494	-0.00899
0.397	-0.2071	-0.09465	-0.00897
0.396	-0.2064	-0.09435	-0.00894
0.395	-0.2056	-0.09405	-0.00891
0.394	-0.2048	-0.09375	-0.00889
0.393	-0.204	-0.09345	-0.00886
0.392	-0.2032	-0.09315	-0.00884
0.391	-0.2025	-0.09286	-0.00881
0.39	-0.2016	-0.09256	-0.00879
0.389	-0.2008	-0.09227	-0.00876
0.388	-0.2003	-0.09198	-0.00874
0.387	-0.1996	-0.0917	-0.00872
0.386	-0.1985	-0.09143	-0.00869
0.385	-0.1978	-0.09112	-0.00866
0.384	-0.197	-0.09083	-0.00863
0.383	-0.1962	-0.09054	-0.00861
0.382	-0.1954	-0.09023	-0.00858
0.381	-0.1946	-0.08993	-0.00856
0.38	-0.1938	-0.08963	-0.00853
0.379	-0.1931	-0.08933	-0.0085
0.378	-0.1925	-0.08903	-0.00848
0.377	-0.192	-0.08873	-0.00845
0.376	-0.1914	-0.08844	-0.00842
0.375	-0.1912	-0.08815	-0.00839
0.374	-0.1909	-0.08786	-0.00836
0.373	-0.1904	-0.08756	-0.00834
0.372	-0.1896	-0.08725	-0.00831
0.371	-0.1887	-0.08696	-0.00829
0.37	-0.1879	-0.08663	-0.00826
0.369	-0.1871	-0.08632	-0.00823
0.368	-0.1862	-0.08603	-0.0082
0.367	-0.1854	-0.08574	-0.00818
0.366	-0.1846	-0.08546	-0.00815
0.365	-0.1837	-0.08515	-0.00812
0.364	-0.1828	-0.08486	-0.00809
0.363	-0.1818	-0.08457	-0.00807
0.362	-0.1809	-0.0843	-0.00804
0.361	-0.1801	-0.084	-0.00801
0.36	-0.1793	-0.08371	-0.00799
0.359	-0.1785	-0.08341	-0.00796
0.358	-0.1776	-0.08312	-0.00793
0.357	-0.1768	-0.08283	-0.0079
0.356	-0.1759	-0.08254	-0.00787
0.355	-0.175	-0.08225	-0.00785
0.354	-0.1741	-0.08198	-0.00782
0.353	-0.1733	-0.08169	-0.0078
0.352	-0.1724	-0.08139	-0.00777
0.351	-0.1715	-0.0811	-0.00774
0.35	-0.1707	-0.08081	-0.00772
0.349	-0.1699	-0.08052	-0.00769
0.348	-0.1691	-0.08024	-0.00766
0.347	-0.1683	-0.07996	-0.00764
0.346	-0.1674	-0.07967	-0.00762
0.345	-0.1667	-0.07938	-0.00759
0.344	-0.1658	-0.07908	-0.00757
0.343	-0.1649	-0.07879	-0.00754
0.342	-0.1641	-0.07852	-0.00751
0.341	-0.1633	-0.07823	-0.00749
0.34	-0.1624	-0.07795	-0.00746
0.339	-0.1616	-0.07765	-0.00743
0.338	-0.1607	-0.07737	-0.00741
0.337	-0.1597	-0.07707	-0.00738
0.336	-0.1587	-0.07678	-0.00735
0.335	-0.1579	-0.0765	-0.00732
0.334	-0.1572	-0.07621	-0.0073
0.333	-0.1562	-0.07593	-0.00727
0.332	-0.1551	-0.07566	-0.00724
0.331	-0.154	-0.07538	-0.00722
0.33	-0.1531	-0.0751	-0.00719
0.329	-0.1523	-0.07482	-0.00716
0.328	-0.1514	-0.07454	-0.00713
0.327	-0.1506	-0.07425	-0.00711
0.326	-0.1498	-0.07397	-0.00708
0.325	-0.1489	-0.07368	-0.00705
0.324	-0.1483	-0.0734	-0.00703
0.323	-0.1475	-0.07312	-0.007
0.322	-0.1467	-0.07285	-0.00697
0.321	-0.1459	-0.07256	-0.00695
0.32	-0.1451	-0.07229	-0.00692
0.319	-0.1442	-0.07201	-0.00689
0.318	-0.1434	-0.07173	-0.00686
0.317	-0.1426	-0.07145	-0.00684
0.316	-0.1418	-0.07116	-0.00681
0.315	-0.1409	-0.07088	-0.00679
0.314	-0.14	-0.0706	-0.00676
0.313	-0.1391	-0.07033	-0.00673
0.312	-0.1383	-0.07006	-0.0067
0.311	-0.1375	-0.06979	-0.00668
0.31	-0.1367	-0.06951	-0.00665
0.309	-0.1359	-0.06924	-0.00662
0.308	-0.135	-0.06897	-0.00659
0.307	-0.1341	-0.06868	-0.00657
0.306	-0.1334	-0.0684	-0.00654
0.305	-0.1326	-0.06814	-0.00651
0.304	-0.1318	-0.06787	-0.00648
0.303	-0.131	-0.06761	-0.00646
0.302	-0.1303	-0.06733	-0.00643
0.301	-0.1295	-0.06705	-0.0064
0.3	-0.1287	-0.06679	-0.00637
0.299	-0.1279	-0.06652	-0.00634
0.298	-0.1271	-0.06625	-0.00632
0.297	-0.1263	-0.06598	-0.00629
0.296	-0.1255	-0.06571	-0.00626
0.295	-0.1247	-0.06543	-0.00623
0.294	-0.1239	-0.06516	-0.0062
0.293	-0.1231	-0.0649	-0.00618
0.292	-0.1223	-0.06463	-0.00614
0.291	-0.1216	-0.06436	-0.00612
0.29	-0.1208	-0.06409	-0.00609
0.289	-0.12	-0.06382	-0.00606
0.288	-0.1191	-0.06355	-0.00603
0.287	-0.1184	-0.06328	-0.006
0.286	-0.1176	-0.06301	-0.00597
0.285	-0.1168	-0.06274	-0.00595
0.284	-0.116	-0.06247	-0.00592
0.283	-0.1152	-0.0622	-0.00589
0.282	-0.1144	-0.06192	-0.00586
0.281	-0.1136	-0.06165	-0.00583
0.28	-0.1128	-0.06138	-0.0058
0.279	-0.112	-0.06111	-0.00577
0.278	-0.1112	-0.06084	-0.00574
0.277	-0.1104	-0.06057	-0.00572
0.276	-0.1096	-0.06031	-0.00569
0.275	-0.1088	-0.06004	-0.00566
0.274	-0.108	-0.05976	-0.00563
0.273	-0.1073	-0.0595	-0.0056
0.272	-0.1065	-0.05923	-0.00557
0.271	-0.1057	-0.05897	-0.00555
0.27	-0.1049	-0.05869	-0.00551
0.269	-0.1042	-0.05842	-0.00548
0.268	-0.1034	-0.05815	-0.00545
0.267	-0.1026	-0.05788	-0.00543
0.266	-0.1018	-0.05761	-0.0054
0.265	-0.101	-0.05734	-0.00537
0.264	-0.1003	-0.05707	-0.00534
0.263	-0.09949	-0.05679	-0.00531
0.262	-0.09871	-0.05652	-0.00528
0.261	-0.09794	-0.05625	-0.00525
0.26	-0.0972	-0.05598	-0.00522
0.259	-0.09643	-0.05571	-0.00519
0.258	-0.09566	-0.05544	-0.00516
0.257	-0.09488	-0.05517	-0.00513
0.256	-0.09412	-0.0549	-0.0051
0.255	-0.09335	-0.05463	-0.00507
0.254	-0.09257	-0.05436	-0.00504
0.253	-0.09179	-0.05409	-0.00501
0.252	-0.09101	-0.05382	-0.00497
0.251	-0.09023	-0.05357	-0.00494
0.25	-0.08944	-0.05329	-0.00491
0.249	-0.08865	-0.05301	-0.00488
0.248	-0.08787	-0.05275	-0.00485
0.247	-0.08712	-0.05248	-0.00482
0.246	-0.08637	-0.05221	-0.00479
0.245	-0.08561	-0.05194	-0.00476
0.244	-0.08485	-0.05167	-0.00473
0.243	-0.0841	-0.0514	-0.00469
0.242	-0.08335	-0.05114	-0.00466
0.241	-0.08259	-0.05087	-0.00463
0.24	-0.08185	-0.05062	-0.0046
0.239	-0.0811	-0.05036	-0.00457
0.238	-0.08036	-0.0501	-0.00454
0.237	-0.07956	-0.04983	-0.0045
0.236	-0.07879	-0.04957	-0.00447
0.235	-0.07807	-0.0493	-0.00444
0.234	-0.07735	-0.04903	-0.00441
0.233	-0.07665	-0.04877	-0.00438
0.232	-0.07595	-0.04851	-0.00435
0.231	-0.07519	-0.04824	-0.00431
0.23	-0.07449	-0.04797	-0.00428
0.229	-0.07375	-0.04771	-0.00425
0.228	-0.07298	-0.04744	-0.00421
0.227	-0.07223	-0.04718	-0.00418
0.226	-0.07152	-0.04691	-0.00415
0.225	-0.07077	-0.04665	-0.00412
0.224	-0.07003	-0.04638	-0.00408
0.223	-0.0693	-0.04612	-0.00405
0.222	-0.06857	-0.04586	-0.00402
0.221	-0.06784	-0.0456	-0.00399
0.22	-0.06712	-0.04533	-0.00395
0.219	-0.06641	-0.04506	-0.00392
0.218	-0.06568	-0.04481	-0.00389
0.217	-0.06496	-0.04454	-0.00385
0.216	-0.06424	-0.04428	-0.00382
0.215	-0.06352	-0.04401	-0.00379
0.214	-0.06279	-0.04375	-0.00375
0.213	-0.06206	-0.04348	-0.00372
0.212	-0.06134	-0.04321	-0.00369
0.211	-0.06062	-0.04293	-0.00366
0.21	-0.05991	-0.04266	-0.00363
0.209	-0.05919	-0.0424	-0.0036
0.208	-0.05848	-0.04213	-0.00356
0.207	-0.05777	-0.04186	-0.00353
0.206	-0.05706	-0.04159	-0.00349
0.205	-0.05635	-0.04132	-0.00346
0.204	-0.05565	-0.04104	-0.00342
0.203	-0.05494	-0.04077	-0.00339
0.202	-0.05424	-0.0405	-0.00336
0.201	-0.05353	-0.04023	-0.00332
0.2	-0.05283	-0.03996	-0.00329
0.199	-0.05214	-0.03969	-0.00325
0.198	-0.05144	-0.03941	-0.00322
0.197	-0.05078	-0.03914	-0.00318
0.196	-0.05008	-0.03886	-0.00315
0.195	-0.04942	-0.03858	-0.00312
0.194	-0.04874	-0.03831	-0.00308
0.193	-0.04804	-0.03803	-0.00305
0.192	-0.04734	-0.03775	-0.00301
0.191	-0.04665	-0.03747	-0.00298
0.19	-0.04597	-0.0372	-0.00294
0.189	-0.04528	-0.03692	-0.00291
0.188	-0.04461	-0.03664	-0.00288
0.187	-0.04393	-0.03638	-0.00284
0.186	-0.04326	-0.03608	-0.0028
0.185	-0.04257	-0.03581	-0.00277
0.184	-0.0419	-0.03554	-0.00273
0.183	-0.04122	-0.03525	-0.0027
0.182	-0.04056	-0.03498	-0.00266
0.181	-0.0399	-0.0347	-0.00263
0.18	-0.03923	-0.03442	-0.00259
0.179	-0.03856	-0.03414	-0.00256
0.178	-0.03789	-0.03386	-0.00252
0.177	-0.03724	-0.03358	-0.00249
0.176	-0.03659	-0.03331	-0.00245
0.175	-0.03593	-0.03303	-0.00242
0.174	-0.03528	-0.03275	-0.00238
0.173	-0.03463	-0.03247	-0.00235
0.172	-0.03395	-0.03219	-0.00231
0.171	-0.03329	-0.03191	-0.00228
0.17	-0.03264	-0.03163	-0.00224
0.169	-0.03201	-0.03136	-0.0022
0.168	-0.03137	-0.03108	-0.00217
0.167	-0.03073	-0.0308	-0.00213
0.166	-0.03009	-0.03052	-0.0021
0.165	-0.02946	-0.03025	-0.00206
0.164	-0.02884	-0.02998	-0.00203
0.163	-0.02821	-0.0297	-0.00199
0.162	-0.02758	-0.02943	-0.00196
0.161	-0.02696	-0.02916	-0.00192
0.16	-0.02634	-0.02889	-0.00188
0.159	-0.02572	-0.02862	-0.00185
0.158	-0.0251	-0.02835	-0.00181
0.157	-0.02449	-0.02808	-0.00178
0.156	-0.02388	-0.02781	-0.00174
0.155	-0.02327	-0.02754	-0.00171
0.154	-0.02266	-0.02727	-0.00167
0.153	-0.02205	-0.02701	-0.00163
0.152	-0.02145	-0.02675	-0.0016
0.151	-0.02085	-0.02648	-0.00156
0.15	-0.02026	-0.02622	-0.00153
0.149	-0.01967	-0.02596	-0.0015
0.148	-0.01909	-0.0257	-0.00146
0.147	-0.0185	-0.02545	-0.00143
0.146	-0.01792	-0.02519	-0.00139
0.145	-0.01734	-0.02494	-0.00135
0.144	-0.01676	-0.02469	-0.00132
0.143	-0.01618	-0.02444	-0.00128
0.142	-0.01561	-0.02419	-0.00125
0.141	-0.01503	-0.02395	-0.00121
0.14	-0.01446	-0.0237	-0.00118
0.139	-0.0139	-0.02346	-0.00114
0.138	-0.01334	-0.02322	-0.0011
0.137	-0.01278	-0.02298	-0.00107
0.136	-0.01222	-0.02275	-0.00103
0.135	-0.01167	-0.02251	-9.995E-4
0.134	-0.01111	-0.02228	-9.631E-4
0.133	-0.01057	-0.02206	-9.285E-4
0.132	-0.01002	-0.02183	-8.931E-4
0.131	-0.00949	-0.02162	-8.598E-4
0.13	-0.00895	-0.0214	-8.234E-4
0.129	-0.00842	-0.02119	-7.887E-4
0.128	-0.00789	-0.02098	-7.539E-4
0.127	-0.00736	-0.02077	-7.212E-4
0.126	-0.00684	-0.02057	-6.854E-4
0.125	-0.00632	-0.02037	-6.519E-4
0.124	-0.00581	-0.02018	-6.167E-4
0.123	-0.00531	-0.02	-5.821E-4
0.122	-0.0048	-0.01982	-5.473E-4
0.121	-0.0043	-0.01964	-5.135E-4
0.12	-0.0038	-0.01947	-4.799E-4
0.119	-0.0033	-0.01932	-4.447E-4
0.118	-0.00282	-0.01918	-4.099E-4
0.117	-0.00233	-0.01903	-3.787E-4
0.116	-0.00184	-0.01889	-3.435E-4
0.115	-0.00136	-0.01876	-3.12E-4
0.114	-8.852E-4	-0.01864	-2.783E-4
0.113	-4.043E-4	-0.01854	-2.455E-4
0.112	7E-5	-0.01844	-2.133E-4
0.111	5.464E-4	-0.01835	-1.804E-4
0.11	0.00102	-0.01827	-1.483E-4
0.109	0.00149	-0.0182	-1.169E-4
0.108	0.00197	-0.01815	-8.395E-5
0.107	0.00243	-0.01812	-5.341E-5
0.106	0.0029	-0.0181	-2.189E-5
0.105	0.00336	-0.01809	1.119E-5
0.104	0.00383	-0.0181	4.3E-5
0.103	0.0043	-0.01813	7.462E-5
0.102	0.00477	-0.01818	1.059E-4
0.101	0.00525	-0.01825	1.356E-4
0.1	0.00572	-0.01834	1.672E-4
0.099	0.00619	-0.01847	1.957E-4
0.098	0.00666	-0.01861	2.272E-4
0.097	0.00713	-0.01879	2.572E-4
0.096	0.0076	-0.01899	2.877E-4
0.095	0.00808	-0.01922	3.181E-4
0.094	0.00855	-0.01947	3.499E-4
0.093	0.00903	-0.01977	3.818E-4
0.092	0.00951	-0.02011	4.143E-4
0.091	0.00998	-0.02049	4.446E-4
0.09	0.01045	-0.02091	4.768E-4
0.089	0.01092	-0.02137	5.069E-4
0.088	0.01139	-0.02188	5.362E-4
0.087	0.01187	-0.02243	5.67E-4
0.086	0.01233	-0.02304	5.992E-4
0.085	0.01281	-0.02369	6.302E-4
0.084	0.0133	-0.0244	6.601E-4
0.083	0.01378	-0.02515	6.925E-4
0.082	0.01426	-0.02596	7.249E-4
0.081	0.01475	-0.02683	7.556E-4
0.08	0.01523	-0.02774	7.873E-4
0.079	0.01572	-0.0287	8.196E-4
0.078	0.01621	-0.0297	8.52E-4
0.077	0.0167	-0.03074	8.841E-4
0.076	0.01719	-0.03181	9.162E-4
0.075	0.01768	-0.0329	9.474E-4
0.074	0.01816	-0.034	9.794E-4
0.073	0.01865	-0.03511	0.00101
0.072	0.01914	-0.0362	0.00104
0.071	0.01963	-0.03728	0.00108
0.07	0.02012	-0.03832	0.00111
0.069	0.02062	-0.03931	0.00114
0.068	0.02111	-0.04023	0.00118
0.067	0.0216	-0.04108	0.00121
0.066	0.02209	-0.04187	0.00124
0.065	0.02258	-0.04257	0.00127
0.064	0.02307	-0.04319	0.00131
0.063	0.02356	-0.04373	0.00134
0.062	0.02405	-0.04418	0.00137
0.061	0.02455	-0.04455	0.00141
0.06	0.02504	-0.04483	0.00144
0.059	0.02553	-0.04504	0.00147
0.058	0.02602	-0.04517	0.00151
0.057	0.02651	-0.04523	0.00154
0.056	0.027	-0.04523	0.00158
0.055	0.02749	-0.04516	0.00161
0.054	0.02798	-0.04504	0.00164
0.053	0.02847	-0.04486	0.00168
0.052	0.02896	-0.04462	0.00171
0.051	0.02945	-0.04435	0.00175
0.05	0.02994	-0.04402	0.00178
0.049	0.03043	-0.04367	0.00182
0.048	0.03092	-0.04327	0.00185
0.047	0.03142	-0.04283	0.00189
0.046	0.03191	-0.04237	0.00192
0.045	0.0324	-0.04187	0.00196
0.044	0.0329	-0.04136	0.00199
0.043	0.03339	-0.04082	0.00203
0.042	0.03387	-0.04026	0.00206
0.041	0.03436	-0.03968	0.00209
0.04	0.03485	-0.03909	0.00213
0.039	0.03534	-0.03848	0.00216
0.038	0.03584	-0.03784	0.0022
0.037	0.03633	-0.03719	0.00223
0.036	0.03682	-0.03654	0.00227
0.035	0.03731	-0.03588	0.0023
0.034	0.0378	-0.03521	0.00234
0.033	0.03829	-0.03453	0.00237
0.032	0.03878	-0.03384	0.0024
0.031	0.03927	-0.03315	0.00244
0.03	0.03976	-0.03246	0.00247
0.029	0.04026	-0.03176	0.00251
0.028	0.04075	-0.03106	0.00255
0.027	0.04124	-0.03035	0.00258
0.026	0.04172	-0.02964	0.00261
0.025	0.04221	-0.02894	0.00265
0.024	0.0427	-0.02824	0.00268
0.023	0.04319	-0.02754	0.00272
0.022	0.04367	-0.02683	0.00275
0.021	0.04416	-0.02613	0.00279
0.02	0.04465	-0.02543	0.00282
0.019	0.04514	-0.02474	0.00286
0.018	0.04563	-0.02405	0.00289
0.017	0.04612	-0.02336	0.00293
0.016	0.04661	-0.02267	0.00296
0.015	0.04711	-0.02198	0.003
0.014	0.0476	-0.02131	0.00303
0.013	0.04809	-0.02064	0.00307
0.012	0.04858	-0.01996	0.0031
0.011	0.04907	-0.01932	0.00314
0.01	0.04956	-0.01867	0.00317
0.009	0.05005	-0.01801	0.00321
0.008	0.05054	-0.01737	0.00324
0.007	0.05103	-0.01673	0.00328
0.006	0.05153	-0.01609	0.00331
0.005	0.05202	-0.01546	0.00335
0.004	0.05251	-0.01483	0.00338
0.003	0.053	-0.01422	0.00342
0.002	0.0535	-0.0136	0.00346
0.001	0.05398	-0.01301	0.00349
0	0.05449	-0.0124	0.00353
-0.001	0.05499	-0.0118	0.00356
-0.002	0.05549	-0.01121	0.0036
-0.003	0.05598	-0.01063	0.00363
-0.004	0.05648	-0.01005	0.00367
-0.005	0.05697	-0.00949	0.0037
-0.006	0.05746	-0.00893	0.00374
-0.007	0.05795	-0.00838	0.00377
-0.008	0.05844	-0.00783	0.00381
-0.009	0.05893	-0.00728	0.00384
-0.01	0.05941	-0.00674	0.00388
-0.011	0.0599	-0.00621	0.00391
-0.012	0.0604	-0.00569	0.00395
-0.013	0.06089	-0.00518	0.00398
-0.014	0.06139	-0.00466	0.00402
-0.015	0.06188	-0.00415	0.00405
-0.016	0.06237	-0.00365	0.00409
-0.017	0.06286	-0.00316	0.00412
-0.018	0.06336	-0.00267	0.00415
-0.019	0.06386	-0.00218	0.00419
-0.02	0.06435	-0.0017	0.00423
-0.021	0.06484	-0.00124	0.00426
-0.022	0.06534	-7.652E-4	0.00429
-0.023	0.06583	-3.004E-4	0.00433
-0.024	0.06632	1.591E-4	0.00436
-0.025	0.06681	6.204E-4	0.00439
-0.026	0.0673	0.00108	0.00443
-0.027	0.0678	0.00152	0.00446
-0.028	0.0683	0.00197	0.0045
-0.029	0.06879	0.0024	0.00453
-0.03	0.06928	0.00283	0.00456
-0.031	0.06977	0.00326	0.0046
-0.032	0.07027	0.00369	0.00463
-0.033	0.07073	0.00412	0.00466
-0.034	0.07124	0.00454	0.0047
-0.035	0.07174	0.00495	0.00473
-0.036	0.07223	0.00537	0.00476
-0.037	0.07272	0.00577	0.00479
-0.038	0.07321	0.00618	0.00483
-0.039	0.07371	0.00658	0.00486
-0.04	0.07419	0.00698	0.00489
-0.041	0.07468	0.00738	0.00492
-0.042	0.07514	0.00777	0.00496
-0.043	0.07563	0.00817	0.00499
-0.044	0.07611	0.00851	0.00502
-0.045	0.07659	0.00892	0.00505
-0.046	0.07704	0.00933	0.00509
-0.047	0.07747	0.00971	0.00512
-0.048	0.07795	0.01009	0.00515
-0.049	0.07842	0.01047	0.00518
-0.05	0.07892	0.01085	0.00521
-0.051	0.07941	0.01123	0.00524
-0.052	0.07991	0.01161	0.00527
-0.053	0.08041	0.01198	0.0053
-0.054	0.08091	0.01234	0.00534
-0.055	0.0814	0.01272	0.00537
-0.056	0.0819	0.01309	0.0054
-0.057	0.0824	0.01347	0.00543
-0.058	0.0829	0.01384	0.00546
-0.059	0.0834	0.01421	0.00549
-0.06	0.08389	0.01458	0.00552
-0.061	0.08439	0.01495	0.00556
-0.062	0.08488	0.01533	0.00559
-0.063	0.08537	0.0157	0.00562
-0.064	0.08585	0.01607	0.00565
-0.065	0.08634	0.01645	0.00568
-0.066	0.08683	0.01682	0.0057
-0.067	0.08734	0.01719	0.00573
-0.068	0.08782	0.01757	0.00576
-0.069	0.08833	0.01794	0.00579
-0.07	0.08881	0.01831	0.00583
-0.071	0.0893	0.01869	0.00586
-0.072	0.0898	0.01906	0.00589
-0.073	0.0903	0.01944	0.00592
-0.074	0.09077	0.01981	0.00595
-0.075	0.09125	0.02019	0.00598
-0.076	0.09173	0.02058	0.00601
-0.077	0.09223	0.02095	0.00604
-0.078	0.09272	0.02134	0.00607
-0.079	0.0932	0.02172	0.0061
-0.08	0.0937	0.0221	0.00613
-0.081	0.09417	0.02248	0.00615
-0.082	0.09467	0.02286	0.00618
-0.083	0.09516	0.02326	0.00621
-0.084	0.09569	0.02365	0.00624
-0.085	0.09621	0.02403	0.00627
-0.086	0.09667	0.02443	0.0063
-0.087	0.09715	0.02482	0.00633
-0.088	0.09762	0.02522	0.00636
-0.089	0.09814	0.02562	0.00638
-0.09	0.0986	0.02601	0.00641
-0.091	0.09909	0.02642	0.00644
-0.092	0.09957	0.02682	0.00647
-0.093	0.1001	0.02722	0.0065
-0.094	0.1005	0.02763	0.00653
-0.095	0.101	0.02804	0.00656
-0.096	0.1015	0.02845	0.00658
-0.097	0.102	0.02887	0.00661
-0.098	0.1025	0.02928	0.00664
-0.099	0.1029	0.0297	0.00667
-0.1	0.1034	0.03012	0.0067
-0.101	0.1039	0.03055	0.00672
-0.102	0.1043	0.03098	0.00675
-0.103	0.1048	0.03141	0.00678
-0.104	0.1053	0.03185	0.00681
-0.105	0.1058	0.03229	0.00683
-0.106	0.1062	0.03273	0.00686
-0.107	0.1066	0.03317	0.00689
-0.108	0.1071	0.03362	0.00692
-0.109	0.1076	0.03406	0.00694
-0.11	0.1081	0.03452	0.00697
-0.111	0.1086	0.03497	0.007
-0.112	0.1091	0.03544	0.00702
-0.113	0.1095	0.0359	0.00705
-0.114	0.11	0.03637	0.00708
-0.115	0.1105	0.03684	0.0071
-0.116	0.1109	0.03732	0.00713
-0.117	0.1114	0.0378	0.00716
-0.118	0.1119	0.03828	0.00718
-0.119	0.1123	0.03877	0.00721
-0.12	0.1128	0.03927	0.00723
-0.121	0.1132	0.03977	0.00726
-0.122	0.1137	0.04029	0.00729
-0.123	0.1142	0.0408	0.00731
-0.124	0.1146	0.04132	0.00734
-0.125	0.1151	0.04184	0.00736
-0.126	0.1156	0.04237	0.00739
-0.127	0.116	0.04291	0.00741
-0.128	0.1164	0.04345	0.00744
-0.129	0.1169	0.04399	0.00746
-0.13	0.1173	0.04455	0.00749
-0.131	0.1178	0.04511	0.00751
-0.132	0.1182	0.04568	0.00754
-0.133	0.1187	0.04626	0.00756
-0.134	0.1191	0.04685	0.00759
-0.135	0.1196	0.04745	0.00761
-0.136	0.12	0.04806	0.00764
-0.137	0.1205	0.04867	0.00766
-0.138	0.1209	0.04928	0.00769
-0.139	0.1213	0.0499	0.00771
-0.14	0.1218	0.05054	0.00774
-0.141	0.1222	0.05118	0.00776
-0.142	0.1227	0.05183	0.00778
-0.143	0.1231	0.05249	0.00781
-0.144	0.1235	0.05315	0.00783
-0.145	0.1239	0.05382	0.00786
-0.146	0.1243	0.0545	0.00788
-0.147	0.1248	0.05519	0.0079
-0.148	0.1252	0.05589	0.00793
-0.149	0.1256	0.05659	0.00795
-0.15	0.126	0.05729	0.00797
-0.151	0.1264	0.058	0.008
-0.152	0.1269	0.05873	0.00802
-0.153	0.1273	0.05945	0.00804
-0.154	0.1277	0.06019	0.00807
-0.155	0.1281	0.06093	0.00809
-0.156	0.1285	0.06168	0.00811
-0.157	0.129	0.06243	0.00815
-0.158	0.1295	0.0632	0.00817
-0.159	0.1299	0.06397	0.0082
-0.16	0.1303	0.06475	0.00822
-0.161	0.1307	0.06553	0.00824
-0.162	0.1311	0.06631	0.00826
-0.163	0.1315	0.06711	0.00829
-0.164	0.1318	0.06791	0.00831
-0.165	0.1322	0.06871	0.00833
-0.166	0.1326	0.06952	0.00836
-0.167	0.133	0.07034	0.00838
-0.168	0.1333	0.07116	0.0084
-0.169	0.1337	0.07199	0.00842
-0.17	0.1341	0.07282	0.00845
-0.171	0.1345	0.07365	0.00847
-0.172	0.1348	0.0745	0.00849
-0.173	0.1352	0.07533	0.00851
-0.174	0.1355	0.07619	0.00853
-0.175	0.1359	0.07704	0.00855
-0.176	0.1362	0.0779	0.00857
-0.177	0.1365	0.07876	0.0086
-0.178	0.1369	0.07964	0.00862
-0.179	0.1372	0.08051	0.00864
-0.18	0.1375	0.08139	0.00866
-0.181	0.1379	0.08227	0.00868
-0.182	0.1382	0.08316	0.0087
-0.183	0.1385	0.08405	0.00872
-0.184	0.1388	0.08494	0.00874
-0.185	0.1391	0.08584	0.00876
-0.186	0.1394	0.08674	0.00878
-0.187	0.1397	0.08765	0.0088
-0.188	0.14	0.08856	0.00883
-0.189	0.1403	0.08947	0.00885
-0.19	0.1406	0.09039	0.00887
-0.191	0.1409	0.0913	0.00888
-0.192	0.1412	0.09222	0.0089
-0.193	0.1415	0.09314	0.00892
-0.194	0.1418	0.09407	0.00894
-0.195	0.1421	0.095	0.00896
-0.196	0.1423	0.09594	0.00898
-0.197	0.1425	0.09687	0.009
-0.198	0.1428	0.09781	0.00902
-0.199	0.1431	0.09875	0.00904
-0.2	0.1433	0.0997	0.00906
-0.201	0.1436	0.1006	0.00908
-0.202	0.1438	0.1016	0.0091
-0.203	0.144	0.1025	0.00912
-0.204	0.1443	0.1035	0.00914
-0.205	0.1445	0.1045	0.00916
-0.206	0.1447	0.1054	0.00918
-0.207	0.1449	0.1064	0.0092
-0.208	0.1451	0.1073	0.00922
-0.209	0.1453	0.1083	0.00924
-0.21	0.1455	0.1092	0.00926
-0.211	0.1457	0.1102	0.00928
-0.212	0.1458	0.1112	0.0093
-0.213	0.146	0.1122	0.00932
-0.214	0.1462	0.1131	0.00934
-0.215	0.1463	0.1141	0.00936
-0.216	0.1465	0.1151	0.00938
-0.217	0.1466	0.1161	0.0094
-0.218	0.1468	0.117	0.00942
-0.219	0.1469	0.118	0.00943
-0.22	0.147	0.119	0.00945
-0.221	0.1469	0.12	0.00947
-0.222	0.147	0.121	0.00949
-0.223	0.1471	0.122	0.00951
-0.224	0.1472	0.123	0.00953
-0.225	0.1473	0.1239	0.00955
-0.226	0.1474	0.1249	0.00957
-0.227	0.1475	0.1259	0.00959
-0.228	0.1476	0.1269	0.00961
-0.229	0.1477	0.1279	0.00963
-0.23	0.1477	0.1289	0.00964
-0.231	0.1477	0.1299	0.00966
-0.232	0.1478	0.1309	0.00968
-0.233	0.1478	0.1319	0.0097
-0.234	0.1478	0.1329	0.00972
-0.235	0.1478	0.1339	0.00974
-0.236	0.1478	0.1349	0.00976
-0.237	0.1478	0.1359	0.00977
-0.238	0.1478	0.1369	0.00979
-0.239	0.1478	0.1379	0.00981
-0.24	0.1477	0.1389	0.00983
-0.241	0.1475	0.1399	0.00985
-0.242	0.1475	0.1409	0.00987
-0.243	0.1476	0.1419	0.00988
-0.244	0.1475	0.143	0.0099
-0.245	0.1474	0.144	0.00992
-0.246	0.1473	0.145	0.00994
-0.247	0.1472	0.146	0.00995
-0.248	0.1471	0.147	0.00997
-0.249	0.147	0.1481	0.00999
-0.25	0.1468	0.1491	0.01001
-0.251	0.1467	0.1501	0.01003
-0.252	0.1466	0.1511	0.01005
-0.253	0.1464	0.1522	0.01006
-0.254	0.1462	0.1532	0.01008
-0.255	0.146	0.1542	0.0101
-0.256	0.1458	0.1553	0.01012
-0.257	0.1456	0.1564	0.01013
-0.258	0.1454	0.1574	0.01015
-0.259	0.1451	0.1585	0.01017
-0.26	0.1449	0.1595	0.01019
-0.261	0.1447	0.1605	0.01021
-0.262	0.1444	0.1616	0.01022
-0.263	0.1441	0.1626	0.01024
-0.264	0.1438	0.1637	0.01026
-0.265	0.1435	0.1647	0.01028
-0.266	0.1432	0.1657	0.01029
-0.267	0.1429	0.1667	0.01031
-0.268	0.1425	0.1678	0.01033
-0.269	0.1421	0.1688	0.01035
-0.27	0.1417	0.1698	0.01036
-0.271	0.1414	0.1708	0.01038
-0.272	0.1409	0.1718	0.0104
-0.273	0.1405	0.1728	0.01042
-0.274	0.1401	0.1739	0.01044
-0.275	0.1396	0.1749	0.01045
-0.276	0.1392	0.1759	0.01047
-0.277	0.1388	0.1769	0.01049
-0.278	0.1382	0.1779	0.01051
-0.279	0.1377	0.1789	0.01052
-0.28	0.1372	0.1799	0.01054
-0.281	0.1367	0.1809	0.01056
-0.282	0.1361	0.182	0.01057
-0.283	0.1356	0.183	0.01059
-0.284	0.135	0.184	0.01061
-0.285	0.1344	0.185	0.01062
-0.286	0.1338	0.186	0.01064
-0.287	0.1333	0.1871	0.01066
-0.288	0.1326	0.1881	0.01067
-0.289	0.132	0.1891	0.01069
-0.29	0.1313	0.1902	0.0107
-0.291	0.1307	0.1912	0.01072
-0.292	0.1301	0.1922	0.01074
-0.293	0.1294	0.1933	0.01075
-0.294	0.1287	0.1943	0.01077
-0.295	0.128	0.1953	0.01078
-0.296	0.1273	0.1963	0.0108
-0.297	0.1266	0.1973	0.01081
-0.298	0.1259	0.1984	0.01082
-0.299	0.1252	0.1994	0.01084
-0.3	0.1244	0.2004	0.01085
-0.301	0.1238	0.2014	0.01087
-0.302	0.1231	0.2025	0.01088
-0.303	0.1224	0.2034	0.0109
-0.304	0.1216	0.2043	0.01091
-0.305	0.1208	0.2053	0.01092
-0.306	0.12	0.2062	0.01094
-0.307	0.1192	0.2072	0.01095
-0.308	0.1184	0.2083	0.01097
-0.309	0.1176	0.2093	0.01098
-0.31	0.1168	0.2103	0.01099
-0.311	0.116	0.2113	0.01101
-0.312	0.1152	0.2123	0.01102
-0.313	0.1144	0.2134	0.01103
-0.314	0.1136	0.2145	0.01104
-0.315	0.1128	0.2154	0.01106
-0.316	0.112	0.2164	0.01107
-0.317	0.1112	0.2174	0.01108
-0.318	0.1104	0.2184	0.0111
-0.319	0.1096	0.2194	0.01111
-0.32	0.1088	0.2205	0.01112
-0.321	0.108	0.2215	0.01113
-0.322	0.1072	0.2225	0.01115
-0.323	0.1065	0.2236	0.01116
-0.324	0.1058	0.2246	0.01117
-0.325	0.105	0.2256	0.01118
-0.326	0.1043	0.2266	0.0112
-0.327	0.1035	0.2275	0.01121
-0.328	0.1028	0.2285	0.01122
-0.329	0.1021	0.2295	0.01123
-0.33	0.1013	0.2304	0.01124
-0.331	0.1006	0.2315	0.01125
-0.332	0.0999	0.2324	0.01126
-0.333	0.09922	0.2334	0.01127
-0.334	0.09855	0.2344	0.01128
-0.335	0.09789	0.2354	0.01129
-0.336	0.09723	0.2363	0.01131
-0.337	0.09656	0.2374	0.01132
-0.338	0.09592	0.2383	0.01133
-0.339	0.09526	0.2393	0.01134
-0.34	0.09463	0.2402	0.01136
-0.341	0.094	0.2413	0.01137
-0.342	0.09339	0.2423	0.01138
-0.343	0.09278	0.2434	0.01139
-0.344	0.09219	0.2443	0.0114
-0.345	0.09159	0.2453	0.01141
-0.346	0.09101	0.2462	0.01143
-0.347	0.09044	0.2473	0.01143
-0.348	0.08985	0.2482	0.01145
-0.349	0.08929	0.249	0.01146
-0.35	0.08874	0.2501	0.01147
-0.351	0.0882	0.2511	0.01148
-0.352	0.08766	0.2522	0.01149
-0.353	0.08712	0.2531	0.0115
-0.354	0.08658	0.254	0.01151
-0.355	0.08605	0.255	0.01152
-0.356	0.08553	0.256	0.01153
-0.357	0.08502	0.2569	0.01155
-0.358	0.08452	0.2579	0.01156
-0.359	0.08404	0.2589	0.01157
-0.36	0.08355	0.2598	0.01158
-0.361	0.08306	0.2609	0.01159
-0.362	0.08257	0.2618	0.01161
-0.363	0.08208	0.2635	0.01162
-0.364	0.08161	0.2652	0.01163
-0.365	0.08115	0.2662	0.01164
-0.366	0.08069	0.2672	0.01165
-0.367	0.08025	0.2681	0.01166
-0.368	0.0798	0.269	0.01167
-0.369	0.07936	0.2699	0.01168
-0.37	0.07892	0.2709	0.01169
-0.371	0.07848	0.2717	0.0117
-0.372	0.07804	0.2727	0.01171
-0.373	0.07762	0.2735	0.01172
-0.374	0.07721	0.2744	0.01173
-0.375	0.07681	0.2753	0.01174
-0.376	0.07639	0.2763	0.01175
-0.377	0.07599	0.2772	0.01176
-0.378	0.07559	0.2782	0.01177
-0.379	0.07519	0.279	0.01178
-0.38	0.0748	0.2798	0.01179
-0.381	0.07442	0.2807	0.0118
-0.382	0.07403	0.2815	0.01181
-0.383	0.07365	0.2824	0.01181
-0.384	0.07327	0.2834	0.01183
-0.385	0.0729	0.2843	0.01184
-0.386	0.07253	0.2851	0.01185
-0.387	0.07215	0.286	0.01185
-0.388	0.07178	0.2869	0.01186
-0.389	0.07141	0.2878	0.01187
-0.39	0.07105	0.2887	0.01188
-0.391	0.0707	0.2896	0.01189
-0.392	0.07035	0.2905	0.01191
-0.393	0.07	0.2915	0.01191
-0.394	0.06965	0.2922	0.01192
-0.395	0.0693	0.293	0.01193
-0.396	0.06896	0.2939	0.01194
-0.397	0.06862	0.2948	0.01195
-0.398	0.06829	0.2956	0.01196
-0.399	0.06795	0.2965	0.01197
-0.4	0.06762	0.2974	0.01198
-0.401	0.06728	0.2982	0.01199
-0.402	0.06695	0.299	0.012
-0.403	0.06662	0.3001	0.01201
-0.404	0.06629	0.3012	0.01203
-0.405	0.06597	0.3019	0.01204
-0.406	0.06565	0.3024	0.01204
-0.407	0.06534	0.3034	0.01205
-0.408	0.06503	0.3043	0.01206
-0.409	0.06473	0.3049	0.01207
-0.41	0.06442	0.3056	0.01208
-0.411	0.0641	0.3064	0.01209
-0.412	0.06379	0.3072	0.0121
-0.413	0.06348	0.3079	0.0121
-0.414	0.06317	0.3088	0.01211
-0.415	0.06288	0.3095	0.01212
-0.416	0.06259	0.3101	0.01213
-0.417	0.0623	0.3114	0.01214
-0.418	0.06201	0.3128	0.01215
-0.419	0.06172	0.3136	0.01216
-0.42	0.06143	0.3142	0.01218
-0.421	0.06114	0.3149	0.0122
-0.422	0.06085	0.3155	0.01221
-0.423	0.06056	0.3163	0.01222
-0.424	0.06027	0.317	0.01224
-0.425	0.05999	0.3179	0.01225
-0.426	0.05971	0.3186	0.01226
-0.427	0.05944	0.3192	0.01227
-0.428	0.05917	0.3199	0.01228
-0.429	0.0589	0.3206	0.0123
-0.43	0.05863	0.3215	0.01231
-0.431	0.05836	0.3221	0.01232
-0.432	0.05809	0.3228	0.01233
-0.433	0.05782	0.3235	0.01234
-0.434	0.05756	0.3242	0.01235
-0.435	0.0573	0.3251	0.01237
-0.436	0.05705	0.3259	0.01238
-0.437	0.05679	0.3265	0.01239
-0.438	0.05653	0.3271	0.01241
-0.439	0.05628	0.3276	0.01242
-0.44	0.05603	0.328	0.01244
-0.441	0.05578	0.3286	0.01245
-0.442	0.05552	0.3292	0.01247
-0.443	0.05526	0.3299	0.01248
-0.444	0.05501	0.3306	0.0125
-0.445	0.05476	0.3313	0.01251
-0.446	0.05451	0.3318	0.01253
-0.447	0.05427	0.3324	0.01254
-0.448	0.05404	0.3328	0.01256
-0.449	0.05378	0.3334	0.01257
-0.45	0.05353	0.334	0.01259
-0.451	0.0533	0.3347	0.0126
-0.452	0.05305	0.3352	0.01262
-0.453	0.05282	0.3356	0.01263
-0.454	0.05261	0.3363	0.01265
-0.455	0.05239	0.3368	0.01267
-0.456	0.05216	0.3374	0.01269
-0.457	0.05193	0.3379	0.01271
-0.458	0.0517	0.3383	0.01272
-0.459	0.05146	0.3388	0.01274
-0.46	0.05123	0.3392	0.01276
-0.461	0.05101	0.3395	0.01278
-0.462	0.0508	0.3401	0.0128
-0.463	0.05058	0.3406	0.01281
-0.464	0.05037	0.3411	0.01283
-0.465	0.05015	0.3415	0.01285
-0.466	0.04993	0.3419	0.01287
-0.467	0.04971	0.3423	0.01289
-0.468	0.04949	0.3428	0.01291
-0.469	0.04928	0.3431	0.01293
-0.47	0.04908	0.3435	0.01295
-0.471	0.04888	0.3439	0.01297
-0.472	0.04868	0.3442	0.01299
-0.473	0.04848	0.3447	0.01302
-0.474	0.04827	0.3454	0.01304
-0.475	0.04806	0.3459	0.01306
-0.476	0.04786	0.3465	0.01309
-0.477	0.04765	0.3466	0.01311
-0.478	0.04745	0.3467	0.01314
-0.479	0.04726	0.3471	0.01316
-0.48	0.04707	0.3475	0.01319
-0.481	0.04688	0.3478	0.01321
-0.482	0.04669	0.348	0.01324
-0.483	0.0465	0.3484	0.01327
-0.484	0.0463	0.3486	0.0133
-0.485	0.04611	0.3488	0.01332
-0.486	0.04592	0.3493	0.01336
-0.487	0.04574	0.35	0.01339
-0.488	0.04556	0.3503	0.01342
-0.489	0.04538	0.3505	0.01345
-0.49	0.0452	0.3511	0.01349
-0.491	0.04502	0.3515	0.01352
-0.492	0.04484	0.3517	0.01355
-0.493	0.04466	0.3519	0.01359
-0.494	0.04447	0.3521	0.01363
-0.495	0.0443	0.3521	0.01368
-0.496	0.04413	0.3523	0.01372
-0.497	0.04396	0.3525	0.01376
-0.498	0.04378	0.3529	0.0138
-0.499	0.04361	0.3531	0.01384
-0.5	0.04346	0.3532	0.01389
-0.501	0.04329	0.3534	0.01393
-0.502	0.04313	0.3535	0.01398
-0.503	0.04296	0.3536	0.01403
-0.504	0.04279	0.3537	0.01408
-0.505	0.04263	0.3538	0.01413
-0.506	0.04247	0.3539	0.01418
-0.507	0.04231	0.354	0.01423
-0.508	0.04216	0.3541	0.01428
-0.509	0.042	0.3542	0.01434
-0.51	0.04184	0.3542	0.0144
-0.511	0.04168	0.3543	0.01446
-0.512	0.04153	0.3545	0.01453
-0.513	0.04137	0.3544	0.0146
-0.514	0.04122	0.3542	0.01467
-0.515	0.04107	0.3542	0.01474
-0.516	0.04092	0.3543	0.01481
-0.517	0.04077	0.3545	0.01489
-0.518	0.04063	0.3546	0.01496
-0.519	0.04048	0.3546	0.01504
-0.52	0.04033	0.3547	0.01513
-0.521	0.04019	0.3546	0.01521
-0.522	0.04004	0.3547	0.0153
-0.523	0.0399	0.3545	0.01539
-0.524	0.03976	0.3544	0.01549
-0.525	0.03962	0.3543	0.01558
-0.526	0.03948	0.3541	0.01568
-0.527	0.03934	0.354	0.01579
-0.528	0.0392	0.3539	0.01589
-0.529	0.03906	0.354	0.016
-0.53	0.03893	0.3541	0.01611
-0.531	0.03879	0.354	0.01623
-0.532	0.03866	0.3539	0.01635
-0.533	0.03853	0.3538	0.01647
-0.534	0.0384	0.3536	0.01659
-0.535	0.03826	0.3533	0.01672
-0.536	0.03813	0.3532	0.01685
-0.537	0.038	0.353	0.01699
-0.538	0.03786	0.3529	0.01712
-0.539	0.03774	0.3527	0.01726
-0.54	0.03761	0.3525	0.01741
-0.541	0.03749	0.3523	0.01755
-0.542	0.03736	0.352	0.0177
-0.543	0.03723	0.3518	0.01786
-0.544	0.0371	0.3515	0.01801
-0.545	0.03698	0.3512	0.01817
-0.546	0.03686	0.3509	0.01833
-0.547	0.03674	0.3507	0.01849
-0.548	0.03663	0.3505	0.01866
-0.549	0.03652	0.3501	0.01883
-0.55	0.03639	0.3497	0.019
-0.551	0.03626	0.3492	0.01918
-0.552	0.03613	0.3488	0.01935
-0.553	0.03601	0.3483	0.01953
-0.554	0.03589	0.3478	0.01971
-0.555	0.03578	0.3474	0.01989
-0.556	0.03567	0.3469	0.02007
-0.557	0.03556	0.3464	0.02025
-0.558	0.03545	0.3459	0.02044
-0.559	0.03533	0.3454	0.02062
-0.56	0.0352	0.3448	0.0208
-0.561	0.03508	0.3442	0.02098
-0.562	0.03497	0.3435	0.02117
-0.563	0.03486	0.3429	0.02135
-0.564	0.03475	0.3421	0.02153
-0.565	0.03465	0.3414	0.02171
-0.566	0.03454	0.3408	0.02188
-0.567	0.03443	0.3401	0.02205
-0.568	0.03432	0.3393	0.02222
-0.569	0.03421	0.3384	0.02239
-0.57	0.03411	0.3376	0.02255
-0.571	0.034	0.3367	0.02271
-0.572	0.03389	0.3359	0.02287
-0.573	0.03378	0.335	0.02302
-0.574	0.03367	0.3341	0.02316
-0.575	0.03357	0.3331	0.0233
-0.576	0.03347	0.3318	0.02343
-0.577	0.03337	0.3308	0.02356
-0.578	0.03327	0.3298	0.02368
-0.579	0.03316	0.3287	0.02379
-0.58	0.03305	0.3275	0.02389
-0.581	0.03294	0.3264	0.02398
-0.582	0.03284	0.3253	0.02406
-0.583	0.03274	0.3245	0.02414
-0.584	0.03263	0.3233	0.0242
-0.585	0.03253	0.322	0.02425
-0.586	0.03243	0.3206	0.02428
-0.587	0.03234	0.3192	0.02431
-0.588	0.03224	0.3178	0.02432
-0.589	0.03214	0.3163	0.02432
-0.59	0.03204	0.3148	0.02431
-0.591	0.03193	0.3132	0.02428
-0.592	0.03183	0.3116	0.02423
-0.593	0.03174	0.31	0.02418
-0.594	0.03164	0.3083	0.02411
-0.595	0.03155	0.3066	0.02403
-0.596	0.03146	0.3048	0.02393
-0.597	0.03136	0.303	0.02383
-0.598	0.03126	0.3011	0.02371
-0.599	0.03117	0.2992	0.02358
-0.6	0.03107	0.2972	0.02344
-0.601	0.03098	0.2952	0.0233
-0.602	0.03089	0.2932	0.02314
-0.603	0.03079	0.2911	0.02298
-0.604	0.03071	0.2891	0.02281
-0.605	0.03062	0.2869	0.02264
-0.606	0.03052	0.2845	0.02246
-0.607	0.03043	0.2821	0.02227
-0.608	0.03034	0.2798	0.02209
-0.609	0.03025	0.2773	0.0219
-0.61	0.03017	0.2749	0.02172
-0.611	0.03008	0.2723	0.02153
-0.612	0.03	0.2697	0.02134
-0.613	0.02992	0.2671	0.02115
-0.614	0.02984	0.2645	0.02096
-0.615	0.02975	0.2619	0.02077
-0.616	0.02967	0.2592	0.02058
-0.617	0.02958	0.2566	0.02039
-0.618	0.0295	0.2539	0.0202
-0.619	0.02942	0.2512	0.02002
-0.62	0.02934	0.2485	0.01983
-0.621	0.02925	0.2458	0.01965
-0.622	0.02917	0.2432	0.01947
-0.623	0.0291	0.2406	0.0193
-0.624	0.02902	0.2379	0.01913
-0.625	0.02894	0.2353	0.01895
-0.626	0.02887	0.2327	0.01879
-0.627	0.02879	0.23	0.01862
-0.628	0.02871	0.2274	0.01846
-0.629	0.02863	0.2248	0.0183
-0.63	0.02856	0.2222	0.01815
-0.631	0.02849	0.2196	0.018
-0.632	0.02842	0.217	0.01786
-0.633	0.02834	0.2143	0.01772
-0.634	0.02827	0.2116	0.01758
-0.635	0.0282	0.2089	0.01745
-0.636	0.02813	0.2062	0.01732
-0.637	0.02806	0.2035	0.01719
-0.638	0.02799	0.2008	0.01707
-0.639	0.02792	0.1981	0.01695
-0.64	0.02786	0.1955	0.01684
-0.641	0.0278	0.1929	0.01673
-0.642	0.02774	0.1904	0.01663
-0.643	0.02768	0.188	0.01653
-0.644	0.02761	0.1857	0.01643
-0.645	0.02755	0.1836	0.01634
-0.646	0.02749	0.1815	0.01625
-0.647	0.02743	0.1795	0.01617
-0.648	0.02737	0.1776	0.01608
-0.649	0.02732	0.1757	0.01601
-0.65	0.02726	0.1738	0.01593
-0.651	0.02721	0.1719	0.01586
-0.652	0.02716	0.17	0.0158
-0.653	0.0271	0.1681	0.01573
-0.654	0.02705	0.1663	0.01567
-0.655	0.027	0.1644	0.01561
-0.656	0.02695	0.1625	0.01556
-0.657	0.0269	0.1606	0.01551
-0.658	0.02685	0.1587	0.01546
-0.659	0.02681	0.1568	0.01541
-0.66	0.02676	0.1549	0.01537
-0.661	0.02671	0.153	0.01532
-0.662	0.02667	0.1512	0.01528
-0.663	0.02662	0.1493	0.01524
-0.664	0.02658	0.1475	0.01521
-0.665	0.02654	0.1457	0.01517
-0.666	0.0265	0.1439	0.01514
-0.667	0.02646	0.1421	0.01511
-0.668	0.02642	0.1404	0.01508
-0.669	0.02638	0.1386	0.01506
-0.67	0.02634	0.1371	0.01503
-0.671	0.02631	0.1355	0.01501
-0.672	0.02628	0.1339	0.01499
-0.673	0.02624	0.1323	0.01497
-0.674	0.02621	0.1308	0.01495
-0.675	0.02618	0.1293	0.01493
-0.676	0.02615	0.1278	0.01492
-0.677	0.02612	0.1263	0.0149
-0.678	0.0261	0.1247	0.01489
-0.679	0.02607	0.1231	0.01488
-0.68	0.02605	0.1215	0.01486
-0.681	0.02603	0.1199	0.01486
-0.682	0.02601	0.1183	0.01485
-0.683	0.02599	0.1167	0.01484
-0.684	0.02598	0.1151	0.01483
-0.685	0.02596	0.1134	0.01483
-0.686	0.02594	0.1117	0.01482
-0.687	0.02593	0.11	0.01482
-0.688	0.02592	0.1084	0.01482
-0.689	0.02592	0.1068	0.01482
-0.69	0.02592	0.105	0.01482
-0.691	0.02592	0.1034	0.01482
-0.692	0.02592	0.1019	0.01482
-0.693	0.02592	0.1004	0.01482
-0.694	0.02593	0.09909	0.01483
-0.695	0.02593	0.09775	0.01483
-0.696	0.02594	0.09646	0.01483
-0.697	0.02595	0.09523	0.01484
-0.698	0.02597	0.09414	0.01484
-0.699	0.02599	0.09311	0.01485
-0.7	0.02601	0.09206	0.01486
-0.701	0.02603	0.091	0.01486
-0.702	0.02605	0.08997	0.01487
-0.703	0.02608	0.08897	0.01488
-0.704	0.02611	0.088	0.01489
-0.705	0.02614	0.08707	0.0149
-0.706	0.02618	0.08625	0.01491
-0.707	0.02622	0.08546	0.01492
-0.708	0.02627	0.08468	0.01493
-0.709	0.02631	0.08385	0.01494
-0.71	0.02635	0.08302	0.01496
-0.711	0.0264	0.08223	0.01497
-0.712	0.02646	0.0814	0.01499
-0.713	0.02652	0.08047	0.015
-0.714	0.02658	0.07946	0.01502
-0.715	0.02664	0.07838	0.01503
-0.716	0.02671	0.07747	0.01505
-0.717	0.02678	0.07663	0.01507
-0.718	0.02686	0.07576	0.01509
-0.719	0.02694	0.07494	0.01511
-0.72	0.02705	0.07408	0.01513
-0.721	0.02713	0.07326	0.01515
-0.722	0.02721	0.07259	0.01517
-0.723	0.02729	0.07183	0.01519
-0.724	0.02738	0.07115	0.01522
-0.725	0.02747	0.07044	0.01524
-0.726	0.02756	0.06976	0.01527
-0.727	0.02766	0.0691	0.01529
-0.728	0.02776	0.06845	0.01532
-0.729	0.02786	0.06772	0.01534
-0.73	0.02797	0.06689	0.01537
-0.731	0.02808	0.06622	0.0154
-0.732	0.0282	0.06542	0.01543
-0.733	0.02831	0.06463	0.01545
-0.734	0.02843	0.06382	0.01548
-0.735	0.02855	0.06293	0.01551
-0.736	0.02868	0.06204	0.01554
-0.737	0.02881	0.06114	0.01558
-0.738	0.02895	0.06017	0.01561
-0.739	0.02909	0.05919	0.01564
-0.74	0.02924	0.05822	0.01568
-0.741	0.02939	0.0574	0.01571
-0.742	0.02953	0.05678	0.01575
-0.743	0.02969	0.05632	0.01579
-0.744	0.02984	0.05594	0.01583
-0.745	0.03	0.05565	0.01586
-0.746	0.03016	0.05545	0.0159
-0.747	0.03033	0.05501	0.01594
-0.748	0.03051	0.05469	0.01598
-0.749	0.03068	0.0544	0.01602
-0.75	0.03086	0.05431	0.01607
-0.751	0.03104	0.05398	0.01611
-0.752	0.03123	0.05365	0.01616
-0.753	0.03142	0.0534	0.0162
-0.754	0.03162	0.05322	0.01625
-0.755	0.03182	0.053	0.0163
-0.756	0.03202	0.0529	0.01635
-0.757	0.03223	0.05256	0.0164
-0.758	0.03243	0.05239	0.01645
-0.759	0.03265	0.05239	0.0165
-0.76	0.03286	0.05194	0.01656
-0.761	0.03309	0.05172	0.01661
-0.762	0.03332	0.05157	0.01667
-0.763	0.03355	0.05138	0.01673
-0.764	0.03378	0.0512	0.01679
-0.765	0.03401	0.05104	0.01685
-0.766	0.03425	0.05096	0.01691
-0.767	0.0345	0.05075	0.01697
-0.768	0.03475	0.05065	0.01704
-0.769	0.03501	0.05059	0.0171
-0.77	0.03527	0.05021	0.01716
-0.771	0.03554	0.05001	0.01723
-0.772	0.03581	0.0499	0.0173
-0.773	0.03607	0.0498	0.01737
-0.774	0.03635	0.04981	0.01744
-0.775	0.03663	0.0498	0.01752
-0.776	0.03691	0.04979	0.0176
-0.777	0.0372	0.04965	0.01768
-0.778	0.03748	0.04946	0.01776
-0.779	0.03777	0.04936	0.01784
-0.78	0.03807	0.04922	0.01793
-0.781	0.03836	0.04916	0.01801
-0.782	0.03866	0.04898	0.0181
-0.783	0.03896	0.04894	0.01819
-0.784	0.03927	0.04897	0.01828
-0.785	0.03958	0.04883	0.01838
-0.786	0.0399	0.04864	0.01847
-0.787	0.04023	0.04831	0.01857
-0.788	0.04056	0.04823	0.01867
-0.789	0.04089	0.04825	0.01878
-0.79	0.04123	0.04815	0.01888
-0.791	0.04156	0.04816	0.01898
-0.792	0.0419	0.04805	0.01909
-0.793	0.04226	0.04804	0.0192
-0.794	0.04261	0.0481	0.01931
-0.795	0.04296	0.04814	0.01943
-0.796	0.04332	0.04811	0.01954
-0.797	0.04367	0.04811	0.01966
-0.798	0.04404	0.04812	0.01978
-0.799	0.0444	0.04804	0.0199