Apr. 28	2026   10:34:05			
Cyclic Voltammetry				
File: c:\users\administrator\desktop\2026.4.28\0.1v\0.5molh2so4\1.txt				
Data Source:  Experiment				
Instrument Model:  CHI600E				
Header: 				
Note: 				
--				
Init E (V) = 0				
High E (V) = 0.8				
Low E (V) = -0.8				
Init P/N = N				
Scan Rate (V/s) = 0.1				
Segment = 3				
Sample Interval (V) = 0.001				
Quiet Time (sec) = 2				
Sensitivity (A/V) = 0.1				
--				
Segment 1:				
--				
Segment 2:				
--				
Segment 3:				
--				
Potential/V	Current/A			
--	
	0.5mol h2so4	1mol hcl	1mol koh	2MOL H2SO4		
0	0.00804	0.00838	2.85E-4	        0.00294
-0.001	0.00819	0.00857	3.235E-4	0.00316
-0.002	0.00832	0.00874	3.604E-4	0.00336
-0.003	0.00845	0.0089	3.921E-4	0.00354
-0.004	0.00857	0.00906	4.275E-4	0.0037
-0.005	0.00869	0.0092	4.578E-4	0.00386
-0.006	0.00881	0.00934	4.873E-4	0.00402
-0.007	0.00892	0.00948	5.15E-4	0.00417
-0.008	0.00903	0.00961	5.431E-4	0.00431
-0.009	0.00914	0.00974	5.702E-4	0.00445
-0.01	0.00925	0.00987	5.995E-4	0.00459
-0.011	0.00936	0.00999	6.248E-4	0.00472
-0.012	0.00946	0.01011	6.532E-4	0.00485
-0.013	0.00956	0.01023	6.795E-4	0.00498
-0.014	0.00967	0.01034	7.078E-4	0.0051
-0.015	0.00977	0.01045	7.332E-4	0.00522
-0.016	0.00987	0.01057	7.604E-4	0.00534
-0.017	0.00997	0.01068	7.85E-4	0.00546
-0.018	0.01006	0.01079	8.121E-4	0.00557
-0.019	0.01016	0.0109	8.361E-4	0.00569
-0.02	0.01026	0.01101	8.637E-4	0.0058
-0.021	0.01035	0.01111	8.882E-4	0.00591
-0.022	0.01044	0.01122	9.139E-4	0.00602
-0.023	0.01054	0.01132	9.359E-4	0.00613
-0.024	0.01063	0.01142	9.617E-4	0.00623
-0.025	0.01073	0.01152	9.867E-4	0.00634
-0.026	0.01082	0.01163	0.00101	0.00644
-0.027	0.01091	0.01173	0.00104	0.00654
-0.028	0.011	0.01183	0.00106	0.00664
-0.029	0.0111	0.01192	0.00108	0.00674
-0.03	0.01119	0.01202	0.00111	0.00684
-0.031	0.01128	0.0121	0.00113	0.00694
-0.032	0.01136	0.01219	0.00116	0.00703
-0.033	0.01145	0.01229	0.00118	0.00713
-0.034	0.01154	0.01238	0.00121	0.00722
-0.035	0.01163	0.01247	0.00123	0.00732
-0.036	0.01172	0.01257	0.00125	0.00741
-0.037	0.0118	0.01266	0.00127	0.0075
-0.038	0.01189	0.01275	0.0013	0.0076
-0.039	0.01198	0.01283	0.00132	0.00769
-0.04	0.01206	0.01293	0.00135	0.00778
-0.041	0.01214	0.01301	0.00137	0.00787
-0.042	0.01222	0.0131	0.00139	0.00795
-0.043	0.0123	0.01319	0.00141	0.00804
-0.044	0.01239	0.01328	0.00144	0.00813
-0.045	0.01247	0.01336	0.00146	0.00822
-0.046	0.01256	0.01345	0.00148	0.0083
-0.047	0.01264	0.01354	0.0015	0.00839
-0.048	0.01273	0.01362	0.00153	0.00847
-0.049	0.01281	0.0137	0.00155	0.00856
-0.05	0.01289	0.01379	0.00157	0.00864
-0.051	0.01297	0.01387	0.0016	0.00873
-0.052	0.01306	0.01396	0.00162	0.00881
-0.053	0.01314	0.01404	0.00164	0.00889
-0.054	0.01322	0.01412	0.00166	0.00897
-0.055	0.0133	0.0142	0.00169	0.00906
-0.056	0.01338	0.01428	0.00171	0.00913
-0.057	0.01346	0.01436	0.00173	0.00921
-0.058	0.01354	0.01444	0.00175	0.00929
-0.059	0.01363	0.01452	0.00177	0.00937
-0.06	0.0137	0.0146	0.0018	0.00945
-0.061	0.01378	0.01468	0.00182	0.00953
-0.062	0.01386	0.01476	0.00184	0.0096
-0.063	0.01394	0.01484	0.00186	0.00968
-0.064	0.01402	0.01492	0.00188	0.00976
-0.065	0.0141	0.01499	0.00191	0.00983
-0.066	0.01418	0.01507	0.00193	0.00991
-0.067	0.01425	0.01515	0.00195	0.00998
-0.068	0.01433	0.01522	0.00197	0.01005
-0.069	0.01441	0.0153	0.00199	0.01013
-0.07	0.01449	0.01538	0.00202	0.0102
-0.071	0.01457	0.01545	0.00204	0.01028
-0.072	0.01464	0.01553	0.00206	0.01035
-0.073	0.01472	0.0156	0.00208	0.01042
-0.074	0.0148	0.01568	0.0021	0.01049
-0.075	0.01488	0.01575	0.00212	0.01056
-0.076	0.01495	0.01583	0.00215	0.01063
-0.077	0.01503	0.0159	0.00217	0.01071
-0.078	0.0151	0.01597	0.00219	0.01078
-0.079	0.01518	0.01604	0.00221	0.01085
-0.08	0.01526	0.01612	0.00223	0.01091
-0.081	0.01534	0.01619	0.00225	0.01099
-0.082	0.01541	0.01626	0.00227	0.01105
-0.083	0.01549	0.01633	0.00229	0.01113
-0.084	0.01556	0.01641	0.00231	0.0112
-0.085	0.01564	0.01648	0.00233	0.01126
-0.086	0.01571	0.01655	0.00235	0.01133
-0.087	0.01579	0.01662	0.00237	0.0114
-0.088	0.01586	0.01669	0.00239	0.01146
-0.089	0.01593	0.01676	0.00241	0.01153
-0.09	0.01601	0.01683	0.00244	0.0116
-0.091	0.01608	0.0169	0.00246	0.01167
-0.092	0.01616	0.01697	0.00248	0.01173
-0.093	0.01623	0.01704	0.0025	0.0118
-0.094	0.01631	0.01711	0.00252	0.01187
-0.095	0.01638	0.01718	0.00254	0.01193
-0.096	0.01646	0.01725	0.00256	0.012
-0.097	0.01653	0.01731	0.00258	0.01206
-0.098	0.01661	0.01738	0.0026	0.01211
-0.099	0.01668	0.01745	0.00262	0.01217
-0.1	0.01675	0.01752	0.00264	0.01224
-0.101	0.01682	0.01758	0.00266	0.0123
-0.102	0.0169	0.01765	0.00268	0.01237
-0.103	0.01697	0.01772	0.0027	0.01243
-0.104	0.01704	0.01779	0.00272	0.0125
-0.105	0.01711	0.01785	0.00274	0.01256
-0.106	0.01719	0.01792	0.00276	0.01262
-0.107	0.01726	0.01798	0.00278	0.01269
-0.108	0.01733	0.01805	0.00281	0.01275
-0.109	0.0174	0.01811	0.00282	0.01281
-0.11	0.01747	0.01818	0.00285	0.01287
-0.111	0.01754	0.01824	0.00286	0.01293
-0.112	0.01761	0.01831	0.00288	0.01299
-0.113	0.01769	0.01837	0.0029	0.01306
-0.114	0.01776	0.01844	0.00293	0.01311
-0.115	0.01783	0.0185	0.00294	0.01318
-0.116	0.0179	0.01856	0.00297	0.01324
-0.117	0.01797	0.01862	0.00298	0.0133
-0.118	0.01804	0.01869	0.00301	0.01336
-0.119	0.01811	0.01875	0.00303	0.01342
-0.12	0.01818	0.01882	0.00305	0.01348
-0.121	0.01825	0.01888	0.00307	0.01354
-0.122	0.01832	0.01894	0.00309	0.0136
-0.123	0.01839	0.019	0.0031	0.01366
-0.124	0.01845	0.01907	0.00313	0.01372
-0.125	0.01852	0.01913	0.00315	0.01378
-0.126	0.01859	0.0192	0.00316	0.01383
-0.127	0.01866	0.01925	0.00318	0.0139
-0.128	0.01874	0.01932	0.00321	0.01395
-0.129	0.0188	0.01937	0.00322	0.01401
-0.13	0.01887	0.01944	0.00324	0.01407
-0.131	0.01894	0.0195	0.00326	0.01413
-0.132	0.01901	0.01956	0.00328	0.01418
-0.133	0.01908	0.01962	0.0033	0.01424
-0.134	0.01915	0.01969	0.00332	0.01429
-0.135	0.01922	0.01974	0.00334	0.01435
-0.136	0.01929	0.01981	0.00336	0.01441
-0.137	0.01935	0.01986	0.00338	0.01447
-0.138	0.01942	0.01993	0.0034	0.01452
-0.139	0.01949	0.01998	0.00342	0.01458
-0.14	0.01956	0.02005	0.00344	0.01464
-0.141	0.01963	0.0201	0.00346	0.0147
-0.142	0.0197	0.02017	0.00348	0.01475
-0.143	0.01976	0.02022	0.0035	0.01481
-0.144	0.01983	0.02028	0.00352	0.01486
-0.145	0.0199	0.02034	0.00354	0.01492
-0.146	0.01997	0.0204	0.00355	0.01497
-0.147	0.02004	0.02046	0.00357	0.01503
-0.148	0.0201	0.02052	0.00359	0.01508
-0.149	0.02017	0.02057	0.00361	0.01514
-0.15	0.02024	0.02063	0.00363	0.01519
-0.151	0.0203	0.02069	0.00365	0.01525
-0.152	0.02037	0.02075	0.00367	0.0153
-0.153	0.02044	0.02081	0.00369	0.01536
-0.154	0.02051	0.02087	0.00371	0.01541
-0.155	0.02057	0.02092	0.00373	0.01547
-0.156	0.02064	0.02098	0.00375	0.01552
-0.157	0.02071	0.02103	0.00376	0.01558
-0.158	0.02077	0.0211	0.00378	0.01563
-0.159	0.02084	0.02115	0.0038	0.01569
-0.16	0.0209	0.02121	0.00382	0.01574
-0.161	0.02097	0.02126	0.00384	0.0158
-0.162	0.02103	0.02132	0.00386	0.01585
-0.163	0.0211	0.02137	0.00388	0.0159
-0.164	0.02117	0.02143	0.0039	0.01595
-0.165	0.02123	0.02148	0.00392	0.016
-0.166	0.0213	0.02154	0.00394	0.01606
-0.167	0.02137	0.0216	0.00396	0.01612
-0.168	0.02143	0.02165	0.00397	0.01617
-0.169	0.02149	0.02171	0.00399	0.01622
-0.17	0.02156	0.02177	0.00401	0.01627
-0.171	0.02162	0.02181	0.00403	0.01632
-0.172	0.02169	0.02188	0.00405	0.01638
-0.173	0.02175	0.02193	0.00406	0.01643
-0.174	0.02182	0.02199	0.00408	0.01648
-0.175	0.02188	0.02203	0.0041	0.01654
-0.176	0.02195	0.02209	0.00412	0.01659
-0.177	0.02201	0.02214	0.00414	0.01664
-0.178	0.02207	0.0222	0.00416	0.01669
-0.179	0.02214	0.02225	0.00418	0.01675
-0.18	0.0222	0.02231	0.0042	0.01679
-0.181	0.02227	0.02236	0.00422	0.01685
-0.182	0.02233	0.02242	0.00424	0.0169
-0.183	0.0224	0.02247	0.00426	0.01695
-0.184	0.02246	0.02252	0.00428	0.017
-0.185	0.02252	0.02257	0.00429	0.01705
-0.186	0.02259	0.02263	0.00431	0.0171
-0.187	0.02265	0.02268	0.00433	0.01715
-0.188	0.02271	0.02273	0.00435	0.0172
-0.189	0.02277	0.02278	0.00436	0.01726
-0.19	0.02284	0.02284	0.00438	0.0173
-0.191	0.0229	0.02289	0.0044	0.01736
-0.192	0.02297	0.02294	0.00442	0.0174
-0.193	0.02303	0.02299	0.00444	0.01746
-0.194	0.0231	0.02305	0.00446	0.0175
-0.195	0.02316	0.0231	0.00447	0.01756
-0.196	0.02322	0.02315	0.00449	0.0176
-0.197	0.02328	0.0232	0.00451	0.01766
-0.198	0.02335	0.02326	0.00453	0.01771
-0.199	0.02341	0.02331	0.00455	0.01776
-0.2	0.02348	0.02336	0.00457	0.0178
-0.201	0.02354	0.02341	0.00458	0.01785
-0.202	0.0236	0.02346	0.0046	0.0179
-0.203	0.02366	0.02351	0.00462	0.01795
-0.204	0.02372	0.02357	0.00464	0.018
-0.205	0.02379	0.02361	0.00466	0.01805
-0.206	0.02385	0.02367	0.00468	0.0181
-0.207	0.02391	0.02372	0.00469	0.01815
-0.208	0.02397	0.02377	0.00471	0.01819
-0.209	0.02404	0.02382	0.00473	0.01825
-0.21	0.0241	0.02387	0.00475	0.01829
-0.211	0.02416	0.02392	0.00477	0.01834
-0.212	0.02423	0.02398	0.00479	0.01839
-0.213	0.02429	0.02402	0.0048	0.01844
-0.214	0.02435	0.02408	0.00482	0.01849
-0.215	0.02441	0.02413	0.00484	0.01854
-0.216	0.02447	0.02418	0.00485	0.01858
-0.217	0.02454	0.02423	0.00487	0.01863
-0.218	0.0246	0.02428	0.00489	0.01868
-0.219	0.02466	0.02433	0.0049	0.01873
-0.22	0.02472	0.02438	0.00492	0.01878
-0.221	0.02478	0.02442	0.00494	0.01883
-0.222	0.02484	0.02448	0.00496	0.01887
-0.223	0.0249	0.02452	0.00498	0.01892
-0.224	0.02496	0.02458	0.005	0.01897
-0.225	0.02503	0.02462	0.00502	0.01902
-0.226	0.02509	0.02468	0.00504	0.01906
-0.227	0.02515	0.02472	0.00505	0.01911
-0.228	0.02521	0.02478	0.00507	0.01916
-0.229	0.02527	0.02482	0.00509	0.01921
-0.23	0.02533	0.02487	0.00511	0.01925
-0.231	0.02539	0.02492	0.00512	0.0193
-0.232	0.02545	0.02497	0.00514	0.01935
-0.233	0.02552	0.02502	0.00516	0.0194
-0.234	0.02558	0.02507	0.00518	0.01944
-0.235	0.02563	0.02511	0.00519	0.01949
-0.236	0.0257	0.02516	0.00521	0.01954
-0.237	0.02576	0.02521	0.00523	0.01959
-0.238	0.02582	0.02526	0.00524	0.01963
-0.239	0.02587	0.02531	0.00526	0.01968
-0.24	0.02593	0.02536	0.00528	0.01972
-0.241	0.02599	0.0254	0.00529	0.01977
-0.242	0.02605	0.02546	0.00531	0.01982
-0.243	0.02611	0.0255	0.00533	0.01987
-0.244	0.02617	0.02555	0.00535	0.01991
-0.245	0.02623	0.02559	0.00536	0.01996
-0.246	0.02629	0.02565	0.00538	0.02001
-0.247	0.02635	0.02569	0.0054	0.02005
-0.248	0.02641	0.02574	0.00542	0.0201
-0.249	0.02647	0.02578	0.00544	0.02015
-0.25	0.02653	0.02583	0.00546	0.02019
-0.251	0.02659	0.02588	0.00547	0.02024
-0.252	0.02665	0.02593	0.00549	0.02028
-0.253	0.02671	0.02597	0.00551	0.02033
-0.254	0.02677	0.02602	0.00552	0.02038
-0.255	0.02682	0.02606	0.00554	0.02042
-0.256	0.02689	0.02611	0.00556	0.02047
-0.257	0.02695	0.02616	0.00558	0.02052
-0.258	0.02701	0.02621	0.00559	0.02056
-0.259	0.02706	0.02625	0.00561	0.02061
-0.26	0.02712	0.0263	0.00563	0.02065
-0.261	0.02718	0.02634	0.00564	0.0207
-0.262	0.02724	0.02639	0.00566	0.02074
-0.263	0.0273	0.02644	0.00568	0.02079
-0.264	0.02736	0.02649	0.00569	0.02083
-0.265	0.02742	0.02653	0.00571	0.02088
-0.266	0.02748	0.02658	0.00573	0.02092
-0.267	0.02753	0.02662	0.00574	0.02097
-0.268	0.0276	0.02667	0.00576	0.02102
-0.269	0.02765	0.02672	0.00578	0.02106
-0.27	0.02771	0.02677	0.0058	0.02111
-0.271	0.02777	0.02681	0.00581	0.02115
-0.272	0.02782	0.02686	0.00583	0.0212
-0.273	0.02788	0.0269	0.00585	0.02124
-0.274	0.02794	0.02695	0.00587	0.02128
-0.275	0.028	0.02699	0.00588	0.02133
-0.276	0.02806	0.02704	0.0059	0.02138
-0.277	0.02811	0.02708	0.00592	0.02142
-0.278	0.02817	0.02713	0.00593	0.02146
-0.279	0.02823	0.02717	0.00595	0.02151
-0.28	0.02829	0.02722	0.00597	0.02155
-0.281	0.02835	0.02726	0.00598	0.0216
-0.282	0.02841	0.02731	0.006	0.02164
-0.283	0.02846	0.02736	0.00602	0.02169
-0.284	0.02852	0.02741	0.00603	0.02173
-0.285	0.02857	0.02745	0.00605	0.02178
-0.286	0.02863	0.0275	0.00607	0.02182
-0.287	0.02869	0.02754	0.00608	0.02187
-0.288	0.02875	0.02759	0.0061	0.02191
-0.289	0.0288	0.02763	0.00612	0.02195
-0.29	0.02886	0.02768	0.00614	0.02199
-0.291	0.02892	0.02772	0.00615	0.02204
-0.292	0.02898	0.02777	0.00617	0.02208
-0.293	0.02903	0.0278	0.00619	0.02213
-0.294	0.0291	0.02785	0.00621	0.02217
-0.295	0.02915	0.02789	0.00622	0.02222
-0.296	0.02921	0.02794	0.00624	0.02226
-0.297	0.02927	0.02798	0.00625	0.0223
-0.298	0.02933	0.02803	0.00627	0.02235
-0.299	0.02938	0.02807	0.00629	0.02239
-0.3	0.02944	0.02812	0.0063	0.02243
-0.301	0.02949	0.02816	0.00632	0.02248
-0.302	0.02955	0.02821	0.00633	0.02252
-0.303	0.02961	0.02825	0.00635	0.02257
-0.304	0.02967	0.0283	0.00637	0.02261
-0.305	0.02972	0.02834	0.00638	0.02265
-0.306	0.02978	0.02838	0.0064	0.02269
-0.307	0.02983	0.02843	0.00642	0.02274
-0.308	0.02989	0.02848	0.00644	0.02278
-0.309	0.02994	0.02852	0.00645	0.02283
-0.31	0.03	0.02857	0.00647	0.02287
-0.311	0.03006	0.0286	0.00648	0.02291
-0.312	0.03011	0.02865	0.0065	0.02296
-0.313	0.03017	0.02869	0.00652	0.023
-0.314	0.03023	0.02874	0.00653	0.02305
-0.315	0.03028	0.02878	0.00655	0.02309
-0.316	0.03034	0.02883	0.00657	0.02313
-0.317	0.03039	0.02887	0.00658	0.02318
-0.318	0.03045	0.02892	0.0066	0.02322
-0.319	0.03051	0.02896	0.00662	0.02326
-0.32	0.03056	0.029	0.00664	0.0233
-0.321	0.03062	0.02904	0.00665	0.02335
-0.322	0.03068	0.02909	0.00667	0.02339
-0.323	0.03073	0.02913	0.00668	0.02344
-0.324	0.03079	0.02918	0.0067	0.02348
-0.325	0.03084	0.02922	0.00672	0.02352
-0.326	0.0309	0.02927	0.00673	0.02356
-0.327	0.03096	0.02931	0.00675	0.02361
-0.328	0.03101	0.02935	0.00677	0.02365
-0.329	0.03107	0.02939	0.00678	0.02369
-0.33	0.03112	0.02944	0.0068	0.02373
-0.331	0.03118	0.02948	0.00682	0.02378
-0.332	0.03124	0.02953	0.00683	0.02382
-0.333	0.03129	0.02956	0.00685	0.02387
-0.334	0.03135	0.02961	0.00687	0.02391
-0.335	0.0314	0.02965	0.00688	0.02395
-0.336	0.03146	0.0297	0.0069	0.02399
-0.337	0.03152	0.02974	0.00692	0.02404
-0.338	0.03157	0.02979	0.00693	0.02408
-0.339	0.03163	0.02982	0.00695	0.02413
-0.34	0.03168	0.02987	0.00696	0.02417
-0.341	0.03173	0.02991	0.00698	0.02421
-0.342	0.03179	0.02995	0.007	0.02425
-0.343	0.03184	0.02999	0.00701	0.0243
-0.344	0.0319	0.03004	0.00703	0.02434
-0.345	0.03196	0.03008	0.00704	0.02438
-0.346	0.03201	0.03013	0.00706	0.02442
-0.347	0.03207	0.03016	0.00708	0.02447
-0.348	0.03212	0.03021	0.0071	0.02451
-0.349	0.03218	0.03025	0.00711	0.02455
-0.35	0.03223	0.0303	0.00713	0.02459
-0.351	0.03229	0.03034	0.00714	0.02464
-0.352	0.03235	0.03038	0.00716	0.02468
-0.353	0.0324	0.03042	0.00717	0.02472
-0.354	0.03245	0.03047	0.00719	0.02476
-0.355	0.03251	0.03051	0.00721	0.02481
-0.356	0.03256	0.03056	0.00722	0.02485
-0.357	0.03261	0.03059	0.00724	0.02489
-0.358	0.03267	0.03064	0.00726	0.02493
-0.359	0.03273	0.03068	0.00727	0.02498
-0.36	0.03278	0.03073	0.00729	0.02502
-0.361	0.03284	0.03077	0.00731	0.02507
-0.362	0.03289	0.03081	0.00733	0.0251
-0.363	0.03294	0.03085	0.00734	0.02515
-0.364	0.033	0.0309	0.00736	0.02519
-0.365	0.03305	0.03094	0.00737	0.02523
-0.366	0.03311	0.03098	0.00739	0.02527
-0.367	0.03316	0.03102	0.0074	0.02532
-0.368	0.03322	0.03107	0.00742	0.02536
-0.369	0.03327	0.03111	0.00744	0.0254
-0.37	0.03333	0.03115	0.00745	0.02544
-0.371	0.03338	0.03119	0.00747	0.02549
-0.372	0.03344	0.03124	0.00749	0.02553
-0.373	0.03349	0.03128	0.0075	0.02557
-0.374	0.03355	0.03132	0.00752	0.02561
-0.375	0.0336	0.03136	0.00753	0.02566
-0.376	0.03365	0.03141	0.00755	0.0257
-0.377	0.03372	0.03144	0.00757	0.02574
-0.378	0.03378	0.03149	0.00758	0.02578
-0.379	0.03383	0.03153	0.0076	0.02582
-0.38	0.03388	0.03158	0.00762	0.02586
-0.381	0.03393	0.03161	0.00763	0.0259
-0.382	0.03398	0.03166	0.00765	0.02594
-0.383	0.03403	0.0317	0.00766	0.02599
-0.384	0.03409	0.03174	0.00768	0.02603
-0.385	0.03414	0.03178	0.0077	0.02607
-0.386	0.03419	0.03183	0.00771	0.02611
-0.387	0.03425	0.03187	0.00773	0.02615
-0.388	0.0343	0.03192	0.00774	0.02619
-0.389	0.03435	0.03195	0.00776	0.02624
-0.39	0.03441	0.032	0.00778	0.02628
-0.391	0.03446	0.03204	0.00779	0.02632
-0.392	0.03451	0.03208	0.00781	0.02636
-0.393	0.03457	0.03212	0.00783	0.02641
-0.394	0.03462	0.03217	0.00784	0.02645
-0.395	0.03467	0.03221	0.00786	0.02649
-0.396	0.03473	0.03225	0.00787	0.02653
-0.397	0.03478	0.03229	0.00789	0.02658
-0.398	0.03484	0.03234	0.00791	0.02661
-0.399	0.03489	0.03238	0.00792	0.02666
-0.4	0.03495	0.03242	0.00794	0.0267
-0.401	0.035	0.03246	0.00795	0.02674
-0.402	0.03505	0.03251	0.00797	0.02678
-0.403	0.0351	0.03255	0.00798	0.02683
-0.404	0.03516	0.03259	0.008	0.02687
-0.405	0.03521	0.03263	0.00802	0.02691
-0.406	0.03526	0.03268	0.00803	0.02695
-0.407	0.03531	0.03271	0.00805	0.027
-0.408	0.03537	0.03276	0.00807	0.02703
-0.409	0.03542	0.0328	0.00808	0.02708
-0.41	0.03548	0.03285	0.0081	0.02713
-0.411	0.03553	0.03288	0.00812	0.02717
-0.412	0.03558	0.03293	0.00813	0.02721
-0.413	0.03564	0.03297	0.00815	0.02725
-0.414	0.03569	0.03301	0.00816	0.02729
-0.415	0.03574	0.03305	0.00818	0.02734
-0.416	0.0358	0.0331	0.0082	0.02738
-0.417	0.03585	0.03314	0.00821	0.02742
-0.418	0.0359	0.03318	0.00823	0.02746
-0.419	0.03595	0.03322	0.00824	0.02751
-0.42	0.03601	0.03327	0.00826	0.02755
-0.421	0.03606	0.0333	0.00827	0.02759
-0.422	0.03612	0.03335	0.00829	0.02763
-0.423	0.03616	0.03339	0.00831	0.02768
-0.424	0.03622	0.03343	0.00832	0.02772
-0.425	0.03627	0.03347	0.00834	0.02776
-0.426	0.03633	0.03352	0.00836	0.0278
-0.427	0.03637	0.03355	0.00837	0.02784
-0.428	0.03643	0.0336	0.00839	0.02788
-0.429	0.03648	0.03364	0.0084	0.02792
-0.43	0.03654	0.03368	0.00842	0.02796
-0.431	0.03659	0.03372	0.00843	0.02801
-0.432	0.03664	0.03377	0.00845	0.02805
-0.433	0.03669	0.0338	0.00847	0.02809
-0.434	0.03675	0.03385	0.00848	0.02813
-0.435	0.03679	0.03388	0.0085	0.02818
-0.436	0.03685	0.03393	0.00852	0.02822
-0.437	0.0369	0.03397	0.00853	0.02826
-0.438	0.03695	0.03401	0.00855	0.0283
-0.439	0.037	0.03405	0.00856	0.02835
-0.44	0.03706	0.0341	0.00858	0.02839
-0.441	0.03711	0.03413	0.0086	0.02844
-0.442	0.03716	0.03418	0.00861	0.02848
-0.443	0.03721	0.03422	0.00863	0.02852
-0.444	0.03726	0.03426	0.00864	0.02856
-0.445	0.03731	0.0343	0.00866	0.0286
-0.446	0.03737	0.03435	0.00867	0.02864
-0.447	0.03741	0.03438	0.00869	0.02869
-0.448	0.03747	0.03443	0.00871	0.02873
-0.449	0.03752	0.03447	0.00872	0.02877
-0.45	0.03757	0.03451	0.00874	0.02881
-0.451	0.03762	0.03455	0.00875	0.02886
-0.452	0.03768	0.0346	0.00877	0.0289
-0.453	0.03772	0.03464	0.00878	0.02895
-0.454	0.03778	0.03468	0.0088	0.02899
-0.455	0.03782	0.03472	0.00882	0.02903
-0.456	0.03788	0.03477	0.00883	0.02907
-0.457	0.03793	0.0348	0.00885	0.02912
-0.458	0.03798	0.03485	0.00886	0.02916
-0.459	0.03803	0.03489	0.00888	0.02921
-0.46	0.03809	0.03493	0.00889	0.02925
-0.461	0.03814	0.03497	0.00891	0.02929
-0.462	0.03819	0.03502	0.00893	0.02934
-0.463	0.03824	0.03506	0.00894	0.02938
-0.464	0.03829	0.0351	0.00896	0.02942
-0.465	0.03834	0.03514	0.00897	0.02947
-0.466	0.0384	0.03519	0.00899	0.0295
-0.467	0.03845	0.03522	0.009	0.02955
-0.468	0.0385	0.03527	0.00902	0.0296
-0.469	0.03855	0.03531	0.00903	0.02964
-0.47	0.0386	0.03535	0.00905	0.02968
-0.471	0.03865	0.03539	0.00906	0.02973
-0.472	0.0387	0.03544	0.00908	0.02977
-0.473	0.03875	0.03548	0.0091	0.02981
-0.474	0.03881	0.03552	0.00911	0.02985
-0.475	0.03886	0.03556	0.00913	0.0299
-0.476	0.03891	0.03561	0.00914	0.02994
-0.477	0.03895	0.03565	0.00915	0.02999
-0.478	0.03901	0.03569	0.00917	0.03003
-0.479	0.03906	0.03573	0.00918	0.03007
-0.48	0.03911	0.03578	0.0092	0.03011
-0.481	0.03916	0.03582	0.00921	0.03016
-0.482	0.03921	0.03586	0.00923	0.0302
-0.483	0.03926	0.0359	0.00925	0.03025
-0.484	0.03931	0.03594	0.00926	0.03029
-0.485	0.03936	0.03598	0.00928	0.03034
-0.486	0.03941	0.03603	0.0093	0.03038
-0.487	0.03946	0.03607	0.00931	0.03043
-0.488	0.03952	0.03611	0.00933	0.03047
-0.489	0.03956	0.03615	0.00934	0.03052
-0.49	0.03962	0.0362	0.00936	0.03056
-0.491	0.03967	0.03624	0.00937	0.03061
-0.492	0.03972	0.03628	0.00939	0.03065
-0.493	0.03977	0.03632	0.0094	0.0307
-0.494	0.03982	0.03637	0.00942	0.03074
-0.495	0.03987	0.0364	0.00943	0.03079
-0.496	0.03992	0.03645	0.00945	0.03083
-0.497	0.03997	0.03649	0.00946	0.03088
-0.498	0.04003	0.03653	0.00948	0.03092
-0.499	0.04007	0.03657	0.00949	0.03097
-0.5	0.04013	0.03662	0.00951	0.03101
-0.501	0.04017	0.03666	0.00952	0.03106
-0.502	0.04023	0.0367	0.00954	0.0311
-0.503	0.04028	0.03674	0.00955	0.03115
-0.504	0.04033	0.03679	0.00957	0.03119
-0.505	0.04038	0.03683	0.00959	0.03124
-0.506	0.04043	0.03688	0.0096	0.03128
-0.507	0.04048	0.03692	0.00961	0.03133
-0.508	0.04053	0.03696	0.00963	0.03138
-0.509	0.04058	0.037	0.00964	0.03142
-0.51	0.04063	0.03704	0.00966	0.03147
-0.511	0.04068	0.03708	0.00967	0.03152
-0.512	0.04073	0.03713	0.00969	0.03156
-0.513	0.04078	0.03717	0.00971	0.03161
-0.514	0.04084	0.03721	0.00972	0.03165
-0.515	0.04088	0.03725	0.00974	0.0317
-0.516	0.04093	0.0373	0.00975	0.03174
-0.517	0.04098	0.03734	0.00977	0.03179
-0.518	0.04103	0.03739	0.00978	0.03184
-0.519	0.04108	0.03742	0.0098	0.03189
-0.52	0.04114	0.03747	0.00981	0.03194
-0.521	0.04118	0.03751	0.00982	0.03198
-0.522	0.04124	0.03756	0.00984	0.03202
-0.523	0.04128	0.03759	0.00985	0.03208
-0.524	0.04135	0.03764	0.00987	0.03212
-0.525	0.0414	0.03768	0.00988	0.03217
-0.526	0.04145	0.03772	0.0099	0.03221
-0.527	0.04149	0.03776	0.00991	0.03226
-0.528	0.04154	0.03781	0.00993	0.03231
-0.529	0.04159	0.03785	0.00994	0.03236
-0.53	0.04164	0.03789	0.00996	0.0324
-0.531	0.04169	0.03793	0.00997	0.03245
-0.532	0.04174	0.03798	0.00999	0.0325
-0.533	0.04179	0.03802	0.01	0.03255
-0.534	0.04183	0.03807	0.01002	0.03259
-0.535	0.04188	0.03811	0.01003	0.03264
-0.536	0.04193	0.03815	0.01005	0.03269
-0.537	0.04198	0.03819	0.01006	0.03274
-0.538	0.04203	0.03824	0.01008	0.03278
-0.539	0.04208	0.03828	0.01009	0.03284
-0.54	0.04213	0.03833	0.01011	0.03288
-0.541	0.04218	0.03836	0.01012	0.03293
-0.542	0.04223	0.03841	0.01013	0.03297
-0.543	0.04228	0.03845	0.01015	0.03302
-0.544	0.04233	0.0385	0.01016	0.03307
-0.545	0.04238	0.03854	0.01018	0.03312
-0.546	0.04243	0.03858	0.01019	0.03316
-0.547	0.04248	0.03862	0.01021	0.03321
-0.548	0.04253	0.03867	0.01022	0.03326
-0.549	0.04258	0.03871	0.01023	0.03331
-0.55	0.04263	0.03876	0.01025	0.03335
-0.551	0.04267	0.0388	0.01026	0.03341
-0.552	0.04273	0.03885	0.01028	0.03345
-0.553	0.04278	0.03889	0.01029	0.0335
-0.554	0.04283	0.03893	0.01031	0.03354
-0.555	0.04287	0.03897	0.01032	0.0336
-0.556	0.04292	0.03902	0.01034	0.03364
-0.557	0.04297	0.03906	0.01035	0.03369
-0.558	0.04302	0.03911	0.01036	0.03374
-0.559	0.04307	0.03915	0.01038	0.03379
-0.56	0.04312	0.03919	0.01039	0.03383
-0.561	0.04317	0.03923	0.0104	0.03388
-0.562	0.04322	0.03928	0.01042	0.03393
-0.563	0.04326	0.03932	0.01043	0.03398
-0.564	0.04332	0.03937	0.01045	0.03403
-0.565	0.04336	0.03941	0.01046	0.03408
-0.566	0.04341	0.03946	0.01048	0.03413
-0.567	0.04346	0.0395	0.01049	0.03418
-0.568	0.04351	0.03955	0.01051	0.03423
-0.569	0.04355	0.03959	0.01052	0.03428
-0.57	0.0436	0.03963	0.01054	0.03433
-0.571	0.04364	0.03967	0.01055	0.03438
-0.572	0.04369	0.03972	0.01057	0.03443
-0.573	0.04374	0.03977	0.01058	0.03448
-0.574	0.04379	0.03981	0.01059	0.03453
-0.575	0.04383	0.03986	0.01061	0.03458
-0.576	0.04389	0.0399	0.01062	0.03463
-0.577	0.04393	0.03995	0.01064	0.03469
-0.578	0.04398	0.03999	0.01065	0.03474
-0.579	0.04403	0.04004	0.01066	0.03479
-0.58	0.04408	0.04008	0.01068	0.03483
-0.581	0.04413	0.04012	0.01069	0.03489
-0.582	0.04418	0.04017	0.01071	0.03494
-0.583	0.04423	0.04021	0.01072	0.03499
-0.584	0.04428	0.04026	0.01074	0.03504
-0.585	0.04432	0.0403	0.01075	0.03509
-0.586	0.04437	0.04035	0.01077	0.03514
-0.587	0.04442	0.04039	0.01078	0.03519
-0.588	0.04447	0.04044	0.0108	0.03524
-0.589	0.04451	0.04048	0.01081	0.0353
-0.59	0.04456	0.04053	0.01083	0.03535
-0.591	0.04461	0.04057	0.01084	0.0354
-0.592	0.04466	0.04062	0.01085	0.03545
-0.593	0.04471	0.04066	0.01087	0.03551
-0.594	0.04476	0.04071	0.01088	0.03555
-0.595	0.04481	0.04075	0.01089	0.03561
-0.596	0.04486	0.0408	0.01091	0.03565
-0.597	0.04491	0.04084	0.01092	0.03571
-0.598	0.04496	0.04089	0.01094	0.03576
-0.599	0.045	0.04093	0.01095	0.03581
-0.6	0.04506	0.04098	0.01097	0.03586
-0.601	0.0451	0.04102	0.01098	0.03591
-0.602	0.04515	0.04107	0.011	0.03596
-0.603	0.0452	0.04111	0.01101	0.03601
-0.604	0.04525	0.04116	0.01102	0.03606
-0.605	0.0453	0.04121	0.01104	0.03611
-0.606	0.04535	0.04126	0.01105	0.03616
-0.607	0.0454	0.04129	0.01107	0.03621
-0.608	0.04544	0.04134	0.01108	0.03626
-0.609	0.04549	0.04139	0.01109	0.03632
-0.61	0.04554	0.04144	0.01111	0.03637
-0.611	0.04558	0.04148	0.01112	0.03642
-0.612	0.04563	0.04153	0.01114	0.03647
-0.613	0.04568	0.04157	0.01115	0.03652
-0.614	0.04573	0.04162	0.01116	0.03657
-0.615	0.04577	0.04166	0.01118	0.03663
-0.616	0.04582	0.04171	0.01119	0.03667
-0.617	0.04587	0.04175	0.01121	0.03673
-0.618	0.04592	0.0418	0.01122	0.03678
-0.619	0.04597	0.04184	0.01124	0.03684
-0.62	0.04602	0.04189	0.01125	0.03688
-0.621	0.04607	0.04194	0.01126	0.03694
-0.622	0.04612	0.04199	0.01128	0.03699
-0.623	0.04616	0.04203	0.01129	0.03705
-0.624	0.04621	0.04208	0.0113	0.03709
-0.625	0.04626	0.04212	0.01132	0.03715
-0.626	0.04631	0.04217	0.01133	0.03719
-0.627	0.04635	0.04222	0.01135	0.03725
-0.628	0.04641	0.04227	0.01136	0.03729
-0.629	0.04645	0.04231	0.01137	0.03735
-0.63	0.0465	0.04236	0.01139	0.0374
-0.631	0.04654	0.04241	0.0114	0.03745
-0.632	0.04659	0.04246	0.01142	0.0375
-0.633	0.04664	0.0425	0.01143	0.03756
-0.634	0.04669	0.04255	0.01144	0.0376
-0.635	0.04673	0.0426	0.01146	0.03766
-0.636	0.04678	0.04265	0.01147	0.0377
-0.637	0.04683	0.04269	0.01148	0.03776
-0.638	0.04689	0.04274	0.0115	0.03781
-0.639	0.04693	0.04278	0.01151	0.03787
-0.64	0.04698	0.04283	0.01153	0.03792
-0.641	0.04702	0.04288	0.01154	0.03798
-0.642	0.04707	0.04293	0.01156	0.03803
-0.643	0.04712	0.04298	0.01157	0.03809
-0.644	0.04717	0.04303	0.01158	0.03814
-0.645	0.04721	0.04307	0.0116	0.0382
-0.646	0.04726	0.04313	0.01161	0.03825
-0.647	0.04731	0.04317	0.01163	0.03831
-0.648	0.04736	0.04322	0.01164	0.03837
-0.649	0.0474	0.04327	0.01165	0.03842
-0.65	0.04745	0.04332	0.01167	0.03847
-0.651	0.0475	0.04337	0.01168	0.03853
-0.652	0.04755	0.04342	0.01169	0.03858
-0.653	0.04759	0.04347	0.01171	0.03864
-0.654	0.04765	0.04351	0.01172	0.03868
-0.655	0.04769	0.04355	0.01173	0.03874
-0.656	0.04774	0.0436	0.01175	0.0388
-0.657	0.04778	0.04364	0.01176	0.03886
-0.658	0.04782	0.04369	0.01178	0.03892
-0.659	0.04787	0.04374	0.01179	0.03898
-0.66	0.04792	0.0438	0.01181	0.03904
-0.661	0.04796	0.04385	0.01182	0.03909
-0.662	0.04802	0.0439	0.01184	0.03915
-0.663	0.04806	0.04395	0.01185	0.03921
-0.664	0.04811	0.044	0.01186	0.03926
-0.665	0.04815	0.04405	0.01188	0.03933
-0.666	0.04821	0.0441	0.01189	0.03938
-0.667	0.04825	0.04415	0.0119	0.03945
-0.668	0.0483	0.04421	0.01192	0.0395
-0.669	0.04834	0.04425	0.01193	0.03956
-0.67	0.04839	0.04431	0.01194	0.03963
-0.671	0.04844	0.04436	0.01196	0.03969
-0.672	0.04849	0.04442	0.01197	0.03974
-0.673	0.04853	0.04447	0.01198	0.0398
-0.674	0.04859	0.04452	0.012	0.03987
-0.675	0.04863	0.04456	0.01201	0.03993
-0.676	0.04868	0.04462	0.01203	0.03998
-0.677	0.04873	0.04467	0.01204	0.04004
-0.678	0.04878	0.04473	0.01205	0.0401
-0.679	0.04882	0.04477	0.01206	0.04016
-0.68	0.04887	0.04483	0.01208	0.04022
-0.681	0.04891	0.04488	0.01209	0.04029
-0.682	0.04896	0.04493	0.0121	0.04034
-0.683	0.04901	0.04498	0.01211	0.04041
-0.684	0.04905	0.04504	0.01212	0.04047
-0.685	0.0491	0.04509	0.01213	0.04053
-0.686	0.04915	0.04515	0.01215	0.04059
-0.687	0.0492	0.0452	0.01216	0.04065
-0.688	0.04925	0.04526	0.01217	0.04071
-0.689	0.04929	0.04531	0.01218	0.04078
-0.69	0.04934	0.04537	0.0122	0.04083
-0.691	0.04938	0.04543	0.01221	0.04091
-0.692	0.04943	0.04548	0.01223	0.04097
-0.693	0.04948	0.04553	0.01224	0.04103
-0.694	0.04952	0.04559	0.01226	0.04109
-0.695	0.04957	0.04563	0.01227	0.04115
-0.696	0.04961	0.04569	0.01229	0.04122
-0.697	0.04965	0.04575	0.0123	0.04128
-0.698	0.0497	0.0458	0.01231	0.04134
-0.699	0.04975	0.04584	0.01232	0.04141
-0.7	0.04979	0.0459	0.01234	0.04146
-0.701	0.04984	0.04594	0.01235	0.04152
-0.702	0.04989	0.046	0.01236	0.04158
-0.703	0.04993	0.04606	0.01238	0.04165
-0.704	0.04998	0.04611	0.01239	0.04169
-0.705	0.05003	0.04617	0.0124	0.04176
-0.706	0.05008	0.04622	0.01242	0.04184
-0.707	0.05012	0.04628	0.01243	0.04191
-0.708	0.05017	0.04634	0.01245	0.04197
-0.709	0.05021	0.04639	0.01246	0.04204
-0.71	0.05026	0.04646	0.01247	0.0421
-0.711	0.0503	0.04651	0.01249	0.04217
-0.712	0.05035	0.04657	0.0125	0.04224
-0.713	0.0504	0.04663	0.01252	0.0423
-0.714	0.05045	0.04669	0.01253	0.04237
-0.715	0.05049	0.04675	0.01254	0.04244
-0.716	0.05054	0.04681	0.01256	0.0425
-0.717	0.05059	0.04687	0.01257	0.04257
-0.718	0.05064	0.04693	0.01259	0.04264
-0.719	0.05069	0.04699	0.0126	0.04271
-0.72	0.05074	0.04705	0.01261	0.04277
-0.721	0.05078	0.04711	0.01262	0.04284
-0.722	0.05082	0.04717	0.01264	0.0429
-0.723	0.05086	0.04723	0.01265	0.04298
-0.724	0.05091	0.0473	0.01267	0.04304
-0.725	0.05095	0.04735	0.01268	0.0431
-0.726	0.05101	0.04742	0.01269	0.04316
-0.727	0.05105	0.04748	0.01271	0.04323
-0.728	0.05109	0.04754	0.01272	0.04331
-0.729	0.05114	0.04761	0.01273	0.04339
-0.73	0.0512	0.04767	0.01275	0.04346
-0.731	0.05124	0.04773	0.01276	0.04354
-0.732	0.05129	0.0478	0.01278	0.0436
-0.733	0.05133	0.04786	0.01279	0.04367
-0.734	0.05138	0.04792	0.0128	0.04375
-0.735	0.05143	0.04798	0.01281	0.04383
-0.736	0.05148	0.04806	0.01283	0.04391
-0.737	0.05153	0.04812	0.01284	0.04399
-0.738	0.05157	0.04818	0.01285	0.04406
-0.739	0.05161	0.04824	0.01287	0.04415
-0.74	0.05166	0.04831	0.01288	0.04422
-0.741	0.05171	0.04837	0.01289	0.04429
-0.742	0.05176	0.04843	0.01291	0.04438
-0.743	0.0518	0.04849	0.01292	0.04446
-0.744	0.05185	0.04856	0.01293	0.04452
-0.745	0.0519	0.04862	0.01295	0.0446
-0.746	0.05195	0.04868	0.01296	0.04469
-0.747	0.052	0.04875	0.01297	0.04477
-0.748	0.05205	0.04882	0.01299	0.04482
-0.749	0.05209	0.04888	0.013	0.04491
-0.75	0.05214	0.04895	0.01302	0.04497
-0.751	0.05218	0.04901	0.01303	0.04505
-0.752	0.05224	0.04908	0.01304	0.04511
-0.753	0.05228	0.04915	0.01305	0.04519
-0.754	0.05233	0.04922	0.01307	0.04527
-0.755	0.05237	0.04928	0.01308	0.04536
-0.756	0.05242	0.04935	0.0131	0.04543
-0.757	0.05247	0.04942	0.01311	0.04551
-0.758	0.05252	0.04949	0.01312	0.04559
-0.759	0.05256	0.04955	0.01313	0.04566
-0.76	0.05262	0.04961	0.01315	0.04573
-0.761	0.05266	0.04968	0.01316	0.04582
-0.762	0.05271	0.04974	0.01318	0.04589
-0.763	0.05275	0.04981	0.01319	0.04596
-0.764	0.0528	0.04987	0.0132	0.04603
-0.765	0.05284	0.04994	0.01322	0.04612
-0.766	0.05289	0.05001	0.01323	0.0462
-0.767	0.05294	0.05008	0.01325	0.0463
-0.768	0.05299	0.05015	0.01326	0.04638
-0.769	0.05303	0.05021	0.01327	0.04646
-0.77	0.05309	0.05029	0.01329	0.04652
-0.771	0.05313	0.05035	0.0133	0.0466
-0.772	0.05317	0.05042	0.01331	0.04668
-0.773	0.05322	0.05049	0.01332	0.04674
-0.774	0.05327	0.05057	0.01334	0.04681
-0.775	0.05331	0.05063	0.01335	0.04692
-0.776	0.05336	0.05071	0.01337	0.04702
-0.777	0.0534	0.05078	0.01338	0.04712
-0.778	0.05345	0.05085	0.01339	0.04719
-0.779	0.05349	0.05091	0.0134	0.04726
-0.78	0.05355	0.05099	0.01342	0.04734
-0.781	0.05359	0.05105	0.01343	0.04741
-0.782	0.05364	0.05113	0.01345	0.04749
-0.783	0.05371	0.05119	0.01346	0.04757
-0.784	0.05377	0.05127	0.01347	0.04764
-0.785	0.05384	0.05134	0.01349	0.04772
-0.786	0.05389	0.05141	0.0135	0.04778
-0.787	0.05394	0.05147	0.01351	0.04787
-0.788	0.05399	0.05155	0.01353	0.04794
-0.789	0.05404	0.05162	0.01354	0.04803
-0.79	0.05411	0.05169	0.01356	0.04809
-0.791	0.05415	0.05177	0.01357	0.04817
-0.792	0.0542	0.05184	0.01358	0.04825
-0.793	0.05424	0.05191	0.01359	0.04834
-0.794	0.05429	0.05199	0.01361	0.04842
-0.795	0.05433	0.05206	0.01362	0.04852
-0.796	0.05438	0.05213	0.01363	0.04859
-0.797	0.05442	0.0522	0.01365	0.04869
-0.798	0.05448	0.05227	0.01366	0.04878
-0.799	0.05453	0.05234	0.01367	0.04887
-0.8	0.05447	0.05226	0.01366	0.04879
-0.799	0.0542	0.05188	0.01358	0.04838
-0.798	0.05395	0.05154	0.01351	0.04804
-0.797	0.05371	0.05121	0.01344	0.04769
-0.796	0.05349	0.05091	0.01337	0.04734
-0.795	0.05327	0.05062	0.01331	0.04701
-0.794	0.05306	0.05032	0.01326	0.04671
-0.793	0.05285	0.05003	0.0132	0.04643
-0.792	0.05265	0.04976	0.01314	0.04611
-0.791	0.05244	0.0495	0.01309	0.04582
-0.79	0.05225	0.04926	0.01303	0.04554
-0.789	0.05205	0.049	0.01298	0.04525
-0.788	0.05187	0.04874	0.01293	0.04496
-0.787	0.05167	0.04849	0.01288	0.04472
-0.786	0.05149	0.04824	0.01283	0.04449
-0.785	0.0513	0.048	0.01278	0.04422
-0.784	0.05112	0.04776	0.01274	0.04398
-0.783	0.05094	0.04753	0.01269	0.04375
-0.782	0.05077	0.04729	0.01264	0.04354
-0.781	0.05059	0.04707	0.01259	0.04329
-0.78	0.05043	0.04684	0.01255	0.04301
-0.779	0.05025	0.04661	0.0125	0.04277
-0.778	0.05008	0.04639	0.01246	0.04252
-0.777	0.04991	0.04617	0.01241	0.04228
-0.776	0.04975	0.04596	0.01237	0.04203
-0.775	0.04959	0.04575	0.01232	0.04178
-0.774	0.04943	0.04555	0.01228	0.04155
-0.773	0.04927	0.04534	0.01224	0.04132
-0.772	0.04911	0.04513	0.01219	0.04108
-0.771	0.04895	0.04492	0.01215	0.04086
-0.77	0.04879	0.04471	0.01211	0.04062
-0.769	0.04863	0.04451	0.01208	0.04041
-0.768	0.04848	0.04431	0.01204	0.04018
-0.767	0.04832	0.04412	0.012	0.03996
-0.766	0.04817	0.04392	0.01196	0.03973
-0.765	0.04802	0.04372	0.01192	0.03951
-0.764	0.04787	0.04354	0.01188	0.03929
-0.763	0.04772	0.04335	0.01184	0.03911
-0.762	0.04757	0.04316	0.0118	0.03889
-0.761	0.04742	0.04298	0.01176	0.03868
-0.76	0.04728	0.04278	0.01172	0.03846
-0.759	0.04713	0.04259	0.01168	0.03826
-0.758	0.04699	0.0424	0.01164	0.03804
-0.757	0.04684	0.04222	0.0116	0.03782
-0.756	0.0467	0.04204	0.01156	0.03761
-0.755	0.04655	0.04186	0.01152	0.03743
-0.754	0.04641	0.04168	0.01149	0.03722
-0.753	0.04627	0.0415	0.01145	0.03703
-0.752	0.04613	0.04132	0.01141	0.03684
-0.751	0.04599	0.04115	0.01137	0.03665
-0.75	0.04585	0.04097	0.01134	0.03645
-0.749	0.04571	0.04079	0.0113	0.03624
-0.748	0.04558	0.04061	0.01126	0.03604
-0.747	0.04545	0.04044	0.01123	0.03587
-0.746	0.04531	0.04026	0.01119	0.03566
-0.745	0.04518	0.04009	0.01116	0.03547
-0.744	0.04505	0.03991	0.01112	0.0353
-0.743	0.04491	0.03975	0.01108	0.03513
-0.742	0.04477	0.03958	0.01105	0.03495
-0.741	0.04464	0.03941	0.01101	0.03476
-0.74	0.0445	0.03924	0.01097	0.03457
-0.739	0.04437	0.03907	0.01094	0.03439
-0.738	0.04424	0.03891	0.0109	0.0342
-0.737	0.04411	0.03875	0.01087	0.03403
-0.736	0.04398	0.0386	0.01084	0.03385
-0.735	0.04385	0.03844	0.0108	0.03368
-0.734	0.04373	0.03827	0.01077	0.03349
-0.733	0.04359	0.03811	0.01073	0.03331
-0.732	0.04348	0.03795	0.0107	0.03312
-0.731	0.04336	0.03779	0.01066	0.03294
-0.73	0.04323	0.03763	0.01063	0.03276
-0.729	0.0431	0.03747	0.01059	0.03259
-0.728	0.04298	0.03733	0.01056	0.03242
-0.727	0.04285	0.03717	0.01053	0.03225
-0.726	0.04273	0.03701	0.01049	0.03207
-0.725	0.0426	0.03685	0.01046	0.03192
-0.724	0.04247	0.0367	0.01043	0.03175
-0.723	0.04234	0.03655	0.01039	0.03158
-0.722	0.04223	0.03639	0.01036	0.03143
-0.721	0.04209	0.03624	0.01033	0.03128
-0.72	0.04198	0.0361	0.0103	0.03111
-0.719	0.04185	0.03595	0.01026	0.03095
-0.718	0.04175	0.03581	0.01023	0.03079
-0.717	0.04164	0.03565	0.0102	0.03062
-0.716	0.04152	0.0355	0.01017	0.03045
-0.715	0.0414	0.03536	0.01013	0.03029
-0.714	0.04128	0.03522	0.0101	0.03012
-0.713	0.04115	0.03507	0.01007	0.02997
-0.712	0.04104	0.03493	0.01004	0.02981
-0.711	0.04092	0.03478	0.01001	0.02966
-0.71	0.04081	0.03465	0.00998	0.02949
-0.709	0.04068	0.03451	0.00995	0.02934
-0.708	0.04057	0.03437	0.00991	0.02918
-0.707	0.04045	0.03424	0.00988	0.02903
-0.706	0.04034	0.0341	0.00985	0.02887
-0.705	0.04021	0.03396	0.00982	0.02871
-0.704	0.0401	0.03382	0.00979	0.02855
-0.703	0.03998	0.03368	0.00976	0.0284
-0.702	0.03987	0.03354	0.00973	0.02824
-0.701	0.03974	0.0334	0.0097	0.02808
-0.7	0.03963	0.03327	0.00967	0.02792
-0.699	0.03951	0.03313	0.00964	0.02779
-0.698	0.0394	0.03299	0.00961	0.02764
-0.697	0.03929	0.03286	0.00958	0.02749
-0.696	0.03918	0.03273	0.00955	0.02734
-0.695	0.03906	0.03259	0.00952	0.0272
-0.694	0.03895	0.03246	0.00949	0.02705
-0.693	0.03884	0.03233	0.00946	0.02691
-0.692	0.03873	0.03221	0.00943	0.02676
-0.691	0.03861	0.03207	0.0094	0.02663
-0.69	0.0385	0.03194	0.00937	0.02649
-0.689	0.03839	0.03181	0.00934	0.02635
-0.688	0.03828	0.03167	0.00931	0.02621
-0.687	0.03817	0.03154	0.00928	0.02608
-0.686	0.03806	0.03142	0.00925	0.02594
-0.685	0.03794	0.03129	0.00922	0.02581
-0.684	0.03784	0.03117	0.00919	0.02567
-0.683	0.03772	0.03104	0.00916	0.02553
-0.682	0.03762	0.03091	0.00913	0.02539
-0.681	0.0375	0.03078	0.0091	0.02526
-0.68	0.0374	0.03066	0.00907	0.02511
-0.679	0.03728	0.03053	0.00905	0.02497
-0.678	0.03718	0.03041	0.00902	0.02483
-0.677	0.03707	0.03029	0.00899	0.02471
-0.676	0.03696	0.03017	0.00896	0.02456
-0.675	0.03685	0.03005	0.00893	0.02442
-0.674	0.03674	0.02993	0.0089	0.02429
-0.673	0.03663	0.02981	0.00888	0.02416
-0.672	0.03652	0.0297	0.00885	0.02402
-0.671	0.03641	0.02958	0.00882	0.02389
-0.67	0.0363	0.02947	0.00879	0.02378
-0.669	0.0362	0.02935	0.00876	0.02365
-0.668	0.0361	0.02924	0.00873	0.02352
-0.667	0.03599	0.02912	0.0087	0.02339
-0.666	0.03588	0.029	0.00868	0.02326
-0.665	0.03578	0.02887	0.00865	0.02313
-0.664	0.03567	0.02876	0.00862	0.023
-0.663	0.03556	0.02864	0.00859	0.02287
-0.662	0.03546	0.02852	0.00857	0.02274
-0.661	0.03535	0.02841	0.00854	0.02263
-0.66	0.03524	0.02829	0.00851	0.02249
-0.659	0.03513	0.02817	0.00848	0.02237
-0.658	0.03503	0.02806	0.00846	0.02224
-0.657	0.03493	0.02794	0.00843	0.02212
-0.656	0.03483	0.02783	0.0084	0.022
-0.655	0.03472	0.02772	0.00837	0.02188
-0.654	0.03462	0.02761	0.00835	0.02175
-0.653	0.03451	0.02749	0.00832	0.02163
-0.652	0.03441	0.02737	0.00829	0.0215
-0.651	0.03431	0.02726	0.00826	0.02139
-0.65	0.03421	0.02714	0.00824	0.02126
-0.649	0.0341	0.02703	0.00821	0.02115
-0.648	0.034	0.02692	0.00819	0.02102
-0.647	0.0339	0.02681	0.00816	0.0209
-0.646	0.0338	0.02669	0.00813	0.02077
-0.645	0.0337	0.02658	0.0081	0.02066
-0.644	0.03361	0.02647	0.00808	0.02054
-0.643	0.0335	0.02636	0.00805	0.02043
-0.642	0.0334	0.02624	0.00803	0.02031
-0.641	0.0333	0.02613	0.008	0.02019
-0.64	0.0332	0.02603	0.00797	0.02007
-0.639	0.0331	0.02592	0.00795	0.01995
-0.638	0.033	0.02582	0.00792	0.01983
-0.637	0.03289	0.02571	0.00789	0.01972
-0.636	0.0328	0.0256	0.00787	0.01959
-0.635	0.0327	0.0255	0.00784	0.01948
-0.634	0.0326	0.02539	0.00782	0.01936
-0.633	0.0325	0.02528	0.00779	0.01925
-0.632	0.0324	0.02518	0.00777	0.01914
-0.631	0.0323	0.02507	0.00774	0.01903
-0.63	0.0322	0.02497	0.00772	0.01891
-0.629	0.0321	0.02486	0.00769	0.01881
-0.628	0.032	0.02476	0.00767	0.01869
-0.627	0.03191	0.02466	0.00764	0.01858
-0.626	0.03181	0.02455	0.00761	0.01847
-0.625	0.03171	0.02444	0.00759	0.01837
-0.624	0.03162	0.02434	0.00756	0.01826
-0.623	0.03152	0.02424	0.00754	0.01815
-0.622	0.03142	0.02414	0.00751	0.01805
-0.621	0.03132	0.02403	0.00749	0.01793
-0.62	0.03122	0.02392	0.00746	0.01782
-0.619	0.03113	0.02382	0.00744	0.01771
-0.618	0.03103	0.02371	0.00741	0.0176
-0.617	0.03093	0.02361	0.00739	0.01749
-0.616	0.03084	0.02351	0.00736	0.01739
-0.615	0.03074	0.02341	0.00734	0.0173
-0.614	0.03065	0.02332	0.00731	0.01718
-0.613	0.03055	0.02322	0.00729	0.01708
-0.612	0.03046	0.02312	0.00726	0.01698
-0.611	0.03036	0.02303	0.00724	0.01687
-0.61	0.03027	0.02293	0.00721	0.01676
-0.609	0.03017	0.02283	0.00719	0.01667
-0.608	0.03008	0.02274	0.00716	0.01656
-0.607	0.02999	0.02264	0.00714	0.01645
-0.606	0.0299	0.02255	0.00712	0.01634
-0.605	0.02981	0.02245	0.00709	0.01625
-0.604	0.02972	0.02235	0.00707	0.01614
-0.603	0.02963	0.02226	0.00704	0.01603
-0.602	0.02954	0.02216	0.00702	0.01592
-0.601	0.02944	0.02206	0.00699	0.01583
-0.6	0.02935	0.02198	0.00697	0.01572
-0.599	0.02925	0.02188	0.00695	0.01562
-0.598	0.02916	0.02179	0.00693	0.01551
-0.597	0.02907	0.02169	0.0069	0.01542
-0.596	0.02898	0.02161	0.00688	0.01532
-0.595	0.02888	0.02153	0.00686	0.01522
-0.594	0.02879	0.02145	0.00683	0.01511
-0.593	0.0287	0.02136	0.00681	0.01503
-0.592	0.02861	0.02127	0.00678	0.01493
-0.591	0.02852	0.02118	0.00676	0.01483
-0.59	0.02843	0.02108	0.00674	0.01472
-0.589	0.02833	0.02099	0.00671	0.01463
-0.588	0.02825	0.02089	0.00669	0.01454
-0.587	0.02815	0.0208	0.00667	0.01445
-0.586	0.02806	0.02071	0.00664	0.01435
-0.585	0.02797	0.02062	0.00662	0.01426
-0.584	0.02788	0.02053	0.0066	0.01416
-0.583	0.02779	0.02044	0.00657	0.01406
-0.582	0.02771	0.02035	0.00655	0.01396
-0.581	0.02762	0.02026	0.00652	0.01387
-0.58	0.02753	0.02017	0.0065	0.01377
-0.579	0.02743	0.02008	0.00648	0.01368
-0.578	0.02735	0.01999	0.00646	0.01357
-0.577	0.02725	0.0199	0.00643	0.01349
-0.576	0.02717	0.0198	0.00641	0.01339
-0.575	0.02707	0.01972	0.00639	0.0133
-0.574	0.02699	0.01963	0.00636	0.0132
-0.573	0.0269	0.01954	0.00634	0.01311
-0.572	0.02681	0.01945	0.00632	0.01301
-0.571	0.02672	0.01936	0.0063	0.01292
-0.57	0.02664	0.01927	0.00628	0.01282
-0.569	0.02655	0.01918	0.00625	0.01273
-0.568	0.02647	0.0191	0.00623	0.01264
-0.567	0.02638	0.01901	0.00621	0.01255
-0.566	0.02629	0.01892	0.00619	0.01246
-0.565	0.0262	0.01883	0.00616	0.01237
-0.564	0.02612	0.01874	0.00614	0.01227
-0.563	0.02603	0.01865	0.00612	0.01218
-0.562	0.02594	0.01857	0.0061	0.0121
-0.561	0.02585	0.01848	0.00607	0.01202
-0.56	0.02577	0.0184	0.00605	0.01192
-0.559	0.02568	0.01831	0.00603	0.01184
-0.558	0.0256	0.01822	0.00601	0.01175
-0.557	0.02551	0.01814	0.00598	0.01166
-0.556	0.02542	0.01805	0.00596	0.01157
-0.555	0.02533	0.01797	0.00594	0.01148
-0.554	0.02525	0.01788	0.00592	0.01139
-0.553	0.02516	0.0178	0.0059	0.01131
-0.552	0.02508	0.01772	0.00588	0.01122
-0.551	0.02499	0.01763	0.00585	0.01114
-0.55	0.02491	0.01754	0.00583	0.01105
-0.549	0.02482	0.01746	0.00581	0.01096
-0.548	0.02474	0.01738	0.00579	0.01087
-0.547	0.02465	0.0173	0.00576	0.01079
-0.546	0.02457	0.01722	0.00574	0.01069
-0.545	0.02448	0.01713	0.00572	0.01061
-0.544	0.02439	0.01705	0.0057	0.01052
-0.543	0.02431	0.01696	0.00568	0.01044
-0.542	0.02422	0.01688	0.00566	0.01035
-0.541	0.02413	0.0168	0.00564	0.01027
-0.54	0.02405	0.01672	0.00562	0.01019
-0.539	0.02396	0.01664	0.00559	0.01012
-0.538	0.02388	0.01656	0.00557	0.01003
-0.537	0.02379	0.01648	0.00555	0.00994
-0.536	0.02371	0.0164	0.00553	0.00986
-0.535	0.02362	0.01631	0.00551	0.00978
-0.534	0.02355	0.01623	0.00549	0.00969
-0.533	0.02346	0.01615	0.00547	0.00962
-0.532	0.02338	0.01607	0.00545	0.00953
-0.531	0.02329	0.01599	0.00542	0.00945
-0.53	0.02321	0.0159	0.0054	0.00937
-0.529	0.02312	0.01583	0.00538	0.0093
-0.528	0.02304	0.01575	0.00536	0.00922
-0.527	0.02295	0.01567	0.00534	0.00916
-0.526	0.02288	0.01559	0.00532	0.00908
-0.525	0.02279	0.01551	0.00529	0.009
-0.524	0.02271	0.01543	0.00527	0.00892
-0.523	0.02263	0.01535	0.00525	0.00885
-0.522	0.02255	0.01527	0.00523	0.00877
-0.521	0.02246	0.01519	0.00521	0.0087
-0.52	0.02238	0.01511	0.00519	0.00861
-0.519	0.0223	0.01503	0.00517	0.00853
-0.518	0.02222	0.01496	0.00515	0.00845
-0.517	0.02213	0.01488	0.00513	0.00838
-0.516	0.02205	0.0148	0.00511	0.00829
-0.515	0.02197	0.01472	0.00509	0.00822
-0.514	0.02189	0.01464	0.00506	0.00813
-0.513	0.02181	0.01457	0.00504	0.00805
-0.512	0.02173	0.01448	0.00502	0.00797
-0.511	0.02164	0.01441	0.005	0.00789
-0.51	0.02156	0.01433	0.00498	0.00781
-0.509	0.02148	0.01426	0.00496	0.00774
-0.508	0.0214	0.01418	0.00494	0.00766
-0.507	0.02132	0.01411	0.00492	0.00759
-0.506	0.02124	0.01403	0.0049	0.00751
-0.505	0.02116	0.01395	0.00488	0.00743
-0.504	0.02108	0.01388	0.00486	0.00736
-0.503	0.021	0.0138	0.00484	0.00728
-0.502	0.02092	0.01373	0.00482	0.0072
-0.501	0.02084	0.01365	0.0048	0.00714
-0.5	0.02076	0.01358	0.00478	0.00706
-0.499	0.02068	0.0135	0.00476	0.00699
-0.498	0.0206	0.01343	0.00474	0.00691
-0.497	0.02052	0.01335	0.00472	0.00684
-0.496	0.02044	0.01328	0.0047	0.00676
-0.495	0.02036	0.0132	0.00468	0.00669
-0.494	0.02028	0.01313	0.00466	0.00661
-0.493	0.0202	0.01305	0.00464	0.00654
-0.492	0.02012	0.01298	0.00462	0.00646
-0.491	0.02004	0.0129	0.00459	0.00639
-0.49	0.01996	0.01283	0.00458	0.00631
-0.489	0.01988	0.01276	0.00455	0.00624
-0.488	0.0198	0.01269	0.00453	0.00617
-0.487	0.01972	0.01261	0.00451	0.0061
-0.486	0.01965	0.01254	0.00449	0.00602
-0.485	0.01956	0.01246	0.00447	0.00596
-0.484	0.01949	0.01239	0.00445	0.00588
-0.483	0.01941	0.01232	0.00443	0.00581
-0.482	0.01933	0.01225	0.00441	0.00574
-0.481	0.01925	0.01217	0.00439	0.00567
-0.48	0.01918	0.01211	0.00438	0.00559
-0.479	0.0191	0.01205	0.00436	0.00552
-0.478	0.01902	0.01198	0.00434	0.00545
-0.477	0.01894	0.01191	0.00432	0.00538
-0.476	0.01887	0.01183	0.0043	0.00531
-0.475	0.01879	0.01176	0.00428	0.00524
-0.474	0.01871	0.01169	0.00426	0.00517
-0.473	0.01863	0.01162	0.00424	0.0051
-0.472	0.01856	0.01154	0.00422	0.00502
-0.471	0.01848	0.01147	0.0042	0.00496
-0.47	0.0184	0.0114	0.00418	0.00488
-0.469	0.01832	0.01133	0.00416	0.00481
-0.468	0.01825	0.01126	0.00414	0.00474
-0.467	0.01817	0.01119	0.00412	0.00468
-0.466	0.0181	0.01112	0.0041	0.0046
-0.465	0.01802	0.01105	0.00408	0.00453
-0.464	0.01795	0.01098	0.00406	0.00446
-0.463	0.01787	0.01091	0.00404	0.00439
-0.462	0.01779	0.01083	0.00402	0.00432
-0.461	0.01771	0.01076	0.004	0.00426
-0.46	0.01764	0.01069	0.00398	0.00418
-0.459	0.01756	0.01062	0.00396	0.00411
-0.458	0.01749	0.01055	0.00395	0.00404
-0.457	0.01741	0.01048	0.00393	0.00398
-0.456	0.01734	0.01041	0.00391	0.00391
-0.455	0.01726	0.01034	0.00389	0.00384
-0.454	0.01718	0.01027	0.00387	0.00377
-0.453	0.01711	0.01021	0.00385	0.0037
-0.452	0.01703	0.01014	0.00383	0.00364
-0.451	0.01696	0.01007	0.00381	0.00359
-0.45	0.01688	0.01	0.00379	0.00352
-0.449	0.0168	0.00994	0.00377	0.00346
-0.448	0.01673	0.00987	0.00375	0.00339
-0.447	0.01666	0.0098	0.00373	0.00333
-0.446	0.01658	0.00973	0.00372	0.00326
-0.445	0.01651	0.00966	0.0037	0.0032
-0.444	0.01643	0.00959	0.00368	0.00313
-0.443	0.01635	0.00953	0.00366	0.00307
-0.442	0.01628	0.00946	0.00364	0.00299
-0.441	0.0162	0.00939	0.00362	0.00293
-0.44	0.01613	0.00932	0.0036	0.00286
-0.439	0.01605	0.00925	0.00358	0.0028
-0.438	0.01598	0.00918	0.00357	0.00273
-0.437	0.0159	0.00912	0.00355	0.00267
-0.436	0.01583	0.00905	0.00353	0.0026
-0.435	0.01576	0.00898	0.00351	0.00254
-0.434	0.01568	0.00892	0.00349	0.00247
-0.433	0.01561	0.00885	0.00347	0.00241
-0.432	0.01554	0.00878	0.00346	0.00235
-0.431	0.01546	0.00871	0.00344	0.00229
-0.43	0.01539	0.00865	0.00342	0.00223
-0.429	0.01531	0.00858	0.0034	0.00216
-0.428	0.01524	0.00851	0.00338	0.0021
-0.427	0.01516	0.00845	0.00336	0.00204
-0.426	0.01509	0.00838	0.00334	0.00197
-0.425	0.01502	0.00831	0.00332	0.00191
-0.424	0.01495	0.00824	0.00331	0.00184
-0.423	0.01487	0.00818	0.00329	0.00178
-0.422	0.0148	0.00811	0.00327	0.00172
-0.421	0.01473	0.00805	0.00325	0.00166
-0.42	0.01466	0.00798	0.00323	0.00159
-0.419	0.01458	0.00791	0.00321	0.00153
-0.418	0.01451	0.00785	0.0032	0.00146
-0.417	0.01444	0.00779	0.00318	0.00141
-0.416	0.01436	0.00772	0.00316	0.00134
-0.415	0.01429	0.00765	0.00314	0.00128
-0.414	0.01422	0.00759	0.00312	0.00122
-0.413	0.01415	0.00752	0.00311	0.00116
-0.412	0.01408	0.00746	0.00309	0.00109
-0.411	0.01401	0.00739	0.00307	0.00104
-0.41	0.01394	0.00732	0.00305	9.671E-4
-0.409	0.01386	0.00725	0.00303	9.071E-4
-0.408	0.01379	0.00719	0.00301	8.426E-4
-0.407	0.01371	0.00713	0.003	7.851E-4
-0.406	0.01365	0.00706	0.00298	7.214E-4
-0.405	0.01357	0.007	0.00296	6.644E-4
-0.404	0.0135	0.00694	0.00294	5.987E-4
-0.403	0.01343	0.00687	0.00292	5.422E-4
-0.402	0.01336	0.00681	0.0029	4.786E-4
-0.401	0.01329	0.00674	0.00288	4.217E-4
-0.4	0.01322	0.00668	0.00287	3.563E-4
-0.399	0.01314	0.00662	0.00285	2.979E-4
-0.398	0.01307	0.00655	0.00284	2.361E-4
-0.397	0.013	0.00649	0.00282	1.798E-4
-0.396	0.01293	0.00642	0.0028	1.161E-4
-0.395	0.01286	0.00636	0.00278	6.362E-5
-0.394	0.01279	0.0063	0.00276	-1.571E-6
-0.393	0.01272	0.00624	0.00275	-5.763E-5
-0.392	0.01265	0.00617	0.00273	-1.2E-4
-0.391	0.01258	0.00611	0.00271	-1.766E-4
-0.39	0.01251	0.00605	0.00269	-2.39E-4
-0.389	0.01244	0.00598	0.00267	-2.932E-4
-0.388	0.01237	0.00592	0.00266	-3.561E-4
-0.387	0.0123	0.00586	0.00264	-4.098E-4
-0.386	0.01223	0.00579	0.00262	-4.732E-4
-0.385	0.01216	0.00573	0.0026	-5.281E-4
-0.384	0.0121	0.00567	0.00259	-5.909E-4
-0.383	0.01204	0.00561	0.00257	-6.459E-4
-0.382	0.01197	0.00555	0.00255	-7.074E-4
-0.381	0.0119	0.00548	0.00253	-7.603E-4
-0.38	0.01183	0.00542	0.00252	-8.226E-4
-0.379	0.01176	0.00536	0.0025	-8.733E-4
-0.378	0.01169	0.0053	0.00248	-9.381E-4
-0.377	0.01162	0.00523	0.00246	-9.912E-4
-0.376	0.01155	0.00517	0.00245	-0.00105
-0.375	0.01148	0.00511	0.00243	-0.00111
-0.374	0.01141	0.00505	0.00241	-0.00117
-0.373	0.01134	0.00499	0.0024	-0.00122
-0.372	0.01128	0.00493	0.00238	-0.00128
-0.371	0.01121	0.00487	0.00236	-0.00133
-0.37	0.01114	0.00481	0.00235	-0.0014
-0.369	0.01107	0.00475	0.00233	-0.00145
-0.368	0.011	0.00469	0.00231	-0.0015
-0.367	0.01093	0.00462	0.0023	-0.00155
-0.366	0.01086	0.00456	0.00228	-0.00161
-0.365	0.01079	0.0045	0.00226	-0.00167
-0.364	0.01073	0.00443	0.00225	-0.00172
-0.363	0.01065	0.00438	0.00223	-0.00178
-0.362	0.01059	0.00432	0.00221	-0.00184
-0.361	0.01052	0.00426	0.00219	-0.00189
-0.36	0.01045	0.00419	0.00218	-0.00195
-0.359	0.01038	0.00413	0.00216	-0.002
-0.358	0.01032	0.00407	0.00214	-0.00206
-0.357	0.01025	0.00401	0.00212	-0.00211
-0.356	0.01018	0.00395	0.00211	-0.00217
-0.355	0.01011	0.00389	0.00209	-0.00222
-0.354	0.01005	0.00383	0.00207	-0.00228
-0.353	0.00998	0.00377	0.00206	-0.00233
-0.352	0.00991	0.00371	0.00204	-0.00239
-0.351	0.00985	0.00364	0.00202	-0.00244
-0.35	0.00978	0.00359	0.00201	-0.0025
-0.349	0.00971	0.00353	0.00199	-0.00255
-0.348	0.00965	0.00347	0.00197	-0.00261
-0.347	0.00958	0.00341	0.00196	-0.00266
-0.346	0.00951	0.00334	0.00194	-0.00272
-0.345	0.00944	0.00329	0.00192	-0.00277
-0.344	0.00937	0.00323	0.00191	-0.00283
-0.343	0.0093	0.00317	0.00189	-0.00288
-0.342	0.00924	0.00311	0.00187	-0.00294
-0.341	0.00917	0.00305	0.00185	-0.00298
-0.34	0.00911	0.00299	0.00184	-0.00304
-0.339	0.00904	0.00293	0.00182	-0.0031
-0.338	0.00897	0.00287	0.00181	-0.00315
-0.337	0.0089	0.00281	0.00179	-0.0032
-0.336	0.00884	0.00275	0.00177	-0.00326
-0.335	0.00877	0.0027	0.00176	-0.00331
-0.334	0.0087	0.00263	0.00174	-0.00337
-0.333	0.00864	0.00258	0.00172	-0.00341
-0.332	0.00857	0.00252	0.00171	-0.00347
-0.331	0.0085	0.00246	0.00169	-0.00352
-0.33	0.00844	0.0024	0.00167	-0.00358
-0.329	0.00837	0.00235	0.00166	-0.00362
-0.328	0.00831	0.00229	0.00164	-0.00368
-0.327	0.00823	0.00223	0.00162	-0.00373
-0.326	0.00817	0.00217	0.00161	-0.00378
-0.325	0.0081	0.00212	0.00159	-0.00383
-0.324	0.00804	0.00206	0.00157	-0.00389
-0.323	0.00797	0.002	0.00156	-0.00394
-0.322	0.00791	0.00194	0.00154	-0.00399
-0.321	0.00784	0.00188	0.00152	-0.00404
-0.32	0.00778	0.00182	0.00151	-0.0041
-0.319	0.00771	0.00176	0.00149	-0.00415
-0.318	0.00765	0.00171	0.00147	-0.0042
-0.317	0.00758	0.00165	0.00146	-0.00425
-0.316	0.00751	0.00159	0.00144	-0.00431
-0.315	0.00745	0.00153	0.00142	-0.00436
-0.314	0.00738	0.00147	0.00141	-0.00441
-0.313	0.00732	0.00141	0.00139	-0.00446
-0.312	0.00725	0.00136	0.00138	-0.00451
-0.311	0.00718	0.0013	0.00136	-0.00456
-0.31	0.00712	0.00124	0.00135	-0.00462
-0.309	0.00706	0.00119	0.00133	-0.00466
-0.308	0.00699	0.00112	0.00131	-0.00472
-0.307	0.00693	0.00107	0.00129	-0.00477
-0.306	0.00686	0.00101	0.00128	-0.00482
-0.305	0.0068	9.513E-4	0.00126	-0.00487
-0.304	0.00673	8.938E-4	0.00125	-0.00492
-0.303	0.00667	8.373E-4	0.00123	-0.00497
-0.302	0.0066	7.765E-4	0.00122	-0.00503
-0.301	0.00654	7.217E-4	0.0012	-0.00508
-0.3	0.00647	6.606E-4	0.00118	-0.00513
-0.299	0.00641	6.051E-4	0.00117	-0.00518
-0.298	0.00635	5.464E-4	0.00115	-0.00523
-0.297	0.00628	4.909E-4	0.00113	-0.00528
-0.296	0.00622	4.331E-4	0.00112	-0.00533
-0.295	0.00616	3.747E-4	0.0011	-0.00538
-0.294	0.00609	3.153E-4	0.00109	-0.00543
-0.293	0.00603	2.616E-4	0.00107	-0.00547
-0.292	0.00596	2.016E-4	0.00106	-0.00553
-0.291	0.0059	1.49E-4	0.00104	-0.00557
-0.29	0.00584	9.141E-5	0.00102	-0.00563
-0.289	0.00577	3.77E-5	0.00101	-0.00567
-0.288	0.00571	-2.307E-5	9.921E-4	-0.00572
-0.287	0.00565	-7.864E-5	9.755E-4	-0.00577
-0.286	0.00558	-1.364E-4	9.604E-4	-0.00582
-0.285	0.00552	-1.906E-4	9.438E-4	-0.00587
-0.284	0.00546	-2.484E-4	9.291E-4	-0.00592
-0.283	0.00539	-3.025E-4	9.123E-4	-0.00597
-0.282	0.00533	-3.605E-4	8.976E-4	-0.00602
-0.281	0.00526	-4.146E-4	8.82E-4	-0.00607
-0.28	0.0052	-4.741E-4	8.666E-4	-0.00612
-0.279	0.00514	-5.295E-4	8.506E-4	-0.00617
-0.278	0.00508	-5.859E-4	8.342E-4	-0.00622
-0.277	0.00501	-6.404E-4	8.182E-4	-0.00626
-0.276	0.00495	-6.998E-4	8.023E-4	-0.00632
-0.275	0.00488	-7.528E-4	7.86E-4	-0.00636
-0.274	0.00482	-8.107E-4	7.715E-4	-0.00641
-0.273	0.00476	-8.656E-4	7.539E-4	-0.00646
-0.272	0.0047	-9.218E-4	7.387E-4	-0.00651
-0.271	0.00463	-9.755E-4	7.225E-4	-0.00656
-0.27	0.00457	-0.00103	7.078E-4	-0.00661
-0.269	0.0045	-0.00109	6.91E-4	-0.00665
-0.268	0.00444	-0.00115	6.759E-4	-0.00671
-0.267	0.00438	-0.0012	6.603E-4	-0.00675
-0.266	0.00432	-0.00126	6.451E-4	-0.0068
-0.265	0.00426	-0.00131	6.277E-4	-0.00685
-0.264	0.00419	-0.00137	6.133E-4	-0.0069
-0.263	0.00413	-0.00142	5.971E-4	-0.00694
-0.262	0.00407	-0.00148	5.815E-4	-0.007
-0.261	0.004	-0.00153	5.669E-4	-0.00704
-0.26	0.00394	-0.00158	5.516E-4	-0.00709
-0.259	0.00388	-0.00164	5.354E-4	-0.00713
-0.258	0.00382	-0.00169	5.201E-4	-0.00719
-0.257	0.00375	-0.00175	5.045E-4	-0.00723
-0.256	0.00369	-0.00181	4.901E-4	-0.00729
-0.255	0.00363	-0.00186	4.741E-4	-0.00733
-0.254	0.00357	-0.00191	4.588E-4	-0.00738
-0.253	0.00351	-0.00197	4.43E-4	-0.00742
-0.252	0.00345	-0.00203	4.28E-4	-0.00748
-0.251	0.00338	-0.00207	4.115E-4	-0.00752
-0.25	0.00332	-0.00213	3.957E-4	-0.00757
-0.249	0.00326	-0.00219	3.79E-4	-0.00762
-0.248	0.0032	-0.00224	3.634E-4	-0.00766
-0.247	0.00313	-0.0023	3.483E-4	-0.00771
-0.246	0.00307	-0.00235	3.323E-4	-0.00776
-0.245	0.00301	-0.0024	3.177E-4	-0.00781
-0.244	0.00295	-0.00246	3.018E-4	-0.00786
-0.243	0.00289	-0.00251	2.875E-4	-0.0079
-0.242	0.00283	-0.00257	2.72E-4	-0.00795
-0.241	0.00276	-0.00262	2.565E-4	-0.00799
-0.24	0.00271	-0.00268	2.429E-4	-0.00804
-0.239	0.00264	-0.00273	2.278E-4	-0.00808
-0.238	0.00258	-0.00279	2.118E-4	-0.00814
-0.237	0.00252	-0.00284	1.966E-4	-0.00818
-0.236	0.00246	-0.0029	1.812E-4	-0.00823
-0.235	0.0024	-0.00295	1.664E-4	-0.00827
-0.234	0.00234	-0.003	1.526E-4	-0.00832
-0.233	0.00228	-0.00305	1.383E-4	-0.00836
-0.232	0.00222	-0.00311	1.242E-4	-0.00842
-0.231	0.00216	-0.00316	1.086E-4	-0.00846
-0.23	0.0021	-0.00322	9.425E-5	-0.00851
-0.229	0.00204	-0.00327	7.953E-5	-0.00855
-0.228	0.00198	-0.00333	6.509E-5	-0.0086
-0.227	0.00192	-0.00338	4.88E-5	-0.00864
-0.226	0.00186	-0.00343	3.525E-5	-0.00869
-0.225	0.0018	-0.00348	1.973E-5	-0.00874
-0.224	0.00174	-0.00354	5.498E-6	-0.00878
-0.223	0.00168	-0.00359	-1.139E-5	-0.00882
-0.222	0.00162	-0.00365	-2.612E-5	-0.00887
-0.221	0.00156	-0.00369	-4.183E-5	-0.00892
-0.22	0.0015	-0.00375	-5.685E-5	-0.00897
-0.219	0.00143	-0.0038	-7.216E-5	-0.00901
-0.218	0.00138	-0.00386	-8.463E-5	-0.00906
-0.217	0.00131	-0.00391	-1.005E-4	-0.0091
-0.216	0.00126	-0.00396	-1.143E-4	-0.00915
-0.215	0.00119	-0.00402	-1.296E-4	-0.00919
-0.214	0.00114	-0.00407	-1.443E-4	-0.00924
-0.213	0.00107	-0.00412	-1.598E-4	-0.00928
-0.212	0.00102	-0.00418	-1.738E-4	-0.00933
-0.211	9.532E-4	-0.00423	-1.889E-4	-0.00937
-0.21	8.945E-4	-0.00428	-2.029E-4	-0.00942
-0.209	8.338E-4	-0.00433	-2.191E-4	-0.00946
-0.208	7.746E-4	-0.00439	-2.304E-4	-0.00951
-0.207	7.121E-4	-0.00444	-2.474E-4	-0.00955
-0.206	6.529E-4	-0.00449	-2.612E-4	-0.0096
-0.205	5.897E-4	-0.00455	-2.774E-4	-0.00964
-0.204	5.315E-4	-0.0046	-2.91E-4	-0.00969
-0.203	4.714E-4	-0.00465	-3.073E-4	-0.00973
-0.202	4.129E-4	-0.00471	-3.211E-4	-0.00978
-0.201	3.48E-4	-0.00476	-3.367E-4	-0.00982
-0.2	2.908E-4	-0.00481	-3.478E-4	-0.00987
-0.199	2.295E-4	-0.00486	-3.646E-4	-0.00991
-0.198	1.702E-4	-0.00492	-3.782E-4	-0.00996
-0.197	1.117E-4	-0.00497	-3.933E-4	-0.01
-0.196	5.596E-5	-0.00502	-4.073E-4	-0.01004
-0.195	-6.48E-6	-0.00507	-4.221E-4	-0.01008
-0.194	-6.529E-5	-0.00513	-4.359E-4	-0.01013
-0.193	-1.26E-4	-0.00518	-4.529E-4	-0.01017
-0.192	-1.845E-4	-0.00523	-4.654E-4	-0.01022
-0.191	-2.431E-4	-0.00528	-4.825E-4	-0.01026
-0.19	-3.012E-4	-0.00534	-4.956E-4	-0.01031
-0.189	-3.603E-4	-0.00538	-5.115E-4	-0.01035
-0.188	-4.177E-4	-0.00544	-5.259E-4	-0.0104
-0.187	-4.784E-4	-0.00549	-5.41E-4	-0.01044
-0.186	-5.373E-4	-0.00554	-5.531E-4	-0.01049
-0.185	-5.978E-4	-0.00559	-5.693E-4	-0.01053
-0.184	-6.551E-4	-0.00564	-5.82E-4	-0.01058
-0.183	-7.153E-4	-0.00569	-5.968E-4	-0.01061
-0.182	-7.719E-4	-0.00575	-6.113E-4	-0.01066
-0.181	-8.315E-4	-0.0058	-6.272E-4	-0.0107
-0.18	-8.901E-4	-0.00585	-6.402E-4	-0.01075
-0.179	-9.484E-4	-0.0059	-6.561E-4	-0.01079
-0.178	-0.00101	-0.00595	-6.691E-4	-0.01084
-0.177	-0.00107	-0.006	-6.841E-4	-0.01088
-0.176	-0.00112	-0.00606	-6.985E-4	-0.01092
-0.175	-0.00118	-0.00611	-7.129E-4	-0.01096
-0.174	-0.00124	-0.00616	-7.26E-4	-0.01101
-0.173	-0.0013	-0.00621	-7.41E-4	-0.01105
-0.172	-0.00136	-0.00627	-7.542E-4	-0.0111
-0.171	-0.00142	-0.00632	-7.683E-4	-0.01114
-0.17	-0.00147	-0.00637	-7.83E-4	-0.01119
-0.169	-0.00153	-0.00642	-7.975E-4	-0.01123
-0.168	-0.00158	-0.00647	-8.107E-4	-0.01127
-0.167	-0.00164	-0.00652	-8.258E-4	-0.01131
-0.166	-0.0017	-0.00658	-8.383E-4	-0.01136
-0.165	-0.00176	-0.00662	-8.55E-4	-0.0114
-0.164	-0.00182	-0.00668	-8.661E-4	-0.01145
-0.163	-0.00187	-0.00673	-8.809E-4	-0.01148
-0.162	-0.00193	-0.00678	-8.949E-4	-0.01153
-0.161	-0.00199	-0.00683	-9.1E-4	-0.01157
-0.16	-0.00205	-0.00688	-9.235E-4	-0.01162
-0.159	-0.00211	-0.00693	-9.376E-4	-0.01166
-0.158	-0.00216	-0.00699	-9.514E-4	-0.01171
-0.157	-0.00222	-0.00704	-9.668E-4	-0.01174
-0.156	-0.00228	-0.00709	-9.8E-4	-0.01179
-0.155	-0.00234	-0.00714	-9.941E-4	-0.01183
-0.154	-0.00239	-0.00719	-0.00101	-0.01188
-0.153	-0.00245	-0.00724	-0.00102	-0.01192
-0.152	-0.00251	-0.0073	-0.00104	-0.01196
-0.151	-0.00257	-0.00734	-0.00105	-0.012
-0.15	-0.00262	-0.0074	-0.00106	-0.01205
-0.149	-0.00268	-0.00745	-0.00108	-0.01209
-0.148	-0.00274	-0.0075	-0.00109	-0.01213
-0.147	-0.0028	-0.00755	-0.00111	-0.01217
-0.146	-0.00285	-0.0076	-0.00112	-0.01222
-0.145	-0.00291	-0.00765	-0.00114	-0.01225
-0.144	-0.00296	-0.0077	-0.00115	-0.0123
-0.143	-0.00302	-0.00775	-0.00116	-0.01234
-0.142	-0.00308	-0.00781	-0.00118	-0.01239
-0.141	-0.00314	-0.00785	-0.00119	-0.01243
-0.14	-0.00319	-0.00791	-0.0012	-0.01247
-0.139	-0.00325	-0.00795	-0.00122	-0.01251
-0.138	-0.00331	-0.00801	-0.00123	-0.01256
-0.137	-0.00337	-0.00805	-0.00125	-0.01259
-0.136	-0.00342	-0.00811	-0.00126	-0.01264
-0.135	-0.00348	-0.00816	-0.00127	-0.01268
-0.134	-0.00354	-0.00821	-0.00129	-0.01272
-0.133	-0.00359	-0.00826	-0.0013	-0.01276
-0.132	-0.00365	-0.00831	-0.00132	-0.01281
-0.131	-0.0037	-0.00836	-0.00133	-0.01285
-0.13	-0.00376	-0.00841	-0.00134	-0.01289
-0.129	-0.00381	-0.00846	-0.00136	-0.01293
-0.128	-0.00387	-0.00852	-0.00137	-0.01298
-0.127	-0.00393	-0.00856	-0.00139	-0.01301
-0.126	-0.00399	-0.00861	-0.0014	-0.01306
-0.125	-0.00404	-0.00866	-0.00141	-0.0131
-0.124	-0.0041	-0.00872	-0.00143	-0.01314
-0.123	-0.00416	-0.00876	-0.00144	-0.01318
-0.122	-0.00421	-0.00881	-0.00145	-0.01322
-0.121	-0.00427	-0.00886	-0.00147	-0.01326
-0.12	-0.00432	-0.00891	-0.00148	-0.01331
-0.119	-0.00438	-0.00896	-0.00149	-0.01334
-0.118	-0.00443	-0.00901	-0.00151	-0.01339
-0.117	-0.00449	-0.00906	-0.00152	-0.01342
-0.116	-0.00454	-0.00911	-0.00153	-0.01347
-0.115	-0.0046	-0.00916	-0.00155	-0.01351
-0.114	-0.00466	-0.00921	-0.00156	-0.01355
-0.113	-0.00472	-0.00926	-0.00157	-0.01359
-0.112	-0.00477	-0.00931	-0.00158	-0.01363
-0.111	-0.00483	-0.00936	-0.0016	-0.01367
-0.11	-0.00488	-0.00941	-0.00161	-0.01371
-0.109	-0.00494	-0.00945	-0.00163	-0.01375
-0.108	-0.00499	-0.00951	-0.00164	-0.0138
-0.107	-0.00505	-0.00955	-0.00165	-0.01384
-0.106	-0.00511	-0.00961	-0.00167	-0.01388
-0.105	-0.00516	-0.00965	-0.00168	-0.01392
-0.104	-0.00522	-0.0097	-0.00169	-0.01396
-0.103	-0.00528	-0.00975	-0.00171	-0.014
-0.102	-0.00533	-0.00981	-0.00172	-0.01405
-0.101	-0.00539	-0.00985	-0.00174	-0.01408
-0.1	-0.00544	-0.00991	-0.00175	-0.01413
-0.099	-0.0055	-0.00995	-0.00176	-0.01416
-0.098	-0.00555	-0.01	-0.00178	-0.01421
-0.097	-0.00561	-0.01004	-0.00179	-0.01425
-0.096	-0.00566	-0.0101	-0.0018	-0.01429
-0.095	-0.00571	-0.01014	-0.00182	-0.01433
-0.094	-0.00577	-0.0102	-0.00183	-0.01437
-0.093	-0.00583	-0.01024	-0.00184	-0.01441
-0.092	-0.00588	-0.01029	-0.00186	-0.01445
-0.091	-0.00594	-0.01034	-0.00187	-0.01449
-0.09	-0.00599	-0.0104	-0.00188	-0.01453
-0.089	-0.00605	-0.01044	-0.0019	-0.01457
-0.088	-0.0061	-0.01049	-0.00191	-0.01461
-0.087	-0.00616	-0.01054	-0.00193	-0.01465
-0.086	-0.00621	-0.01059	-0.00194	-0.0147
-0.085	-0.00627	-0.01064	-0.00195	-0.01473
-0.084	-0.00632	-0.01069	-0.00196	-0.01478
-0.083	-0.00638	-0.01073	-0.00198	-0.01481
-0.082	-0.00643	-0.01079	-0.00199	-0.01486
-0.081	-0.00649	-0.01083	-0.00201	-0.0149
-0.08	-0.00654	-0.01089	-0.00202	-0.01494
-0.079	-0.0066	-0.01093	-0.00203	-0.01498
-0.078	-0.00665	-0.01098	-0.00204	-0.01502
-0.077	-0.00671	-0.01103	-0.00206	-0.01506
-0.076	-0.00676	-0.01108	-0.00207	-0.0151
-0.075	-0.00682	-0.01113	-0.00209	-0.01514
-0.074	-0.00687	-0.01118	-0.0021	-0.01518
-0.073	-0.00693	-0.01122	-0.00211	-0.01522
-0.072	-0.00698	-0.01128	-0.00213	-0.01526
-0.071	-0.00704	-0.01132	-0.00214	-0.0153
-0.07	-0.00709	-0.01138	-0.00215	-0.01535
-0.069	-0.00715	-0.01142	-0.00217	-0.01538
-0.068	-0.0072	-0.01147	-0.00218	-0.01543
-0.067	-0.00726	-0.01152	-0.00219	-0.01546
-0.066	-0.00731	-0.01157	-0.0022	-0.01551
-0.065	-0.00737	-0.01162	-0.00222	-0.01554
-0.064	-0.00742	-0.01167	-0.00223	-0.01559
-0.063	-0.00748	-0.01171	-0.00224	-0.01562
-0.062	-0.00753	-0.01177	-0.00226	-0.01566
-0.061	-0.00759	-0.01181	-0.00227	-0.0157
-0.06	-0.00764	-0.01187	-0.00228	-0.01575
-0.059	-0.00769	-0.01191	-0.0023	-0.01578
-0.058	-0.00775	-0.01196	-0.00231	-0.01582
-0.057	-0.00781	-0.01201	-0.00233	-0.01586
-0.056	-0.00786	-0.01206	-0.00234	-0.0159
-0.055	-0.00791	-0.0121	-0.00235	-0.01594
-0.054	-0.00796	-0.01215	-0.00237	-0.01598
-0.053	-0.00802	-0.0122	-0.00238	-0.01602
-0.052	-0.00808	-0.01225	-0.00239	-0.01606
-0.051	-0.00813	-0.0123	-0.00241	-0.0161
-0.05	-0.00818	-0.01235	-0.00242	-0.01614
-0.049	-0.00824	-0.01239	-0.00243	-0.01618
-0.048	-0.00829	-0.01245	-0.00245	-0.01622
-0.047	-0.00835	-0.01249	-0.00246	-0.01626
-0.046	-0.0084	-0.01254	-0.00247	-0.0163
-0.045	-0.00846	-0.01259	-0.00249	-0.01633
-0.044	-0.00851	-0.01264	-0.0025	-0.01638
-0.043	-0.00856	-0.01268	-0.00251	-0.01641
-0.042	-0.00862	-0.01274	-0.00252	-0.01646
-0.041	-0.00867	-0.01278	-0.00254	-0.01649
-0.04	-0.00873	-0.01283	-0.00255	-0.01653
-0.039	-0.00878	-0.01288	-0.00257	-0.01657
-0.038	-0.00883	-0.01293	-0.00258	-0.01661
-0.037	-0.00889	-0.01297	-0.00259	-0.01665
-0.036	-0.00894	-0.01303	-0.0026	-0.01669
-0.035	-0.00899	-0.01307	-0.00262	-0.01673
-0.034	-0.00905	-0.01312	-0.00263	-0.01677
-0.033	-0.0091	-0.01316	-0.00264	-0.01681
-0.032	-0.00915	-0.01322	-0.00266	-0.01685
-0.031	-0.00921	-0.01326	-0.00267	-0.01689
-0.03	-0.00926	-0.01331	-0.00268	-0.01693
-0.029	-0.00931	-0.01336	-0.0027	-0.01696
-0.028	-0.00937	-0.01341	-0.00271	-0.01701
-0.027	-0.00942	-0.01345	-0.00272	-0.01704
-0.026	-0.00947	-0.0135	-0.00274	-0.01709
-0.025	-0.00953	-0.01354	-0.00275	-0.01712
-0.024	-0.00958	-0.0136	-0.00276	-0.01716
-0.023	-0.00963	-0.01364	-0.00278	-0.0172
-0.022	-0.00969	-0.01369	-0.00279	-0.01724
-0.021	-0.00974	-0.01374	-0.0028	-0.01727
-0.02	-0.00979	-0.01379	-0.00282	-0.01732
-0.019	-0.00985	-0.01383	-0.00283	-0.01735
-0.018	-0.0099	-0.01389	-0.00284	-0.01739
-0.017	-0.00996	-0.01393	-0.00286	-0.01743
-0.016	-0.01	-0.01398	-0.00287	-0.01747
-0.015	-0.01006	-0.01403	-0.00288	-0.0175
-0.014	-0.01011	-0.01408	-0.00289	-0.01755
-0.013	-0.01016	-0.01412	-0.00291	-0.01758
-0.012	-0.01022	-0.01417	-0.00292	-0.01763
-0.011	-0.01027	-0.01422	-0.00293	-0.01766
-0.01	-0.01032	-0.01427	-0.00294	-0.0177
-0.009	-0.01038	-0.01431	-0.00296	-0.01774
-0.008	-0.01043	-0.01436	-0.00297	-0.01778
-0.007	-0.01049	-0.01441	-0.00298	-0.01782
-0.006	-0.01054	-0.01446	-0.00299	-0.01786
-0.005	-0.01059	-0.0145	-0.00301	-0.01789
-0.004	-0.01064	-0.01456	-0.00302	-0.01794
-0.003	-0.0107	-0.0146	-0.00303	-0.01797
-0.002	-0.01075	-0.01465	-0.00305	-0.01802
-0.001	-0.0108	-0.0147	-0.00306	-0.01805
0	-0.01086	-0.01476	-0.00308	-0.0181
0.001	-0.01092	-0.0148	-0.00309	-0.01814
0.002	-0.01097	-0.01485	-0.0031	-0.01818
0.003	-0.01102	-0.0149	-0.00312	-0.01821
0.004	-0.01107	-0.01495	-0.00313	-0.01825
0.005	-0.01113	-0.01499	-0.00314	-0.01829
0.006	-0.01118	-0.01504	-0.00316	-0.01834
0.007	-0.01124	-0.01509	-0.00317	-0.01837
0.008	-0.01129	-0.01514	-0.00318	-0.01842
0.009	-0.01134	-0.01518	-0.00319	-0.01845
0.01	-0.01139	-0.01523	-0.00321	-0.01849
0.011	-0.01145	-0.01528	-0.00322	-0.01853
0.012	-0.0115	-0.01533	-0.00323	-0.01857
0.013	-0.01155	-0.01538	-0.00325	-0.0186
0.014	-0.01161	-0.01543	-0.00326	-0.01864
0.015	-0.01166	-0.01548	-0.00327	-0.01868
0.016	-0.01171	-0.01553	-0.00328	-0.01872
0.017	-0.01177	-0.01557	-0.0033	-0.01875
0.018	-0.01182	-0.01562	-0.00331	-0.01879
0.019	-0.01187	-0.01567	-0.00333	-0.01883
0.02	-0.01192	-0.01572	-0.00334	-0.01887
0.021	-0.01198	-0.01576	-0.00335	-0.0189
0.022	-0.01203	-0.01581	-0.00336	-0.01895
0.023	-0.01208	-0.01586	-0.00338	-0.01898
0.024	-0.01213	-0.01591	-0.00339	-0.01902
0.025	-0.01219	-0.01595	-0.0034	-0.01906
0.026	-0.01224	-0.01601	-0.00341	-0.0191
0.027	-0.01229	-0.01605	-0.00343	-0.01913
0.028	-0.01235	-0.0161	-0.00344	-0.01918
0.029	-0.0124	-0.01615	-0.00346	-0.01921
0.03	-0.01245	-0.0162	-0.00347	-0.01925
0.031	-0.0125	-0.01624	-0.00348	-0.01928
0.032	-0.01256	-0.0163	-0.0035	-0.01932
0.033	-0.01261	-0.01634	-0.00351	-0.01935
0.034	-0.01266	-0.01639	-0.00352	-0.01939
0.035	-0.01272	-0.01643	-0.00353	-0.01942
0.036	-0.01277	-0.01649	-0.00355	-0.01947
0.037	-0.01282	-0.01653	-0.00356	-0.0195
0.038	-0.01287	-0.01658	-0.00358	-0.01954
0.039	-0.01293	-0.01663	-0.00359	-0.01958
0.04	-0.01298	-0.01668	-0.0036	-0.01962
0.041	-0.01303	-0.01672	-0.00361	-0.01965
0.042	-0.01308	-0.01678	-0.00362	-0.01969
0.043	-0.01313	-0.01682	-0.00364	-0.01973
0.044	-0.01319	-0.01686	-0.00365	-0.01977
0.045	-0.01324	-0.01691	-0.00366	-0.01981
0.046	-0.01329	-0.01696	-0.00367	-0.01985
0.047	-0.01334	-0.017	-0.00369	-0.01988
0.048	-0.01339	-0.01705	-0.0037	-0.01992
0.049	-0.01345	-0.0171	-0.00372	-0.01996
0.05	-0.0135	-0.01715	-0.00373	-0.02
0.051	-0.01355	-0.01719	-0.00374	-0.02004
0.052	-0.01361	-0.01724	-0.00375	-0.02008
0.053	-0.01366	-0.01728	-0.00377	-0.02011
0.054	-0.01371	-0.01733	-0.00378	-0.02015
0.055	-0.01376	-0.01738	-0.00379	-0.02019
0.056	-0.01381	-0.01743	-0.0038	-0.02023
0.057	-0.01387	-0.01747	-0.00382	-0.02026
0.058	-0.01392	-0.01752	-0.00383	-0.02031
0.059	-0.01397	-0.01757	-0.00385	-0.02034
0.06	-0.01403	-0.01762	-0.00386	-0.02038
0.061	-0.01408	-0.01766	-0.00387	-0.02041
0.062	-0.01413	-0.01772	-0.00389	-0.02045
0.063	-0.01418	-0.01776	-0.0039	-0.02049
0.064	-0.01424	-0.01781	-0.00391	-0.02053
0.065	-0.01429	-0.01785	-0.00393	-0.02057
0.066	-0.01434	-0.01791	-0.00394	-0.02061
0.067	-0.01439	-0.01795	-0.00395	-0.02064
0.068	-0.01445	-0.018	-0.00397	-0.02068
0.069	-0.0145	-0.01804	-0.00398	-0.02072
0.07	-0.01455	-0.0181	-0.00399	-0.02076
0.071	-0.01461	-0.01814	-0.00401	-0.0208
0.072	-0.01466	-0.01819	-0.00402	-0.02084
0.073	-0.01471	-0.01824	-0.00403	-0.02087
0.074	-0.01476	-0.01829	-0.00404	-0.02091
0.075	-0.01481	-0.01833	-0.00406	-0.02095
0.076	-0.01487	-0.01839	-0.00407	-0.02099
0.077	-0.01492	-0.01843	-0.00409	-0.02102
0.078	-0.01498	-0.01849	-0.0041	-0.02106
0.079	-0.01503	-0.01853	-0.00411	-0.0211
0.08	-0.01508	-0.01858	-0.00412	-0.02114
0.081	-0.01513	-0.01862	-0.00414	-0.02117
0.082	-0.01519	-0.01867	-0.00415	-0.02121
0.083	-0.01524	-0.01872	-0.00416	-0.02124
0.084	-0.01529	-0.01877	-0.00418	-0.02129
0.085	-0.01535	-0.01882	-0.00419	-0.02132
0.086	-0.0154	-0.01887	-0.0042	-0.02136
0.087	-0.01546	-0.01891	-0.00422	-0.0214
0.088	-0.01551	-0.01897	-0.00423	-0.02144
0.089	-0.01556	-0.01901	-0.00424	-0.02147
0.09	-0.01562	-0.01906	-0.00426	-0.02151
0.091	-0.01567	-0.01911	-0.00427	-0.02155
0.092	-0.01572	-0.01916	-0.00428	-0.02159
0.093	-0.01577	-0.0192	-0.0043	-0.02162
0.094	-0.01583	-0.01925	-0.00431	-0.02166
0.095	-0.01588	-0.01929	-0.00432	-0.0217
0.096	-0.01593	-0.01934	-0.00433	-0.02174
0.097	-0.01599	-0.01938	-0.00435	-0.02178
0.098	-0.01604	-0.01944	-0.00436	-0.02182
0.099	-0.01609	-0.01948	-0.00437	-0.02185
0.1	-0.01614	-0.01953	-0.00439	-0.02189
0.101	-0.0162	-0.01958	-0.0044	-0.02193
0.102	-0.01625	-0.01963	-0.00441	-0.02197
0.103	-0.01631	-0.01968	-0.00443	-0.02201
0.104	-0.01636	-0.01973	-0.00444	-0.02205
0.105	-0.01641	-0.01978	-0.00445	-0.02208
0.106	-0.01646	-0.01983	-0.00447	-0.02212
0.107	-0.01652	-0.01987	-0.00448	-0.02216
0.108	-0.01657	-0.01993	-0.00449	-0.0222
0.109	-0.01662	-0.01997	-0.00451	-0.02224
0.11	-0.01668	-0.02003	-0.00452	-0.02228
0.111	-0.01673	-0.02007	-0.00453	-0.02231
0.112	-0.01678	-0.02012	-0.00454	-0.02235
0.113	-0.01684	-0.02017	-0.00456	-0.02238
0.114	-0.01689	-0.02022	-0.00457	-0.02243
0.115	-0.01694	-0.02026	-0.00458	-0.02246
0.116	-0.01699	-0.02032	-0.0046	-0.0225
0.117	-0.01704	-0.02036	-0.00461	-0.02254
0.118	-0.0171	-0.02042	-0.00462	-0.02258
0.119	-0.01715	-0.02046	-0.00464	-0.02261
0.12	-0.0172	-0.02052	-0.00465	-0.02265
0.121	-0.01726	-0.02056	-0.00466	-0.02269
0.122	-0.0173	-0.02061	-0.00468	-0.02273
0.123	-0.01736	-0.02066	-0.00469	-0.02277
0.124	-0.01741	-0.02071	-0.0047	-0.02281
0.125	-0.01746	-0.02076	-0.00472	-0.02284
0.126	-0.01752	-0.02081	-0.00473	-0.02288
0.127	-0.01757	-0.02086	-0.00474	-0.02292
0.128	-0.01762	-0.02091	-0.00475	-0.02296
0.129	-0.01768	-0.02096	-0.00477	-0.023
0.13	-0.01773	-0.02101	-0.00478	-0.02304
0.131	-0.01778	-0.02105	-0.0048	-0.02307
0.132	-0.01783	-0.02111	-0.00481	-0.02312
0.133	-0.01788	-0.02115	-0.00482	-0.02316
0.134	-0.01794	-0.0212	-0.00483	-0.0232
0.135	-0.01799	-0.02125	-0.00485	-0.02324
0.136	-0.01804	-0.0213	-0.00486	-0.02328
0.137	-0.0181	-0.02134	-0.00487	-0.02331
0.138	-0.01815	-0.0214	-0.00489	-0.02335
0.139	-0.0182	-0.02144	-0.0049	-0.02339
0.14	-0.01826	-0.0215	-0.00491	-0.02343
0.141	-0.01831	-0.02154	-0.00493	-0.02347
0.142	-0.01836	-0.02159	-0.00494	-0.02351
0.143	-0.01841	-0.02164	-0.00495	-0.02354
0.144	-0.01847	-0.02169	-0.00496	-0.02358
0.145	-0.01852	-0.02174	-0.00498	-0.02362
0.146	-0.01857	-0.02179	-0.00499	-0.02366
0.147	-0.01862	-0.02184	-0.00501	-0.0237
0.148	-0.01867	-0.02189	-0.00502	-0.02374
0.149	-0.01873	-0.02194	-0.00503	-0.02377
0.15	-0.01878	-0.02199	-0.00505	-0.02382
0.151	-0.01883	-0.02204	-0.00506	-0.02385
0.152	-0.01888	-0.02209	-0.00507	-0.02389
0.153	-0.01894	-0.02213	-0.00509	-0.02393
0.154	-0.01899	-0.02219	-0.0051	-0.02398
0.155	-0.01905	-0.02224	-0.00511	-0.02401
0.156	-0.0191	-0.02229	-0.00512	-0.02405
0.157	-0.01915	-0.02233	-0.00514	-0.02409
0.158	-0.0192	-0.02238	-0.00515	-0.02413
0.159	-0.01925	-0.02243	-0.00516	-0.02417
0.16	-0.0193	-0.02248	-0.00517	-0.02421
0.161	-0.01934	-0.02253	-0.00519	-0.02425
0.162	-0.01939	-0.02258	-0.0052	-0.02429
0.163	-0.01945	-0.02263	-0.00522	-0.02432
0.164	-0.0195	-0.02268	-0.00523	-0.02437
0.165	-0.01955	-0.02272	-0.00524	-0.0244
0.166	-0.0196	-0.02278	-0.00525	-0.02444
0.167	-0.01966	-0.02282	-0.00527	-0.02448
0.168	-0.01971	-0.02288	-0.00528	-0.02452
0.169	-0.01976	-0.02292	-0.00529	-0.02455
0.17	-0.01981	-0.02297	-0.0053	-0.0246
0.171	-0.01986	-0.02302	-0.00532	-0.02463
0.172	-0.01992	-0.02307	-0.00533	-0.02468
0.173	-0.01997	-0.02312	-0.00534	-0.02472
0.174	-0.02002	-0.02317	-0.00535	-0.02476
0.175	-0.02007	-0.02322	-0.00537	-0.02479
0.176	-0.02012	-0.02327	-0.00538	-0.02484
0.177	-0.02018	-0.02331	-0.00539	-0.02487
0.178	-0.02023	-0.02337	-0.00541	-0.02492
0.179	-0.02028	-0.02341	-0.00542	-0.02495
0.18	-0.02033	-0.02347	-0.00543	-0.025
0.181	-0.02039	-0.02351	-0.00545	-0.02503
0.182	-0.02043	-0.02356	-0.00546	-0.02507
0.183	-0.02049	-0.02361	-0.00547	-0.02511
0.184	-0.02054	-0.02366	-0.00548	-0.02515
0.185	-0.02059	-0.0237	-0.00549	-0.02518
0.186	-0.02064	-0.02376	-0.00551	-0.02523
0.187	-0.0207	-0.0238	-0.00552	-0.02526
0.188	-0.02075	-0.02386	-0.00553	-0.02531
0.189	-0.0208	-0.0239	-0.00555	-0.02535
0.19	-0.02085	-0.02395	-0.00556	-0.02539
0.191	-0.0209	-0.024	-0.00557	-0.02543
0.192	-0.02095	-0.02405	-0.00558	-0.02547
0.193	-0.02101	-0.02409	-0.0056	-0.02551
0.194	-0.02107	-0.02415	-0.00561	-0.02555
0.195	-0.02112	-0.02419	-0.00562	-0.02559
0.196	-0.02117	-0.02425	-0.00563	-0.02563
0.197	-0.02123	-0.02429	-0.00565	-0.02567
0.198	-0.02128	-0.02434	-0.00566	-0.02571
0.199	-0.02133	-0.02439	-0.00567	-0.02575
0.2	-0.02137	-0.02444	-0.00568	-0.02579
0.201	-0.02143	-0.02448	-0.0057	-0.02582
0.202	-0.02148	-0.02453	-0.00571	-0.02587
0.203	-0.02153	-0.02457	-0.00572	-0.0259
0.204	-0.02158	-0.02463	-0.00573	-0.02595
0.205	-0.02163	-0.02467	-0.00575	-0.02599
0.206	-0.02168	-0.02473	-0.00576	-0.02603
0.207	-0.02174	-0.02477	-0.00578	-0.02607
0.208	-0.02179	-0.02482	-0.00579	-0.02611
0.209	-0.02184	-0.02486	-0.0058	-0.02615
0.21	-0.02189	-0.02492	-0.00581	-0.02619
0.211	-0.02194	-0.02496	-0.00582	-0.02622
0.212	-0.02199	-0.02501	-0.00584	-0.02627
0.213	-0.02204	-0.02506	-0.00585	-0.02631
0.214	-0.02209	-0.02511	-0.00586	-0.02635
0.215	-0.02215	-0.02515	-0.00587	-0.02639
0.216	-0.0222	-0.0252	-0.00589	-0.02643
0.217	-0.02225	-0.02524	-0.0059	-0.02647
0.218	-0.0223	-0.0253	-0.00591	-0.02651
0.219	-0.02235	-0.02534	-0.00593	-0.02655
0.22	-0.0224	-0.02539	-0.00594	-0.02659
0.221	-0.02245	-0.02543	-0.00595	-0.02663
0.222	-0.0225	-0.02549	-0.00596	-0.02667
0.223	-0.02255	-0.02553	-0.00597	-0.02671
0.224	-0.02261	-0.02558	-0.00599	-0.02675
0.225	-0.02266	-0.02563	-0.006	-0.02679
0.226	-0.02271	-0.02568	-0.00601	-0.02683
0.227	-0.02276	-0.02572	-0.00603	-0.02687
0.228	-0.02281	-0.02577	-0.00604	-0.02691
0.229	-0.02286	-0.02581	-0.00605	-0.02695
0.23	-0.02291	-0.02586	-0.00606	-0.02699
0.231	-0.02297	-0.02591	-0.00608	-0.02703
0.232	-0.02301	-0.02596	-0.00609	-0.02707
0.233	-0.02307	-0.026	-0.0061	-0.02711
0.234	-0.02312	-0.02605	-0.00611	-0.02715
0.235	-0.02317	-0.02609	-0.00612	-0.02719
0.236	-0.02322	-0.02615	-0.00613	-0.02723
0.237	-0.02327	-0.02619	-0.00615	-0.02727
0.238	-0.02333	-0.02624	-0.00616	-0.02732
0.239	-0.02338	-0.02628	-0.00617	-0.02735
0.24	-0.02343	-0.02633	-0.00618	-0.02739
0.241	-0.02348	-0.02638	-0.0062	-0.02743
0.242	-0.02353	-0.02643	-0.00621	-0.02747
0.243	-0.02358	-0.02647	-0.00622	-0.02751
0.244	-0.02363	-0.02652	-0.00623	-0.02755
0.245	-0.02368	-0.02657	-0.00625	-0.02759
0.246	-0.02373	-0.02662	-0.00626	-0.02763
0.247	-0.02378	-0.02666	-0.00627	-0.02767
0.248	-0.02384	-0.02671	-0.00628	-0.02771
0.249	-0.02389	-0.02675	-0.0063	-0.02775
0.25	-0.02394	-0.0268	-0.00631	-0.02779
0.251	-0.02399	-0.02684	-0.00632	-0.02783
0.252	-0.02404	-0.0269	-0.00633	-0.02787
0.253	-0.02409	-0.02694	-0.00634	-0.02791
0.254	-0.02414	-0.02699	-0.00636	-0.02795
0.255	-0.02419	-0.02703	-0.00637	-0.02799
0.256	-0.02425	-0.02708	-0.00638	-0.02803
0.257	-0.0243	-0.02713	-0.00639	-0.02807
0.258	-0.02434	-0.02717	-0.0064	-0.02811
0.259	-0.02439	-0.02722	-0.00642	-0.02814
0.26	-0.02445	-0.02727	-0.00643	-0.02819
0.261	-0.02449	-0.02731	-0.00644	-0.02822
0.262	-0.02454	-0.02736	-0.00645	-0.02827
0.263	-0.0246	-0.02741	-0.00647	-0.0283
0.264	-0.02464	-0.02746	-0.00648	-0.02834
0.265	-0.0247	-0.0275	-0.00649	-0.02838
0.266	-0.02475	-0.02755	-0.0065	-0.02842
0.267	-0.0248	-0.02759	-0.00652	-0.02846
0.268	-0.02485	-0.02764	-0.00653	-0.0285
0.269	-0.0249	-0.02768	-0.00654	-0.02854
0.27	-0.02495	-0.02773	-0.00655	-0.02858
0.271	-0.025	-0.02778	-0.00656	-0.02862
0.272	-0.02505	-0.02782	-0.00658	-0.02866
0.273	-0.0251	-0.02787	-0.00659	-0.02869
0.274	-0.02515	-0.02792	-0.0066	-0.02873
0.275	-0.0252	-0.02796	-0.00661	-0.02877
0.276	-0.02525	-0.02801	-0.00662	-0.02881
0.277	-0.0253	-0.02805	-0.00663	-0.02885
0.278	-0.02535	-0.0281	-0.00664	-0.02889
0.279	-0.0254	-0.02814	-0.00665	-0.02892
0.28	-0.02545	-0.02819	-0.00667	-0.02897
0.281	-0.0255	-0.02823	-0.00668	-0.029
0.282	-0.02555	-0.02828	-0.00669	-0.02904
0.283	-0.0256	-0.02832	-0.0067	-0.02908
0.284	-0.02565	-0.02837	-0.00671	-0.02912
0.285	-0.0257	-0.02842	-0.00673	-0.02915
0.286	-0.02575	-0.02847	-0.00674	-0.02919
0.287	-0.0258	-0.02851	-0.00675	-0.02923
0.288	-0.02585	-0.02856	-0.00676	-0.02927
0.289	-0.0259	-0.0286	-0.00678	-0.02931
0.29	-0.02595	-0.02865	-0.00679	-0.02935
0.291	-0.026	-0.02869	-0.0068	-0.02938
0.292	-0.02605	-0.02874	-0.00681	-0.02943
0.293	-0.0261	-0.02878	-0.00682	-0.02946
0.294	-0.02615	-0.02883	-0.00683	-0.0295
0.295	-0.0262	-0.02888	-0.00684	-0.02954
0.296	-0.02625	-0.02892	-0.00685	-0.02958
0.297	-0.0263	-0.02897	-0.00687	-0.02961
0.298	-0.02635	-0.02901	-0.00688	-0.02966
0.299	-0.0264	-0.02905	-0.00689	-0.02969
0.3	-0.02645	-0.0291	-0.0069	-0.02973
0.301	-0.0265	-0.02914	-0.00691	-0.02977
0.302	-0.02655	-0.02919	-0.00692	-0.02981
0.303	-0.0266	-0.02923	-0.00694	-0.02984
0.304	-0.02665	-0.02928	-0.00695	-0.02988
0.305	-0.0267	-0.02932	-0.00696	-0.02992
0.306	-0.02675	-0.02937	-0.00697	-0.02996
0.307	-0.0268	-0.02941	-0.00698	-0.03
0.308	-0.02686	-0.02947	-0.00699	-0.03004
0.309	-0.02691	-0.02951	-0.00701	-0.03007
0.31	-0.02696	-0.02956	-0.00702	-0.03012
0.311	-0.02701	-0.0296	-0.00703	-0.03015
0.312	-0.02705	-0.02965	-0.00704	-0.03019
0.313	-0.0271	-0.02969	-0.00705	-0.03022
0.314	-0.02716	-0.02974	-0.00706	-0.03027
0.315	-0.0272	-0.02978	-0.00707	-0.0303
0.316	-0.02726	-0.02983	-0.00708	-0.03034
0.317	-0.02731	-0.02987	-0.00709	-0.03038
0.318	-0.02736	-0.02992	-0.00711	-0.03042
0.319	-0.02741	-0.02996	-0.00712	-0.03045
0.32	-0.02746	-0.03001	-0.00713	-0.03049
0.321	-0.02751	-0.03005	-0.00714	-0.03052
0.322	-0.02756	-0.0301	-0.00715	-0.03057
0.323	-0.02761	-0.03014	-0.00716	-0.0306
0.324	-0.02766	-0.03019	-0.00717	-0.03064
0.325	-0.02771	-0.03023	-0.00718	-0.03067
0.326	-0.02776	-0.03028	-0.00719	-0.03072
0.327	-0.02781	-0.03032	-0.00721	-0.03075
0.328	-0.02786	-0.03037	-0.00722	-0.03079
0.329	-0.02791	-0.03041	-0.00723	-0.03083
0.33	-0.02796	-0.03046	-0.00724	-0.03087
0.331	-0.02801	-0.0305	-0.00725	-0.0309
0.332	-0.02806	-0.03055	-0.00726	-0.03094
0.333	-0.02811	-0.03059	-0.00728	-0.03098
0.334	-0.02816	-0.03064	-0.00728	-0.03102
0.335	-0.02821	-0.03068	-0.0073	-0.03106
0.336	-0.02826	-0.03073	-0.00731	-0.0311
0.337	-0.02831	-0.03077	-0.00732	-0.03113
0.338	-0.02836	-0.03082	-0.00733	-0.03117
0.339	-0.02842	-0.03086	-0.00734	-0.0312
0.34	-0.02847	-0.03091	-0.00735	-0.03125
0.341	-0.02852	-0.03095	-0.00736	-0.03128
0.342	-0.02857	-0.031	-0.00737	-0.03132
0.343	-0.02862	-0.03105	-0.00738	-0.03135
0.344	-0.02867	-0.0311	-0.00739	-0.03139
0.345	-0.02872	-0.03114	-0.00741	-0.03143
0.346	-0.02877	-0.03119	-0.00742	-0.03147
0.347	-0.02881	-0.03123	-0.00743	-0.0315
0.348	-0.02887	-0.03127	-0.00744	-0.03154
0.349	-0.02892	-0.03132	-0.00745	-0.03158
0.35	-0.02897	-0.03136	-0.00746	-0.03162
0.351	-0.02902	-0.0314	-0.00747	-0.03165
0.352	-0.02906	-0.03146	-0.00748	-0.0317
0.353	-0.02911	-0.0315	-0.00749	-0.03173
0.354	-0.02916	-0.03155	-0.00751	-0.03177
0.355	-0.02921	-0.03159	-0.00752	-0.0318
0.356	-0.02926	-0.03164	-0.00753	-0.03184
0.357	-0.02931	-0.03168	-0.00754	-0.03188
0.358	-0.02936	-0.03174	-0.00755	-0.03192
0.359	-0.02941	-0.03178	-0.00756	-0.03195
0.36	-0.02946	-0.03182	-0.00757	-0.032
0.361	-0.02951	-0.03186	-0.00758	-0.03202
0.362	-0.02956	-0.03191	-0.00759	-0.03207
0.363	-0.02961	-0.03196	-0.0076	-0.0321
0.364	-0.02966	-0.032	-0.00761	-0.03214
0.365	-0.02971	-0.03205	-0.00762	-0.03218
0.366	-0.02976	-0.03209	-0.00763	-0.03221
0.367	-0.02981	-0.03213	-0.00764	-0.03225
0.368	-0.02986	-0.03218	-0.00765	-0.03229
0.369	-0.02991	-0.03222	-0.00766	-0.03232
0.37	-0.02996	-0.03227	-0.00767	-0.03236
0.371	-0.03001	-0.03231	-0.00768	-0.03239
0.372	-0.03006	-0.03236	-0.00769	-0.03244
0.373	-0.0301	-0.0324	-0.0077	-0.03247
0.374	-0.03015	-0.03245	-0.00771	-0.03251
0.375	-0.0302	-0.03249	-0.00773	-0.03254
0.376	-0.03025	-0.03254	-0.00774	-0.03258
0.377	-0.0303	-0.03258	-0.00775	-0.03262
0.378	-0.03035	-0.03263	-0.00776	-0.03266
0.379	-0.03039	-0.03267	-0.00777	-0.03269
0.38	-0.03044	-0.03272	-0.00778	-0.03273
0.381	-0.03049	-0.03276	-0.00779	-0.03276
0.382	-0.03054	-0.03281	-0.0078	-0.0328
0.383	-0.03059	-0.03285	-0.00781	-0.03284
0.384	-0.03064	-0.0329	-0.00782	-0.03288
0.385	-0.03069	-0.03294	-0.00783	-0.03291
0.386	-0.03074	-0.03298	-0.00784	-0.03295
0.387	-0.03079	-0.03302	-0.00785	-0.03298
0.388	-0.03084	-0.03307	-0.00786	-0.03302
0.389	-0.03088	-0.03311	-0.00787	-0.03305
0.39	-0.03093	-0.03316	-0.00788	-0.0331
0.391	-0.03098	-0.0332	-0.00789	-0.03313
0.392	-0.03103	-0.03325	-0.0079	-0.03317
0.393	-0.03108	-0.03329	-0.00791	-0.0332
0.394	-0.03113	-0.03334	-0.00792	-0.03324
0.395	-0.03117	-0.03338	-0.00793	-0.03327
0.396	-0.03122	-0.03342	-0.00794	-0.03332
0.397	-0.03127	-0.03346	-0.00795	-0.03335
0.398	-0.03132	-0.03351	-0.00796	-0.03339
0.399	-0.03137	-0.03355	-0.00797	-0.03342
0.4	-0.03141	-0.0336	-0.00798	-0.03346
0.401	-0.03146	-0.03364	-0.00799	-0.03349
0.402	-0.03151	-0.03369	-0.008	-0.03354
0.403	-0.03156	-0.03373	-0.00801	-0.03357
0.404	-0.0316	-0.03378	-0.00802	-0.03361
0.405	-0.03165	-0.03382	-0.00803	-0.03364
0.406	-0.0317	-0.03386	-0.00804	-0.03368
0.407	-0.03174	-0.03391	-0.00805	-0.03372
0.408	-0.03179	-0.03396	-0.00806	-0.03376
0.409	-0.03184	-0.034	-0.00807	-0.03379
0.41	-0.03189	-0.03405	-0.00808	-0.03384
0.411	-0.03194	-0.03409	-0.00809	-0.03387
0.412	-0.03199	-0.03414	-0.0081	-0.03391
0.413	-0.03203	-0.03417	-0.00811	-0.03395
0.414	-0.03208	-0.03422	-0.00812	-0.03398
0.415	-0.03212	-0.03426	-0.00813	-0.03402
0.416	-0.03217	-0.03431	-0.00814	-0.03406
0.417	-0.03222	-0.03435	-0.00815	-0.03409
0.418	-0.03226	-0.03439	-0.00816	-0.03413
0.419	-0.03231	-0.03443	-0.00817	-0.03416
0.42	-0.03236	-0.03448	-0.00818	-0.0342
0.421	-0.0324	-0.03452	-0.00819	-0.03424
0.422	-0.03245	-0.03456	-0.0082	-0.03428
0.423	-0.03249	-0.0346	-0.00821	-0.03431
0.424	-0.03254	-0.03465	-0.00822	-0.03435
0.425	-0.03259	-0.03469	-0.00823	-0.03438
0.426	-0.03264	-0.03474	-0.00824	-0.03442
0.427	-0.03268	-0.03477	-0.00825	-0.03445
0.428	-0.03273	-0.03482	-0.00826	-0.0345
0.429	-0.03277	-0.03486	-0.00827	-0.03453
0.43	-0.03282	-0.03491	-0.00827	-0.03457
0.431	-0.03286	-0.03495	-0.00829	-0.0346
0.432	-0.03291	-0.03499	-0.00829	-0.03464
0.433	-0.03295	-0.03503	-0.0083	-0.03468
0.434	-0.03299	-0.03507	-0.00831	-0.03472
0.435	-0.03304	-0.03511	-0.00832	-0.03476
0.436	-0.03309	-0.03516	-0.00833	-0.0348
0.437	-0.03313	-0.0352	-0.00834	-0.03483
0.438	-0.03318	-0.03524	-0.00835	-0.03487
0.439	-0.03322	-0.03528	-0.00836	-0.03491
0.44	-0.03327	-0.03533	-0.00837	-0.03494
0.441	-0.03331	-0.03537	-0.00838	-0.03498
0.442	-0.03336	-0.03542	-0.00839	-0.03502
0.443	-0.0334	-0.03545	-0.0084	-0.03505
0.444	-0.03345	-0.0355	-0.00841	-0.03509
0.445	-0.03349	-0.03554	-0.00842	-0.03512
0.446	-0.03354	-0.03559	-0.00843	-0.03517
0.447	-0.03358	-0.03562	-0.00844	-0.0352
0.448	-0.03362	-0.03567	-0.00845	-0.03524
0.449	-0.03367	-0.03571	-0.00846	-0.03528
0.45	-0.03372	-0.03576	-0.00847	-0.03532
0.451	-0.03376	-0.0358	-0.00848	-0.03535
0.452	-0.0338	-0.03585	-0.00848	-0.0354
0.453	-0.03385	-0.03589	-0.0085	-0.03543
0.454	-0.03389	-0.03593	-0.0085	-0.03547
0.455	-0.03394	-0.03597	-0.00851	-0.03551
0.456	-0.03398	-0.03602	-0.00852	-0.03555
0.457	-0.03403	-0.03606	-0.00853	-0.03558
0.458	-0.03407	-0.0361	-0.00854	-0.03563
0.459	-0.03411	-0.03614	-0.00855	-0.03566
0.46	-0.03416	-0.03619	-0.00856	-0.0357
0.461	-0.0342	-0.03623	-0.00857	-0.03574
0.462	-0.03425	-0.03628	-0.00858	-0.03578
0.463	-0.03429	-0.03632	-0.00859	-0.03582
0.464	-0.03434	-0.03637	-0.0086	-0.03586
0.465	-0.03438	-0.03641	-0.00861	-0.0359
0.466	-0.03442	-0.03646	-0.00861	-0.03594
0.467	-0.03447	-0.0365	-0.00862	-0.03598
0.468	-0.03451	-0.03655	-0.00863	-0.03602
0.469	-0.03455	-0.03658	-0.00864	-0.03605
0.47	-0.0346	-0.03663	-0.00865	-0.03609
0.471	-0.03464	-0.03667	-0.00866	-0.03613
0.472	-0.03469	-0.03672	-0.00867	-0.03618
0.473	-0.03473	-0.03676	-0.00868	-0.03622
0.474	-0.03477	-0.03681	-0.00869	-0.03626
0.475	-0.03482	-0.03685	-0.0087	-0.03629
0.476	-0.03486	-0.0369	-0.00871	-0.03633
0.477	-0.0349	-0.03693	-0.00872	-0.03637
0.478	-0.03495	-0.03698	-0.00872	-0.03641
0.479	-0.03499	-0.03702	-0.00873	-0.03645
0.48	-0.03503	-0.03707	-0.00874	-0.03649
0.481	-0.03507	-0.03712	-0.00875	-0.03653
0.482	-0.03511	-0.03717	-0.00876	-0.03657
0.483	-0.03515	-0.03721	-0.00877	-0.0366
0.484	-0.0352	-0.03726	-0.00878	-0.03665
0.485	-0.03524	-0.0373	-0.00878	-0.03668
0.486	-0.03528	-0.03735	-0.00879	-0.03673
0.487	-0.03533	-0.0374	-0.0088	-0.03676
0.488	-0.03537	-0.03745	-0.00881	-0.0368
0.489	-0.03541	-0.03749	-0.00882	-0.03684
0.49	-0.03546	-0.03754	-0.00883	-0.03688
0.491	-0.0355	-0.03759	-0.00884	-0.03692
0.492	-0.03555	-0.03764	-0.00885	-0.03696
0.493	-0.03559	-0.03768	-0.00886	-0.037
0.494	-0.03563	-0.03773	-0.00886	-0.03704
0.495	-0.03567	-0.03778	-0.00887	-0.03707
0.496	-0.03572	-0.03783	-0.00888	-0.03711
0.497	-0.03576	-0.03787	-0.00889	-0.03715
0.498	-0.03581	-0.03792	-0.0089	-0.03719
0.499	-0.03585	-0.03797	-0.00891	-0.03723
0.5	-0.03589	-0.03802	-0.00892	-0.03727
0.501	-0.03593	-0.03807	-0.00893	-0.03731
0.502	-0.03598	-0.03812	-0.00894	-0.03736
0.503	-0.03602	-0.03816	-0.00895	-0.03739
0.504	-0.03606	-0.03821	-0.00895	-0.03743
0.505	-0.0361	-0.03826	-0.00896	-0.03747
0.506	-0.03615	-0.03831	-0.00897	-0.03751
0.507	-0.03619	-0.03836	-0.00898	-0.03755
0.508	-0.03624	-0.03841	-0.00899	-0.03759
0.509	-0.03628	-0.03846	-0.009	-0.03763
0.51	-0.03632	-0.03852	-0.00901	-0.03767
0.511	-0.03636	-0.03856	-0.00902	-0.03771
0.512	-0.03641	-0.03862	-0.00903	-0.03775
0.513	-0.03645	-0.03866	-0.00903	-0.03778
0.514	-0.0365	-0.03872	-0.00904	-0.03783
0.515	-0.03654	-0.03877	-0.00905	-0.03786
0.516	-0.03659	-0.03882	-0.00906	-0.0379
0.517	-0.03662	-0.03887	-0.00907	-0.03793
0.518	-0.03667	-0.03892	-0.00908	-0.03798
0.519	-0.03671	-0.03897	-0.00909	-0.03802
0.52	-0.03676	-0.03902	-0.0091	-0.03806
0.521	-0.0368	-0.03907	-0.00911	-0.03809
0.522	-0.03684	-0.03912	-0.00911	-0.03814
0.523	-0.03688	-0.03917	-0.00912	-0.03818
0.524	-0.03693	-0.03923	-0.00913	-0.03822
0.525	-0.03697	-0.03928	-0.00914	-0.03826
0.526	-0.03701	-0.03933	-0.00915	-0.0383
0.527	-0.03705	-0.03938	-0.00916	-0.03833
0.528	-0.0371	-0.03944	-0.00916	-0.03838
0.529	-0.03714	-0.03949	-0.00917	-0.03841
0.53	-0.03719	-0.03955	-0.00918	-0.03845
0.531	-0.03723	-0.0396	-0.00919	-0.03849
0.532	-0.03727	-0.03965	-0.0092	-0.03853
0.533	-0.03731	-0.0397	-0.00921	-0.03857
0.534	-0.03736	-0.03976	-0.00922	-0.03861
0.535	-0.0374	-0.03981	-0.00923	-0.03865
0.536	-0.03745	-0.03987	-0.00923	-0.03869
0.537	-0.03749	-0.03992	-0.00924	-0.03872
0.538	-0.03754	-0.03998	-0.00925	-0.03876
0.539	-0.03758	-0.04003	-0.00926	-0.0388
0.54	-0.03763	-0.04009	-0.00927	-0.03884
0.541	-0.03767	-0.04014	-0.00928	-0.03888
0.542	-0.03772	-0.0402	-0.00928	-0.03892
0.543	-0.03777	-0.04025	-0.0093	-0.03896
0.544	-0.03782	-0.04031	-0.0093	-0.039
0.545	-0.03786	-0.04036	-0.00931	-0.03903
0.546	-0.0379	-0.04042	-0.00932	-0.03907
0.547	-0.03795	-0.04047	-0.00933	-0.03912
0.548	-0.038	-0.04053	-0.00934	-0.03917
0.549	-0.03804	-0.04059	-0.00935	-0.03921
0.55	-0.03809	-0.04065	-0.00935	-0.03925
0.551	-0.03813	-0.0407	-0.00936	-0.03928
0.552	-0.03818	-0.04076	-0.00937	-0.03932
0.553	-0.03822	-0.04081	-0.00938	-0.03935
0.554	-0.03827	-0.04087	-0.00939	-0.03939
0.555	-0.03832	-0.04092	-0.0094	-0.03943
0.556	-0.03837	-0.04098	-0.0094	-0.03947
0.557	-0.03842	-0.04103	-0.00941	-0.0395
0.558	-0.03847	-0.04109	-0.00942	-0.03954
0.559	-0.03852	-0.04115	-0.00943	-0.03957
0.56	-0.03857	-0.0412	-0.00944	-0.03961
0.561	-0.03862	-0.04126	-0.00945	-0.03965
0.562	-0.03867	-0.04132	-0.00945	-0.03969
0.563	-0.03872	-0.04137	-0.00946	-0.03972
0.564	-0.03877	-0.04143	-0.00947	-0.03976
0.565	-0.03882	-0.04148	-0.00948	-0.0398
0.566	-0.03887	-0.04154	-0.00949	-0.03983
0.567	-0.03892	-0.04159	-0.0095	-0.03987
0.568	-0.03898	-0.04164	-0.0095	-0.0399
0.569	-0.03903	-0.04169	-0.00951	-0.03994
0.57	-0.03908	-0.04175	-0.00952	-0.03997
0.571	-0.03913	-0.0418	-0.00953	-0.04
0.572	-0.03919	-0.04186	-0.00954	-0.04004
0.573	-0.03924	-0.04191	-0.00954	-0.04007
0.574	-0.0393	-0.04196	-0.00955	-0.04011
0.575	-0.03935	-0.04201	-0.00956	-0.04014
0.576	-0.03941	-0.04207	-0.00957	-0.04017
0.577	-0.03946	-0.04212	-0.00958	-0.0402
0.578	-0.03952	-0.04217	-0.00959	-0.04024
0.579	-0.03957	-0.04222	-0.0096	-0.04026
0.58	-0.03963	-0.04227	-0.0096	-0.0403
0.581	-0.03969	-0.04232	-0.00961	-0.04033
0.582	-0.03975	-0.04237	-0.00962	-0.04036
0.583	-0.0398	-0.04242	-0.00963	-0.0404
0.584	-0.03987	-0.04247	-0.00963	-0.04043
0.585	-0.03992	-0.04252	-0.00964	-0.04045
0.586	-0.03998	-0.04257	-0.00965	-0.04049
0.587	-0.04004	-0.04262	-0.00966	-0.04052
0.588	-0.0401	-0.04267	-0.00967	-0.04055
0.589	-0.04017	-0.04271	-0.00968	-0.04058
0.59	-0.04023	-0.04276	-0.00969	-0.04061
0.591	-0.04028	-0.0428	-0.0097	-0.04064
0.592	-0.04035	-0.04285	-0.0097	-0.04067
0.593	-0.04041	-0.04289	-0.00971	-0.0407
0.594	-0.04047	-0.04294	-0.00972	-0.04073
0.595	-0.04053	-0.04299	-0.00973	-0.04075
0.596	-0.04059	-0.04303	-0.00973	-0.04079
0.597	-0.04065	-0.04307	-0.00974	-0.04081
0.598	-0.04072	-0.04312	-0.00975	-0.04084
0.599	-0.04078	-0.04316	-0.00976	-0.04086
0.6	-0.04084	-0.0432	-0.00977	-0.04089
0.601	-0.0409	-0.04324	-0.00978	-0.04092
0.602	-0.04096	-0.04328	-0.00978	-0.04095
0.603	-0.04102	-0.04332	-0.00979	-0.04097
0.604	-0.04109	-0.04336	-0.0098	-0.041
0.605	-0.04115	-0.0434	-0.00981	-0.04103
0.606	-0.04122	-0.04344	-0.00981	-0.04105
0.607	-0.04128	-0.04348	-0.00982	-0.04107
0.608	-0.04134	-0.04352	-0.00983	-0.04111
0.609	-0.0414	-0.04355	-0.00984	-0.04113
0.61	-0.04146	-0.04359	-0.00985	-0.04115
0.611	-0.04152	-0.04363	-0.00986	-0.04118
0.612	-0.04159	-0.04366	-0.00986	-0.04121
0.613	-0.04165	-0.04369	-0.00987	-0.04123
0.614	-0.04172	-0.04373	-0.00988	-0.04126
0.615	-0.04178	-0.04377	-0.00989	-0.04128
0.616	-0.04185	-0.04381	-0.0099	-0.0413
0.617	-0.04191	-0.04384	-0.0099	-0.04132
0.618	-0.04197	-0.04387	-0.00991	-0.04136
0.619	-0.04204	-0.0439	-0.00992	-0.04138
0.62	-0.0421	-0.04394	-0.00993	-0.04141
0.621	-0.04216	-0.04397	-0.00994	-0.04143
0.622	-0.04223	-0.04401	-0.00994	-0.04145
0.623	-0.04229	-0.04404	-0.00995	-0.04147
0.624	-0.04236	-0.04407	-0.00996	-0.04149
0.625	-0.04242	-0.04409	-0.00997	-0.04151
0.626	-0.04248	-0.04413	-0.00998	-0.04154
0.627	-0.04254	-0.04417	-0.00998	-0.04156
0.628	-0.04261	-0.04421	-0.00999	-0.04159
0.629	-0.04268	-0.04423	-0.01	-0.0416
0.63	-0.04274	-0.04427	-0.01	-0.04163
0.631	-0.0428	-0.04429	-0.01001	-0.04165
0.632	-0.04287	-0.04432	-0.01002	-0.04167
0.633	-0.04293	-0.04435	-0.01003	-0.04169
0.634	-0.043	-0.04438	-0.01003	-0.04172
0.635	-0.04306	-0.0444	-0.01004	-0.04173
0.636	-0.04313	-0.04443	-0.01005	-0.04175
0.637	-0.04319	-0.04446	-0.01006	-0.04177
0.638	-0.04325	-0.04449	-0.01006	-0.0418
0.639	-0.04332	-0.04451	-0.01007	-0.04181
0.64	-0.04338	-0.04454	-0.01008	-0.04184
0.641	-0.04344	-0.04457	-0.01009	-0.04185
0.642	-0.04351	-0.04459	-0.0101	-0.04188
0.643	-0.04357	-0.04462	-0.01011	-0.04189
0.644	-0.04363	-0.04465	-0.01011	-0.04192
0.645	-0.04369	-0.04467	-0.01012	-0.04193
0.646	-0.04376	-0.0447	-0.01013	-0.04195
0.647	-0.04382	-0.04472	-0.01014	-0.04198
0.648	-0.04389	-0.04475	-0.01014	-0.042
0.649	-0.04395	-0.04477	-0.01015	-0.04201
0.65	-0.04401	-0.04479	-0.01016	-0.04203
0.651	-0.04407	-0.04481	-0.01017	-0.04205
0.652	-0.04413	-0.04484	-0.01017	-0.04207
0.653	-0.0442	-0.04486	-0.01018	-0.04209
0.654	-0.04426	-0.04488	-0.01019	-0.04211
0.655	-0.04432	-0.0449	-0.0102	-0.04212
0.656	-0.04438	-0.04492	-0.0102	-0.04214
0.657	-0.04444	-0.04495	-0.01021	-0.04215
0.658	-0.04451	-0.04497	-0.01022	-0.04218
0.659	-0.04456	-0.045	-0.01023	-0.04219
0.66	-0.04463	-0.04502	-0.01024	-0.04221
0.661	-0.04468	-0.04504	-0.01024	-0.04223
0.662	-0.04475	-0.04506	-0.01025	-0.04225
0.663	-0.04481	-0.04508	-0.01026	-0.04226
0.664	-0.04487	-0.0451	-0.01026	-0.04228
0.665	-0.04492	-0.04512	-0.01027	-0.0423
0.666	-0.04496	-0.04514	-0.01028	-0.04232
0.667	-0.04502	-0.04516	-0.01029	-0.04234
0.668	-0.04509	-0.04518	-0.0103	-0.04236
0.669	-0.04513	-0.0452	-0.01031	-0.04237
0.67	-0.04519	-0.04522	-0.01031	-0.04239
0.671	-0.04525	-0.04524	-0.01032	-0.0424
0.672	-0.0453	-0.04526	-0.01033	-0.04242
0.673	-0.04536	-0.04527	-0.01034	-0.04244
0.674	-0.04542	-0.04529	-0.01034	-0.04246
0.675	-0.04546	-0.04531	-0.01035	-0.04247
0.676	-0.04552	-0.04533	-0.01036	-0.04249
0.677	-0.04555	-0.04534	-0.01037	-0.04251
0.678	-0.04559	-0.04536	-0.01037	-0.04252
0.679	-0.04565	-0.04538	-0.01038	-0.04254
0.68	-0.04571	-0.0454	-0.01039	-0.04255
0.681	-0.04577	-0.04541	-0.0104	-0.04257
0.682	-0.04582	-0.04543	-0.01041	-0.04259
0.683	-0.04587	-0.04545	-0.01042	-0.0426
0.684	-0.04592	-0.04547	-0.01042	-0.04262
0.685	-0.04597	-0.04548	-0.01043	-0.04264
0.686	-0.04603	-0.0455	-0.01044	-0.04266
0.687	-0.04608	-0.04551	-0.01045	-0.04267
0.688	-0.04613	-0.04553	-0.01045	-0.04269
0.689	-0.04619	-0.04555	-0.01046	-0.04271
0.69	-0.04624	-0.04556	-0.01047	-0.04273
0.691	-0.04629	-0.04558	-0.01048	-0.04274
0.692	-0.04635	-0.04559	-0.01049	-0.04276
0.693	-0.0464	-0.04561	-0.01049	-0.04277
0.694	-0.04645	-0.04562	-0.0105	-0.04279
0.695	-0.0465	-0.04564	-0.01051	-0.0428
0.696	-0.04655	-0.04566	-0.01052	-0.04282
0.697	-0.0466	-0.04567	-0.01052	-0.04284
0.698	-0.04665	-0.04569	-0.01053	-0.04286
0.699	-0.04669	-0.0457	-0.01054	-0.04287
0.7	-0.04674	-0.04572	-0.01055	-0.04289
0.701	-0.04679	-0.04573	-0.01055	-0.0429
0.702	-0.04683	-0.04575	-0.01056	-0.04292
0.703	-0.04687	-0.04576	-0.01057	-0.04294
0.704	-0.04692	-0.04578	-0.01058	-0.04296
0.705	-0.04697	-0.04579	-0.01059	-0.04297
0.706	-0.04701	-0.04581	-0.0106	-0.04299
0.707	-0.04705	-0.04582	-0.0106	-0.04301
0.708	-0.04709	-0.04583	-0.01061	-0.04303
0.709	-0.04713	-0.04585	-0.01062	-0.04304
0.71	-0.04718	-0.04586	-0.01063	-0.04306
0.711	-0.04722	-0.04588	-0.01064	-0.04308
0.712	-0.04726	-0.04589	-0.01064	-0.0431
0.713	-0.0473	-0.0459	-0.01065	-0.04311
0.714	-0.04735	-0.04592	-0.01066	-0.04313
0.715	-0.04738	-0.04593	-0.01067	-0.04314
0.716	-0.04743	-0.04595	-0.01067	-0.04316
0.717	-0.04746	-0.04597	-0.01069	-0.04318
0.718	-0.0475	-0.04598	-0.01069	-0.0432
0.719	-0.04754	-0.046	-0.0107	-0.04321
0.72	-0.04758	-0.04601	-0.01071	-0.04323
0.721	-0.04762	-0.04602	-0.01072	-0.04324
0.722	-0.04766	-0.04604	-0.01072	-0.04326
0.723	-0.0477	-0.04605	-0.01073	-0.04328
0.724	-0.04773	-0.04607	-0.01074	-0.0433
0.725	-0.04777	-0.04608	-0.01075	-0.04331
0.726	-0.0478	-0.04609	-0.01076	-0.04333
0.727	-0.04784	-0.04612	-0.01077	-0.04335
0.728	-0.04787	-0.04614	-0.01077	-0.04336
0.729	-0.04791	-0.04615	-0.01078	-0.0434
0.73	-0.04794	-0.04617	-0.01079	-0.04342
0.731	-0.04798	-0.04618	-0.0108	-0.04343
0.732	-0.04801	-0.0462	-0.01081	-0.04345
0.733	-0.04804	-0.04621	-0.01082	-0.04346
0.734	-0.04808	-0.04623	-0.01083	-0.04348
0.735	-0.04811	-0.04624	-0.01084	-0.0435
0.736	-0.04814	-0.04626	-0.01085	-0.04352
0.737	-0.04818	-0.04627	-0.01085	-0.04353
0.738	-0.04821	-0.04629	-0.01086	-0.04355
0.739	-0.04824	-0.0463	-0.01087	-0.04356
0.74	-0.04826	-0.04632	-0.01088	-0.04358
0.741	-0.04829	-0.04633	-0.01089	-0.0436
0.742	-0.04833	-0.04635	-0.0109	-0.04362
0.743	-0.04836	-0.04636	-0.01091	-0.04363
0.744	-0.04839	-0.04638	-0.01091	-0.04365
0.745	-0.04842	-0.04639	-0.01092	-0.04367
0.746	-0.04845	-0.04641	-0.01093	-0.04369
0.747	-0.04848	-0.04643	-0.01094	-0.0437
0.748	-0.04851	-0.04644	-0.01095	-0.04372
0.749	-0.04854	-0.04646	-0.01096	-0.04374
0.75	-0.04857	-0.04648	-0.01096	-0.04375
0.751	-0.0486	-0.04649	-0.01097	-0.04377
0.752	-0.04862	-0.04651	-0.01098	-0.0438
0.753	-0.04865	-0.04652	-0.01099	-0.04381
0.754	-0.04868	-0.04654	-0.011	-0.04383
0.755	-0.04871	-0.04656	-0.01101	-0.04385
0.756	-0.04874	-0.04658	-0.01102	-0.04387
0.757	-0.04876	-0.04659	-0.01103	-0.04388
0.758	-0.04879	-0.04661	-0.01104	-0.0439
0.759	-0.04881	-0.04662	-0.01105	-0.04391
0.76	-0.04884	-0.04664	-0.01106	-0.04393
0.761	-0.04886	-0.04666	-0.01107	-0.04395
0.762	-0.04889	-0.04668	-0.01108	-0.04397
0.763	-0.04891	-0.04669	-0.01109	-0.04398
0.764	-0.04894	-0.04671	-0.01109	-0.044
0.765	-0.04896	-0.04673	-0.0111	-0.04402
0.766	-0.04899	-0.04675	-0.01111	-0.04404
0.767	-0.04901	-0.04676	-0.01112	-0.04406
0.768	-0.04904	-0.04678	-0.01113	-0.04408
0.769	-0.04908	-0.0468	-0.01114	-0.0441
0.77	-0.04912	-0.04682	-0.01115	-0.04412
0.771	-0.04914	-0.04685	-0.01116	-0.04413
0.772	-0.04916	-0.04688	-0.01117	-0.04415
0.773	-0.04918	-0.04689	-0.01118	-0.04417
0.774	-0.04919	-0.04691	-0.01119	-0.04419
0.775	-0.0492	-0.04693	-0.0112	-0.04421
0.776	-0.04922	-0.04695	-0.01121	-0.04423
0.777	-0.04923	-0.04697	-0.01122	-0.04425
0.778	-0.04925	-0.04699	-0.01123	-0.04427
0.779	-0.04927	-0.047	-0.01124	-0.04428
0.78	-0.04929	-0.04703	-0.01125	-0.0443
0.781	-0.0493	-0.04704	-0.01126	-0.04432
0.782	-0.04932	-0.04706	-0.01127	-0.04434
0.783	-0.04934	-0.04708	-0.01128	-0.04436
0.784	-0.04935	-0.0471	-0.01129	-0.04438
0.785	-0.04936	-0.04712	-0.0113	-0.0444
0.786	-0.04938	-0.04714	-0.01131	-0.04441
0.787	-0.0494	-0.04716	-0.01132	-0.04443
0.788	-0.04941	-0.04718	-0.01133	-0.04446
0.789	-0.04943	-0.04721	-0.01134	-0.04448
0.79	-0.04945	-0.04723	-0.01135	-0.0445
0.791	-0.04945	-0.04725	-0.01136	-0.04451
0.792	-0.04947	-0.04727	-0.01137	-0.04454
0.793	-0.04948	-0.04729	-0.01138	-0.04455
0.794	-0.04949	-0.04731	-0.01139	-0.04458
0.795	-0.0495	-0.04734	-0.0114	-0.04462
0.796	-0.04952	-0.04736	-0.01141	-0.04465
0.797	-0.04953	-0.04738	-0.01142	-0.04465
0.798	-0.04954	-0.0474	-0.01143	-0.04467
0.799	-0.04955	-0.04742	-0.01145	-0.04469
0.8	-0.04947	-0.04731	-0.01143	-0.04456
0.799	-0.04919	-0.04694	-0.01137	-0.04417
0.798	-0.04894	-0.04662	-0.01133	-0.04384
0.797	-0.04871	-0.04632	-0.01129	-0.04352
0.796	-0.04849	-0.04604	-0.01125	-0.04323
0.795	-0.04827	-0.04577	-0.01121	-0.04294
0.794	-0.04806	-0.0455	-0.01117	-0.04267
0.793	-0.04786	-0.04525	-0.01113	-0.0424
0.792	-0.04766	-0.045	-0.01109	-0.04215
0.791	-0.04746	-0.04476	-0.01106	-0.0419
0.79	-0.04726	-0.04453	-0.01103	-0.04165
0.789	-0.04707	-0.0443	-0.01099	-0.04141
0.788	-0.04688	-0.04407	-0.01096	-0.04118
0.787	-0.04669	-0.04385	-0.01093	-0.04094
0.786	-0.04651	-0.04362	-0.01089	-0.04072
0.785	-0.04631	-0.04341	-0.01086	-0.04049
0.784	-0.04613	-0.04319	-0.01083	-0.04027
0.783	-0.04595	-0.04298	-0.0108	-0.04006
0.782	-0.04578	-0.04277	-0.01077	-0.03984
0.781	-0.04561	-0.04256	-0.01074	-0.03963
0.78	-0.04544	-0.04236	-0.01071	-0.03942
0.779	-0.04527	-0.04215	-0.01068	-0.03921
0.778	-0.0451	-0.04196	-0.01065	-0.03901
0.777	-0.04493	-0.04176	-0.01062	-0.0388
0.776	-0.04477	-0.04156	-0.01059	-0.03861
0.775	-0.04461	-0.04137	-0.01056	-0.0384
0.774	-0.04445	-0.04118	-0.01053	-0.03821
0.773	-0.04428	-0.04099	-0.0105	-0.03802
0.772	-0.04412	-0.04081	-0.01048	-0.03783
0.771	-0.04396	-0.04062	-0.01045	-0.03763
0.77	-0.04381	-0.04044	-0.01042	-0.03745
0.769	-0.04364	-0.04026	-0.0104	-0.03726
0.768	-0.04349	-0.04007	-0.01037	-0.03707
0.767	-0.04333	-0.03989	-0.01034	-0.03689
0.766	-0.04318	-0.03972	-0.01032	-0.03672
0.765	-0.04302	-0.03954	-0.01029	-0.03653
0.764	-0.04287	-0.03937	-0.01026	-0.03636
0.763	-0.04271	-0.03919	-0.01024	-0.03618
0.762	-0.04257	-0.03902	-0.01021	-0.03601
0.761	-0.04242	-0.03884	-0.01019	-0.03583
0.76	-0.04227	-0.03867	-0.01016	-0.03566
0.759	-0.04212	-0.03851	-0.01014	-0.03548
0.758	-0.04197	-0.03834	-0.01011	-0.03532
0.757	-0.04183	-0.03817	-0.01009	-0.03515
0.756	-0.04168	-0.03801	-0.01007	-0.03498
0.755	-0.04154	-0.03784	-0.01005	-0.03482
0.754	-0.0414	-0.03768	-0.01002	-0.03466
0.753	-0.04125	-0.03752	-0.01	-0.0345
0.752	-0.04111	-0.03736	-0.00998	-0.03434
0.751	-0.04097	-0.0372	-0.00996	-0.03417
0.75	-0.04083	-0.03704	-0.00993	-0.03401
0.749	-0.04069	-0.03688	-0.00991	-0.03385
0.748	-0.04055	-0.03673	-0.00988	-0.03369
0.747	-0.04042	-0.03658	-0.00986	-0.03353
0.746	-0.04028	-0.03642	-0.00984	-0.03338
0.745	-0.04014	-0.03627	-0.00982	-0.03322
0.744	-0.04001	-0.03611	-0.00979	-0.03307
0.743	-0.03987	-0.03596	-0.00977	-0.03292
0.742	-0.03973	-0.03581	-0.00975	-0.03277
0.741	-0.0396	-0.03566	-0.00973	-0.03261
0.74	-0.03947	-0.03551	-0.0097	-0.03246
0.739	-0.03934	-0.03536	-0.00968	-0.03231
0.738	-0.03921	-0.03521	-0.00966	-0.03217
0.737	-0.03908	-0.03507	-0.00964	-0.03202
0.736	-0.03895	-0.03492	-0.00961	-0.03187
0.735	-0.03881	-0.03478	-0.00959	-0.03172
0.734	-0.03868	-0.03464	-0.00957	-0.03158
0.733	-0.03855	-0.03449	-0.00955	-0.03143
0.732	-0.03842	-0.03435	-0.00953	-0.03129
0.731	-0.03828	-0.03421	-0.00951	-0.03115
0.73	-0.03816	-0.03407	-0.00949	-0.031
0.729	-0.03803	-0.03392	-0.00947	-0.03086
0.728	-0.03791	-0.03378	-0.00944	-0.03072
0.727	-0.03778	-0.03365	-0.00943	-0.03057
0.726	-0.03765	-0.03351	-0.0094	-0.03044
0.725	-0.03752	-0.03337	-0.00939	-0.0303
0.724	-0.0374	-0.03323	-0.00936	-0.03016
0.723	-0.03727	-0.0331	-0.00934	-0.03002
0.722	-0.03715	-0.03297	-0.00932	-0.02988
0.721	-0.03703	-0.03284	-0.0093	-0.02975
0.72	-0.03691	-0.03271	-0.00928	-0.02961
0.719	-0.03678	-0.03258	-0.00926	-0.02948
0.718	-0.03667	-0.03245	-0.00924	-0.02935
0.717	-0.03654	-0.03232	-0.00922	-0.02921
0.716	-0.03642	-0.03219	-0.0092	-0.02908
0.715	-0.03629	-0.03207	-0.00918	-0.02895
0.714	-0.03617	-0.03194	-0.00916	-0.02882
0.713	-0.03605	-0.03181	-0.00914	-0.02868
0.712	-0.03594	-0.03168	-0.00912	-0.02856
0.711	-0.03581	-0.03155	-0.00911	-0.02842
0.71	-0.0357	-0.03142	-0.00908	-0.0283
0.709	-0.03557	-0.03129	-0.00907	-0.02817
0.708	-0.03546	-0.03116	-0.00905	-0.02804
0.707	-0.03534	-0.03103	-0.00903	-0.02791
0.706	-0.03522	-0.0309	-0.00901	-0.02779
0.705	-0.0351	-0.03077	-0.00899	-0.02766
0.704	-0.03498	-0.03064	-0.00897	-0.02754
0.703	-0.03487	-0.03052	-0.00895	-0.02741
0.702	-0.03475	-0.03039	-0.00894	-0.02729
0.701	-0.03463	-0.03027	-0.00892	-0.02716
0.7	-0.03452	-0.03014	-0.0089	-0.02704
0.699	-0.03441	-0.03002	-0.00888	-0.02691
0.698	-0.0343	-0.0299	-0.00886	-0.02679
0.697	-0.03418	-0.02977	-0.00884	-0.02667
0.696	-0.03407	-0.02965	-0.00882	-0.02655
0.695	-0.03395	-0.02953	-0.0088	-0.02642
0.694	-0.03384	-0.02941	-0.00879	-0.0263
0.693	-0.03372	-0.02929	-0.00877	-0.02618
0.692	-0.0336	-0.02917	-0.00875	-0.02607
0.691	-0.03349	-0.02905	-0.00874	-0.02594
0.69	-0.03338	-0.02893	-0.00872	-0.02583
0.689	-0.03326	-0.02881	-0.0087	-0.02571
0.688	-0.03315	-0.02869	-0.00868	-0.0256
0.687	-0.03304	-0.02858	-0.00866	-0.02548
0.686	-0.03294	-0.02846	-0.00865	-0.02536
0.685	-0.03282	-0.02834	-0.00863	-0.02524
0.684	-0.03271	-0.02822	-0.00861	-0.02513
0.683	-0.0326	-0.02811	-0.00859	-0.02502
0.682	-0.03249	-0.02799	-0.00858	-0.0249
0.681	-0.03238	-0.02787	-0.00856	-0.02478
0.68	-0.03227	-0.02776	-0.00854	-0.02467
0.679	-0.03216	-0.02764	-0.00853	-0.02456
0.678	-0.03206	-0.02753	-0.00851	-0.02445
0.677	-0.03195	-0.02742	-0.00849	-0.02433
0.676	-0.03184	-0.0273	-0.00848	-0.02422
0.675	-0.03174	-0.02719	-0.00846	-0.02411
0.674	-0.03164	-0.02707	-0.00844	-0.024
0.673	-0.03154	-0.02696	-0.00842	-0.02388
0.672	-0.03145	-0.02685	-0.00841	-0.02377
0.671	-0.03137	-0.02673	-0.00839	-0.02366
0.67	-0.03132	-0.02662	-0.00837	-0.02355
0.669	-0.03126	-0.02651	-0.00836	-0.02344
0.668	-0.03117	-0.0264	-0.00834	-0.02333
0.667	-0.03106	-0.02629	-0.00832	-0.02322
0.666	-0.03095	-0.02618	-0.00831	-0.02311
0.665	-0.03083	-0.02606	-0.00829	-0.023
0.664	-0.03072	-0.02595	-0.00828	-0.02289
0.663	-0.0306	-0.02584	-0.00826	-0.02278
0.662	-0.0305	-0.02573	-0.00824	-0.02268
0.661	-0.03038	-0.02563	-0.00823	-0.02257
0.66	-0.03027	-0.02552	-0.00821	-0.02246
0.659	-0.03016	-0.02541	-0.0082	-0.02236
0.658	-0.03005	-0.0253	-0.00818	-0.02225
0.657	-0.02994	-0.02519	-0.00816	-0.02214
0.656	-0.02984	-0.02509	-0.00815	-0.02204
0.655	-0.02972	-0.02498	-0.00813	-0.02193
0.654	-0.02962	-0.02487	-0.00812	-0.02183
0.653	-0.02951	-0.02477	-0.0081	-0.02172
0.652	-0.0294	-0.02466	-0.00808	-0.02162
0.651	-0.0293	-0.02455	-0.00807	-0.02152
0.65	-0.02919	-0.02445	-0.00805	-0.02141
0.649	-0.02909	-0.02434	-0.00804	-0.02131
0.648	-0.02899	-0.02424	-0.00802	-0.02121
0.647	-0.02888	-0.02413	-0.00801	-0.02111
0.646	-0.02877	-0.02403	-0.00799	-0.02101
0.645	-0.02867	-0.02392	-0.00797	-0.02091
0.644	-0.02856	-0.02382	-0.00796	-0.02081
0.643	-0.02846	-0.02371	-0.00794	-0.0207
0.642	-0.02835	-0.02361	-0.00793	-0.0206
0.641	-0.02825	-0.02351	-0.00791	-0.0205
0.64	-0.02814	-0.0234	-0.0079	-0.0204
0.639	-0.02803	-0.0233	-0.00788	-0.0203
0.638	-0.02793	-0.0232	-0.00787	-0.0202
0.637	-0.02782	-0.02309	-0.00785	-0.0201
0.636	-0.02772	-0.02299	-0.00784	-0.02
0.635	-0.02762	-0.02288	-0.00783	-0.0199
0.634	-0.02752	-0.02278	-0.00781	-0.0198
0.633	-0.02741	-0.02268	-0.0078	-0.0197
0.632	-0.02731	-0.02258	-0.00778	-0.01961
0.631	-0.0272	-0.02248	-0.00777	-0.01951
0.63	-0.02711	-0.02237	-0.00775	-0.01941
0.629	-0.027	-0.02228	-0.00774	-0.01932
0.628	-0.0269	-0.02217	-0.00772	-0.01923
0.627	-0.0268	-0.02207	-0.00771	-0.01914
0.626	-0.02669	-0.02197	-0.00769	-0.01904
0.625	-0.02659	-0.02187	-0.00767	-0.01894
0.624	-0.02649	-0.02177	-0.00766	-0.01885
0.623	-0.02638	-0.02167	-0.00765	-0.01875
0.622	-0.02628	-0.02157	-0.00763	-0.01866
0.621	-0.02617	-0.02147	-0.00762	-0.01856
0.62	-0.02607	-0.02137	-0.0076	-0.01846
0.619	-0.02596	-0.02127	-0.00759	-0.01837
0.618	-0.02586	-0.02118	-0.00757	-0.01828
0.617	-0.02576	-0.02108	-0.00756	-0.01818
0.616	-0.02567	-0.02098	-0.00755	-0.01809
0.615	-0.02556	-0.02088	-0.00753	-0.01799
0.614	-0.02546	-0.02078	-0.00752	-0.01789
0.613	-0.02535	-0.02068	-0.0075	-0.0178
0.612	-0.02525	-0.02058	-0.00749	-0.01771
0.611	-0.02514	-0.02049	-0.00747	-0.01761
0.61	-0.02505	-0.02039	-0.00746	-0.01752
0.609	-0.02494	-0.02029	-0.00744	-0.01742
0.608	-0.02484	-0.02019	-0.00743	-0.01733
0.607	-0.02473	-0.0201	-0.00742	-0.01724
0.606	-0.02464	-0.02	-0.0074	-0.01715
0.605	-0.02453	-0.0199	-0.00739	-0.01706
0.604	-0.02443	-0.0198	-0.00737	-0.01697
0.603	-0.02432	-0.01971	-0.00736	-0.01687
0.602	-0.02422	-0.01961	-0.00735	-0.01678
0.601	-0.02411	-0.01951	-0.00733	-0.01669
0.6	-0.02402	-0.01942	-0.00732	-0.0166
0.599	-0.02391	-0.01932	-0.0073	-0.01651
0.598	-0.02381	-0.01924	-0.00729	-0.01642
0.597	-0.0237	-0.01915	-0.00728	-0.01632
0.596	-0.0236	-0.01906	-0.00726	-0.01624
0.595	-0.0235	-0.01896	-0.00725	-0.01614
0.594	-0.0234	-0.01886	-0.00723	-0.01605
0.593	-0.02329	-0.01877	-0.00722	-0.01596
0.592	-0.02319	-0.01867	-0.00721	-0.01587
0.591	-0.02308	-0.01858	-0.00719	-0.01578
0.59	-0.02298	-0.01848	-0.00718	-0.01569
0.589	-0.02287	-0.01839	-0.00716	-0.0156
0.588	-0.02277	-0.01829	-0.00715	-0.01551
0.587	-0.02267	-0.0182	-0.00714	-0.01542
0.586	-0.02256	-0.0181	-0.00712	-0.01533
0.585	-0.02246	-0.018	-0.00711	-0.01524
0.584	-0.02236	-0.01791	-0.0071	-0.01515
0.583	-0.02225	-0.01781	-0.00708	-0.01506
0.582	-0.02215	-0.01772	-0.00707	-0.01497
0.581	-0.02204	-0.01762	-0.00706	-0.01488
0.58	-0.02194	-0.01752	-0.00704	-0.01479
0.579	-0.02183	-0.01743	-0.00703	-0.0147
0.578	-0.02173	-0.01733	-0.00702	-0.01462
0.577	-0.02163	-0.01724	-0.007	-0.01453
0.576	-0.02153	-0.01715	-0.00699	-0.01444
0.575	-0.02142	-0.01706	-0.00698	-0.01435
0.574	-0.02132	-0.01696	-0.00696	-0.01427
0.573	-0.02121	-0.01687	-0.00695	-0.01417
0.572	-0.02112	-0.01677	-0.00694	-0.01409
0.571	-0.02101	-0.01668	-0.00692	-0.014
0.57	-0.02091	-0.01658	-0.00691	-0.01391
0.569	-0.0208	-0.01649	-0.00689	-0.01382
0.568	-0.0207	-0.01639	-0.00688	-0.01374
0.567	-0.02059	-0.0163	-0.00687	-0.01365
0.566	-0.02049	-0.0162	-0.00685	-0.01356
0.565	-0.02038	-0.01611	-0.00684	-0.01347
0.564	-0.02028	-0.01601	-0.00683	-0.01339
0.563	-0.02017	-0.01592	-0.00682	-0.01331
0.562	-0.02007	-0.01582	-0.0068	-0.01322
0.561	-0.01996	-0.01573	-0.00679	-0.01313
0.56	-0.01986	-0.01563	-0.00678	-0.01305
0.559	-0.01976	-0.01554	-0.00676	-0.01296
0.558	-0.01966	-0.01545	-0.00675	-0.01288
0.557	-0.01955	-0.01535	-0.00674	-0.01279
0.556	-0.01945	-0.01525	-0.00672	-0.0127
0.555	-0.01934	-0.01516	-0.00671	-0.01261
0.554	-0.01925	-0.01506	-0.0067	-0.01253
0.553	-0.01915	-0.01497	-0.00669	-0.01244
0.552	-0.01905	-0.01488	-0.00667	-0.01236
0.551	-0.01894	-0.01478	-0.00666	-0.01227
0.55	-0.01884	-0.01469	-0.00665	-0.01218
0.549	-0.01873	-0.01459	-0.00663	-0.0121
0.548	-0.01863	-0.0145	-0.00662	-0.01201
0.547	-0.01853	-0.01441	-0.00661	-0.01193
0.546	-0.01843	-0.01431	-0.0066	-0.01184
0.545	-0.01832	-0.01422	-0.00659	-0.01175
0.544	-0.01822	-0.01412	-0.00657	-0.01167
0.543	-0.01812	-0.01403	-0.00656	-0.01158
0.542	-0.01802	-0.01393	-0.00655	-0.0115
0.541	-0.01791	-0.01384	-0.00653	-0.01141
0.54	-0.01781	-0.01374	-0.00652	-0.01133
0.539	-0.01771	-0.01365	-0.00651	-0.01124
0.538	-0.01761	-0.01356	-0.00649	-0.01116
0.537	-0.0175	-0.01346	-0.00648	-0.01107
0.536	-0.0174	-0.01337	-0.00647	-0.01099
0.535	-0.0173	-0.01328	-0.00646	-0.0109
0.534	-0.0172	-0.01318	-0.00644	-0.01082
0.533	-0.0171	-0.01309	-0.00643	-0.01073
0.532	-0.017	-0.01299	-0.00642	-0.01065
0.531	-0.0169	-0.0129	-0.0064	-0.01056
0.53	-0.0168	-0.01281	-0.00639	-0.01048
0.529	-0.0167	-0.01271	-0.00638	-0.01039
0.528	-0.01661	-0.01262	-0.00636	-0.01031
0.527	-0.0165	-0.01252	-0.00635	-0.01022
0.526	-0.01641	-0.01243	-0.00634	-0.01014
0.525	-0.01631	-0.01233	-0.00633	-0.01005
0.524	-0.01621	-0.01223	-0.00631	-0.00997
0.523	-0.01611	-0.01214	-0.0063	-0.00989
0.522	-0.01602	-0.01205	-0.00629	-0.0098
0.521	-0.01592	-0.01196	-0.00628	-0.00972
0.52	-0.01583	-0.01186	-0.00627	-0.00964
0.519	-0.01573	-0.01176	-0.00625	-0.00955
0.518	-0.01564	-0.01167	-0.00624	-0.00947
0.517	-0.01554	-0.01157	-0.00623	-0.00938
0.516	-0.01545	-0.01148	-0.00622	-0.0093
0.515	-0.01535	-0.01138	-0.0062	-0.00922
0.514	-0.01526	-0.01129	-0.00619	-0.00913
0.513	-0.01516	-0.01119	-0.00618	-0.00905
0.512	-0.01507	-0.01109	-0.00617	-0.00896
0.511	-0.01497	-0.011	-0.00615	-0.00888
0.51	-0.01488	-0.01091	-0.00614	-0.00879
0.509	-0.01479	-0.01081	-0.00613	-0.00871
0.508	-0.0147	-0.01071	-0.00611	-0.00863
0.507	-0.01461	-0.01062	-0.0061	-0.00854
0.506	-0.01452	-0.01052	-0.00609	-0.00846
0.505	-0.01442	-0.01043	-0.00608	-0.00837
0.504	-0.01434	-0.01033	-0.00606	-0.00829
0.503	-0.01424	-0.01024	-0.00605	-0.00821
0.502	-0.01416	-0.01014	-0.00604	-0.00812
0.501	-0.01406	-0.01005	-0.00603	-0.00804
0.5	-0.01398	-0.00996	-0.00602	-0.00796
0.499	-0.01389	-0.00986	-0.006	-0.00787
0.498	-0.0138	-0.00977	-0.00599	-0.00779
0.497	-0.01371	-0.00967	-0.00598	-0.0077
0.496	-0.01363	-0.00958	-0.00596	-0.00762
0.495	-0.01353	-0.00949	-0.00595	-0.00754
0.494	-0.01345	-0.00939	-0.00594	-0.00746
0.493	-0.01336	-0.0093	-0.00593	-0.00737
0.492	-0.01328	-0.0092	-0.00592	-0.00728
0.491	-0.01319	-0.00911	-0.0059	-0.0072
0.49	-0.01311	-0.00901	-0.00589	-0.00712
0.489	-0.01302	-0.00892	-0.00588	-0.00703
0.488	-0.01294	-0.00882	-0.00587	-0.00695
0.487	-0.01285	-0.00873	-0.00585	-0.00686
0.486	-0.01277	-0.00864	-0.00584	-0.00678
0.485	-0.01268	-0.00855	-0.00583	-0.0067
0.484	-0.0126	-0.00845	-0.00582	-0.00662
0.483	-0.01251	-0.00835	-0.0058	-0.00654
0.482	-0.01243	-0.00826	-0.00579	-0.00645
0.481	-0.01234	-0.00817	-0.00578	-0.00637
0.48	-0.01225	-0.00807	-0.00577	-0.00629
0.479	-0.01217	-0.00797	-0.00575	-0.0062
0.478	-0.01209	-0.00788	-0.00574	-0.00612
0.477	-0.012	-0.00779	-0.00573	-0.00604
0.476	-0.01192	-0.00769	-0.00572	-0.00595
0.475	-0.01183	-0.0076	-0.0057	-0.00587
0.474	-0.01175	-0.00751	-0.00569	-0.00579
0.473	-0.01167	-0.00741	-0.00568	-0.0057
0.472	-0.01159	-0.00732	-0.00567	-0.00563
0.471	-0.0115	-0.00722	-0.00566	-0.00554
0.47	-0.01142	-0.00713	-0.00564	-0.00546
0.469	-0.01134	-0.00704	-0.00563	-0.00538
0.468	-0.01126	-0.00694	-0.00562	-0.0053
0.467	-0.01117	-0.00685	-0.00561	-0.00522
0.466	-0.0111	-0.00675	-0.0056	-0.00514
0.465	-0.01101	-0.00666	-0.00558	-0.00505
0.464	-0.01094	-0.00657	-0.00557	-0.00497
0.463	-0.01085	-0.00648	-0.00556	-0.00489
0.462	-0.01078	-0.00638	-0.00555	-0.00481
0.461	-0.01069	-0.00629	-0.00553	-0.00472
0.46	-0.01062	-0.0062	-0.00552	-0.00464
0.459	-0.01054	-0.00611	-0.00551	-0.00456
0.458	-0.01046	-0.00601	-0.0055	-0.00448
0.457	-0.01038	-0.00592	-0.00548	-0.0044
0.456	-0.01031	-0.00583	-0.00547	-0.00432
0.455	-0.01023	-0.00574	-0.00546	-0.00424
0.454	-0.01016	-0.00564	-0.00545	-0.00416
0.453	-0.01007	-0.00556	-0.00544	-0.00407
0.452	-0.01	-0.00546	-0.00542	-0.00399
0.451	-0.00993	-0.00538	-0.00541	-0.00391
0.45	-0.00986	-0.00528	-0.0054	-0.00383
0.449	-0.00978	-0.0052	-0.00539	-0.00375
0.448	-0.00971	-0.0051	-0.00537	-0.00367
0.447	-0.00963	-0.00501	-0.00536	-0.00359
0.446	-0.00956	-0.00492	-0.00535	-0.00352
0.445	-0.00948	-0.00483	-0.00534	-0.00343
0.444	-0.00942	-0.00474	-0.00533	-0.00335
0.443	-0.00934	-0.00465	-0.00531	-0.00327
0.442	-0.00927	-0.00456	-0.0053	-0.00319
0.441	-0.0092	-0.00447	-0.00529	-0.00311
0.44	-0.00913	-0.00438	-0.00528	-0.00303
0.439	-0.00906	-0.00429	-0.00527	-0.00295
0.438	-0.00899	-0.0042	-0.00525	-0.00288
0.437	-0.00892	-0.00412	-0.00524	-0.0028
0.436	-0.00885	-0.00402	-0.00523	-0.00272
0.435	-0.00877	-0.00394	-0.00521	-0.00264
0.434	-0.00871	-0.00385	-0.0052	-0.00256
0.433	-0.00863	-0.00376	-0.00519	-0.00248
0.432	-0.00857	-0.00367	-0.00518	-0.0024
0.431	-0.0085	-0.00359	-0.00516	-0.00232
0.43	-0.00843	-0.0035	-0.00515	-0.00224
0.429	-0.00835	-0.00342	-0.00514	-0.00216
0.428	-0.00829	-0.00333	-0.00513	-0.00208
0.427	-0.00822	-0.00324	-0.00512	-0.002
0.426	-0.00815	-0.00315	-0.0051	-0.00193
0.425	-0.00808	-0.00307	-0.00509	-0.00185
0.424	-0.00802	-0.00298	-0.00508	-0.00177
0.423	-0.00795	-0.0029	-0.00507	-0.00169
0.422	-0.00788	-0.00282	-0.00505	-0.00162
0.421	-0.00781	-0.00273	-0.00504	-0.00154
0.42	-0.00775	-0.00264	-0.00503	-0.00146
0.419	-0.00768	-0.00256	-0.00501	-0.00139
0.418	-0.00762	-0.00248	-0.005	-0.00131
0.417	-0.00755	-0.0024	-0.00499	-0.00123
0.416	-0.00748	-0.00231	-0.00498	-0.00115
0.415	-0.00741	-0.00223	-0.00496	-0.00107
0.414	-0.00735	-0.00214	-0.00495	-9.989E-4
0.413	-0.00728	-0.00206	-0.00494	-9.228E-4
0.412	-0.00722	-0.00198	-0.00492	-8.454E-4
0.411	-0.00715	-0.0019	-0.00491	-7.703E-4
0.41	-0.00708	-0.00181	-0.0049	-6.901E-4
0.409	-0.00701	-0.00173	-0.00488	-6.066E-4
0.408	-0.00695	-0.00165	-0.00487	-5.325E-4
0.407	-0.00688	-0.00158	-0.00486	-4.553E-4
0.406	-0.00682	-0.0015	-0.00485	-3.808E-4
0.405	-0.00675	-0.00142	-0.00484	-3.06E-4
0.404	-0.00669	-0.00134	-0.00482	-2.323E-4
0.403	-0.00663	-0.00127	-0.00481	-1.562E-4
0.402	-0.00657	-0.00119	-0.0048	-8.169E-5
0.401	-0.0065	-0.00111	-0.00478	-6.284E-6
0.4	-0.00644	-0.00103	-0.00477	6.794E-5
0.399	-0.00637	-9.569E-4	-0.00476	1.419E-4
0.398	-0.00632	-8.793E-4	-0.00475	2.126E-4
0.397	-0.00625	-8.045E-4	-0.00473	2.875E-4
0.396	-0.00619	-7.265E-4	-0.00472	3.606E-4
0.395	-0.00612	-6.552E-4	-0.00471	4.371E-4
0.394	-0.00607	-5.751E-4	-0.0047	5.1E-4
0.393	-0.006	-5.022E-4	-0.00468	5.825E-4
0.392	-0.00594	-4.236E-4	-0.00467	6.546E-4
0.391	-0.00587	-3.523E-4	-0.00466	7.295E-4
0.39	-0.00582	-2.728E-4	-0.00464	8.026E-4
0.389	-0.00575	-2.03E-4	-0.00463	8.758E-4
0.388	-0.00569	-1.253E-4	-0.00462	9.469E-4
0.387	-0.00563	-5.596E-5	-0.00461	0.00102
0.386	-0.00557	2.209E-5	-0.00459	0.00109
0.385	-0.00551	9.259E-5	-0.00458	0.00116
0.384	-0.00545	1.671E-4	-0.00457	0.00123
0.383	-0.00538	2.387E-4	-0.00455	0.0013
0.382	-0.00533	3.127E-4	-0.00454	0.00137
0.381	-0.00526	3.861E-4	-0.00453	0.00144
0.38	-0.0052	4.641E-4	-0.00451	0.00151
0.379	-0.00514	5.313E-4	-0.0045	0.00158
0.378	-0.00508	6.089E-4	-0.00449	0.00165
0.377	-0.00502	6.792E-4	-0.00447	0.00172
0.376	-0.00496	7.541E-4	-0.00446	0.00179
0.375	-0.00489	8.248E-4	-0.00445	0.00186
0.374	-0.00484	8.99E-4	-0.00444	0.00193
0.373	-0.00477	9.678E-4	-0.00442	0.002
0.372	-0.00471	0.00104	-0.00441	0.00207
0.371	-0.00465	0.00111	-0.0044	0.00214
0.37	-0.00459	0.00118	-0.00439	0.00221
0.369	-0.00452	0.00125	-0.00437	0.00227
0.368	-0.00447	0.00133	-0.00436	0.00234
0.367	-0.0044	0.00139	-0.00435	0.0024
0.366	-0.00435	0.00146	-0.00433	0.00247
0.365	-0.00428	0.00153	-0.00432	0.00254
0.364	-0.00422	0.00161	-0.00431	0.00261
0.363	-0.00415	0.00167	-0.00429	0.00267
0.362	-0.0041	0.00175	-0.00428	0.00274
0.361	-0.00403	0.00181	-0.00427	0.00281
0.36	-0.00398	0.00188	-0.00425	0.00287
0.359	-0.00391	0.00195	-0.00424	0.00294
0.358	-0.00385	0.00203	-0.00423	0.00301
0.357	-0.00378	0.00209	-0.00421	0.00308
0.356	-0.00372	0.00216	-0.0042	0.00315
0.355	-0.00366	0.00223	-0.00418	0.00321
0.354	-0.00361	0.0023	-0.00417	0.00328
0.353	-0.00354	0.00236	-0.00416	0.00334
0.352	-0.00348	0.00243	-0.00415	0.00341
0.351	-0.00342	0.0025	-0.00413	0.00348
0.35	-0.00336	0.00256	-0.00412	0.00354
0.349	-0.0033	0.00263	-0.00411	0.0036
0.348	-0.00324	0.0027	-0.00409	0.00367
0.347	-0.00317	0.00276	-0.00408	0.00373
0.346	-0.00311	0.00283	-0.00406	0.0038
0.345	-0.00305	0.0029	-0.00405	0.00386
0.344	-0.00299	0.00297	-0.00404	0.00393
0.343	-0.00292	0.00303	-0.00402	0.00399
0.342	-0.00287	0.0031	-0.00401	0.00405
0.341	-0.0028	0.00316	-0.004	0.00412
0.34	-0.00274	0.00323	-0.00398	0.00418
0.339	-0.00267	0.00329	-0.00397	0.00425
0.338	-0.00261	0.00336	-0.00396	0.00431
0.337	-0.00255	0.00342	-0.00394	0.00437
0.336	-0.00249	0.00349	-0.00393	0.00443
0.335	-0.00242	0.00355	-0.00391	0.0045
0.334	-0.00237	0.00362	-0.0039	0.00456
0.333	-0.0023	0.00368	-0.00389	0.00462
0.332	-0.00224	0.00375	-0.00387	0.00469
0.331	-0.00217	0.00381	-0.00386	0.00475
0.33	-0.00211	0.00388	-0.00385	0.00481
0.329	-0.00205	0.00394	-0.00383	0.00487
0.328	-0.00199	0.00401	-0.00382	0.00493
0.327	-0.00192	0.00407	-0.0038	0.00499
0.326	-0.00186	0.00413	-0.00379	0.00505
0.325	-0.0018	0.00419	-0.00378	0.00511
0.324	-0.00174	0.00426	-0.00377	0.00517
0.323	-0.00167	0.00432	-0.00375	0.00523
0.322	-0.00162	0.00439	-0.00374	0.00528
0.321	-0.00155	0.00444	-0.00372	0.00534
0.32	-0.00149	0.00451	-0.00371	0.0054
0.319	-0.00143	0.00457	-0.00369	0.00546
0.318	-0.00137	0.00463	-0.00368	0.00552
0.317	-0.0013	0.00469	-0.00367	0.00558
0.316	-0.00125	0.00476	-0.00366	0.00564
0.315	-0.00118	0.00481	-0.00364	0.00569
0.314	-0.00112	0.00488	-0.00363	0.00575
0.313	-0.00105	0.00494	-0.00362	0.00581
0.312	-9.93E-4	0.005	-0.0036	0.00586
0.311	-9.269E-4	0.00506	-0.00359	0.00592
0.31	-8.683E-4	0.00512	-0.00358	0.00597
0.309	-8.022E-4	0.00518	-0.00356	0.00603
0.308	-7.428E-4	0.00524	-0.00355	0.00608
0.307	-6.747E-4	0.0053	-0.00353	0.00614
0.306	-6.144E-4	0.00536	-0.00352	0.0062
0.305	-5.477E-4	0.00542	-0.0035	0.00625
0.304	-4.888E-4	0.00548	-0.00349	0.0063
0.303	-4.212E-4	0.00554	-0.00348	0.00636
0.302	-3.622E-4	0.0056	-0.00346	0.00641
0.301	-2.954E-4	0.00566	-0.00345	0.00647
0.3	-2.362E-4	0.00572	-0.00343	0.00652
0.299	-1.708E-4	0.00577	-0.00342	0.00657
0.298	-1.102E-4	0.00584	-0.0034	0.00663
0.297	-4.546E-5	0.00589	-0.00339	0.00668
0.296	1.62E-5	0.00595	-0.00338	0.00673
0.295	8.287E-5	0.00601	-0.00336	0.00678
0.294	1.408E-4	0.00607	-0.00335	0.00684
0.293	2.058E-4	0.00613	-0.00333	0.00689
0.292	2.657E-4	0.00619	-0.00332	0.00694
0.291	3.321E-4	0.00624	-0.0033	0.00699
0.29	3.935E-4	0.00631	-0.00329	0.00705
0.289	4.632E-4	0.00636	-0.00328	0.0071
0.288	5.213E-4	0.00642	-0.00326	0.00715
0.287	5.87E-4	0.00648	-0.00325	0.0072
0.286	6.474E-4	0.00654	-0.00323	0.00725
0.285	7.142E-4	0.00659	-0.00322	0.00731
0.284	7.758E-4	0.00665	-0.0032	0.00736
0.283	8.413E-4	0.00671	-0.00319	0.00741
0.282	9.023E-4	0.00677	-0.00317	0.00747
0.281	9.681E-4	0.00682	-0.00316	0.00752
0.28	0.00103	0.00689	-0.00314	0.00757
0.279	0.0011	0.00694	-0.00313	0.00762
0.278	0.00115	0.007	-0.00312	0.00768
0.277	0.00122	0.00705	-0.0031	0.00773
0.276	0.00128	0.00711	-0.00309	0.00778
0.275	0.00135	0.00717	-0.00307	0.00783
0.274	0.00141	0.00723	-0.00306	0.00788
0.273	0.00147	0.00729	-0.00304	0.00793
0.272	0.00153	0.00735	-0.00303	0.00799
0.271	0.0016	0.0074	-0.00301	0.00804
0.27	0.00166	0.00746	-0.003	0.00809
0.269	0.00172	0.00752	-0.00298	0.00814
0.268	0.00178	0.00758	-0.00297	0.0082
0.267	0.00185	0.00763	-0.00295	0.00825
0.266	0.00191	0.00769	-0.00294	0.0083
0.265	0.00197	0.00775	-0.00292	0.00835
0.264	0.00203	0.00781	-0.00291	0.0084
0.263	0.0021	0.00786	-0.0029	0.00846
0.262	0.00216	0.00792	-0.00288	0.00851
0.261	0.00222	0.00797	-0.00287	0.00856
0.26	0.00228	0.00804	-0.00285	0.00861
0.259	0.00235	0.00809	-0.00284	0.00866
0.258	0.0024	0.00815	-0.00282	0.00872
0.257	0.00247	0.0082	-0.00281	0.00877
0.256	0.00253	0.00827	-0.00279	0.00882
0.255	0.00259	0.00832	-0.00278	0.00888
0.254	0.00265	0.00838	-0.00276	0.00892
0.253	0.00272	0.00844	-0.00274	0.00898
0.252	0.00278	0.0085	-0.00273	0.00903
0.251	0.00284	0.00855	-0.00271	0.00908
0.25	0.0029	0.00862	-0.0027	0.00913
0.249	0.00297	0.00867	-0.00268	0.00918
0.248	0.00303	0.00873	-0.00267	0.00923
0.247	0.00309	0.00878	-0.00265	0.00929
0.246	0.00315	0.00885	-0.00264	0.00934
0.245	0.00321	0.0089	-0.00262	0.00939
0.244	0.00327	0.00896	-0.00261	0.00944
0.243	0.00334	0.00901	-0.00259	0.00949
0.242	0.0034	0.00907	-0.00258	0.00954
0.241	0.00346	0.00912	-0.00256	0.0096
0.24	0.00352	0.00918	-0.00255	0.00965
0.239	0.00358	0.00924	-0.00253	0.0097
0.238	0.00364	0.0093	-0.00252	0.00975
0.237	0.0037	0.00935	-0.0025	0.0098
0.236	0.00376	0.00942	-0.00248	0.00986
0.235	0.00383	0.00947	-0.00247	0.00991
0.234	0.00389	0.00953	-0.00245	0.00996
0.233	0.00395	0.00958	-0.00244	0.01001
0.232	0.00401	0.00964	-0.00242	0.01006
0.231	0.00407	0.00969	-0.00241	0.01011
0.23	0.00413	0.00976	-0.00239	0.01017
0.229	0.0042	0.00981	-0.00238	0.01022
0.228	0.00426	0.00987	-0.00236	0.01027
0.227	0.00432	0.00992	-0.00235	0.01032
0.226	0.00438	0.00998	-0.00233	0.01037
0.225	0.00444	0.01003	-0.00231	0.01042
0.224	0.0045	0.01009	-0.0023	0.01047
0.223	0.00456	0.01015	-0.00228	0.01053
0.222	0.00462	0.01021	-0.00227	0.01058
0.221	0.00468	0.01026	-0.00225	0.01063
0.22	0.00474	0.01032	-0.00223	0.01068
0.219	0.0048	0.01036	-0.00222	0.01074
0.218	0.00485	0.01043	-0.0022	0.01079
0.217	0.00492	0.01048	-0.00219	0.01084
0.216	0.00498	0.01054	-0.00217	0.01089
0.215	0.00504	0.01059	-0.00216	0.01095
0.214	0.00509	0.01065	-0.00214	0.011
0.213	0.00516	0.01071	-0.00213	0.01105
0.212	0.00521	0.01077	-0.00211	0.0111
0.211	0.00527	0.01082	-0.00209	0.01116
0.21	0.00533	0.01088	-0.00208	0.01121
0.209	0.0054	0.01093	-0.00206	0.01126
0.208	0.00545	0.01099	-0.00205	0.01131
0.207	0.00551	0.01104	-0.00203	0.01136
0.206	0.00557	0.0111	-0.00201	0.01142
0.205	0.00563	0.01116	-0.002	0.01147
0.204	0.00569	0.01122	-0.00198	0.01153
0.203	0.00574	0.01127	-0.00196	0.01158
0.202	0.0058	0.01133	-0.00195	0.01163
0.201	0.00586	0.01138	-0.00193	0.01168
0.2	0.00592	0.01144	-0.00192	0.01173
0.199	0.00598	0.01149	-0.0019	0.01179
0.198	0.00603	0.01155	-0.00188	0.01184
0.197	0.00609	0.01161	-0.00187	0.01189
0.196	0.00615	0.01166	-0.00185	0.01195
0.195	0.00621	0.01172	-0.00183	0.012
0.194	0.00626	0.01178	-0.00182	0.01205
0.193	0.00632	0.01183	-0.0018	0.01209
0.192	0.00637	0.01189	-0.00179	0.01214
0.191	0.00643	0.01194	-0.00177	0.01219
0.19	0.00648	0.012	-0.00176	0.01224
0.189	0.00654	0.01205	-0.00174	0.01229
0.188	0.0066	0.0121	-0.00172	0.01234
0.187	0.00666	0.01214	-0.00171	0.01239
0.186	0.00671	0.0122	-0.00169	0.01245
0.185	0.00677	0.01225	-0.00167	0.0125
0.184	0.00682	0.01231	-0.00166	0.01255
0.183	0.00688	0.01236	-0.00164	0.0126
0.182	0.00693	0.01242	-0.00163	0.01265
0.181	0.00699	0.01247	-0.00161	0.01271
0.18	0.00704	0.01253	-0.00159	0.01276
0.179	0.0071	0.01258	-0.00158	0.01281
0.178	0.00715	0.01264	-0.00156	0.01286
0.177	0.00721	0.01269	-0.00154	0.01291
0.176	0.00726	0.01275	-0.00153	0.01296
0.175	0.00732	0.0128	-0.00151	0.01301
0.174	0.00737	0.01286	-0.0015	0.01306
0.173	0.00743	0.01291	-0.00148	0.01311
0.172	0.00748	0.01297	-0.00147	0.01317
0.171	0.00754	0.01302	-0.00145	0.01322
0.17	0.00759	0.01308	-0.00143	0.01327
0.169	0.00765	0.01313	-0.00142	0.01332
0.168	0.0077	0.01319	-0.0014	0.01337
0.167	0.00776	0.01324	-0.00138	0.01343
0.166	0.00781	0.0133	-0.00137	0.01348
0.165	0.00787	0.01335	-0.00135	0.01353
0.164	0.00792	0.01341	-0.00134	0.01358
0.163	0.00798	0.01346	-0.00132	0.01363
0.162	0.00803	0.01352	-0.0013	0.01368
0.161	0.00809	0.01356	-0.00129	0.01373
0.16	0.00814	0.01362	-0.00127	0.01378
0.159	0.0082	0.01368	-0.00125	0.01383
0.158	0.00825	0.01373	-0.00123	0.01388
0.157	0.0083	0.01378	-0.00122	0.01393
0.156	0.00836	0.01384	-0.0012	0.01398
0.155	0.00841	0.01389	-0.00119	0.01403
0.154	0.00846	0.01395	-0.00117	0.01408
0.153	0.00852	0.014	-0.00115	0.01413
0.152	0.00858	0.01406	-0.00114	0.01418
0.151	0.00863	0.01411	-0.00112	0.01423
0.15	0.00868	0.01416	-0.0011	0.01428
0.149	0.00874	0.01421	-0.00108	0.01433
0.148	0.00879	0.01427	-0.00107	0.01438
0.147	0.00885	0.01431	-0.00105	0.01443
0.146	0.0089	0.01437	-0.00103	0.01448
0.145	0.00896	0.01442	-0.00102	0.01453
0.144	0.00901	0.01448	-9.997E-4	0.01458
0.143	0.00907	0.01453	-9.829E-4	0.01463
0.142	0.00912	0.01459	-9.676E-4	0.01468
0.141	0.00917	0.01464	-9.497E-4	0.01473
0.14	0.00922	0.0147	-9.325E-4	0.01478
0.139	0.00928	0.01474	-9.171E-4	0.01483
0.138	0.00933	0.0148	-8.997E-4	0.01488
0.137	0.00939	0.01485	-8.82E-4	0.01493
0.136	0.00944	0.01491	-8.666E-4	0.01498
0.135	0.0095	0.01496	-8.468E-4	0.01503
0.134	0.00955	0.01502	-8.319E-4	0.01508
0.133	0.00961	0.01506	-8.138E-4	0.01513
0.132	0.00966	0.01512	-7.981E-4	0.01518
0.131	0.00972	0.01517	-7.814E-4	0.01523
0.13	0.00977	0.01523	-7.64E-4	0.01528
0.129	0.00982	0.01528	-7.47E-4	0.01533
0.128	0.00987	0.01534	-7.298E-4	0.01538
0.127	0.00993	0.01539	-7.119E-4	0.01543
0.126	0.00998	0.01545	-6.964E-4	0.01548
0.125	0.01004	0.0155	-6.799E-4	0.01553
0.124	0.01009	0.01555	-6.616E-4	0.01558
0.123	0.01015	0.0156	-6.46E-4	0.01563
0.122	0.0102	0.01566	-6.288E-4	0.01568
0.121	0.01026	0.01571	-6.103E-4	0.01573
0.12	0.01031	0.01577	-5.951E-4	0.01578
0.119	0.01036	0.01582	-5.772E-4	0.01582
0.118	0.01041	0.01587	-5.612E-4	0.01587
0.117	0.01047	0.01592	-5.428E-4	0.01592
0.116	0.01052	0.01598	-5.263E-4	0.01597
0.115	0.01058	0.01603	-5.089E-4	0.01602
0.114	0.01063	0.01609	-4.919E-4	0.01607
0.113	0.01069	0.01614	-4.738E-4	0.01612
0.112	0.01074	0.0162	-4.579E-4	0.01617
0.111	0.0108	0.01625	-4.394E-4	0.01622
0.11	0.01085	0.0163	-4.236E-4	0.01627
0.109	0.01091	0.01635	-4.043E-4	0.01632
0.108	0.01096	0.01641	-3.871E-4	0.01637
0.107	0.01102	0.01646	-3.711E-4	0.01642
0.106	0.01107	0.01652	-3.536E-4	0.01647
0.105	0.01113	0.01657	-3.369E-4	0.01652
0.104	0.01118	0.01663	-3.194E-4	0.01657
0.103	0.01124	0.01668	-3.024E-4	0.01662
0.102	0.01129	0.01674	-2.854E-4	0.01667
0.101	0.01135	0.01679	-2.674E-4	0.01672
0.1	0.0114	0.01685	-2.516E-4	0.01677
0.099	0.01146	0.0169	-2.332E-4	0.01681
0.098	0.01151	0.01695	-2.173E-4	0.01686
0.097	0.01157	0.017	-2.002E-4	0.01691
0.096	0.01162	0.01706	-1.824E-4	0.01697
0.095	0.01168	0.01711	-1.654E-4	0.01701
0.094	0.01173	0.01717	-1.478E-4	0.01706
0.093	0.01179	0.01722	-1.302E-4	0.01711
0.092	0.01184	0.01728	-1.144E-4	0.01716
0.091	0.0119	0.01732	-9.789E-5	0.01721
0.09	0.01195	0.01738	-8.071E-5	0.01726
0.089	0.01201	0.01743	-6.293E-5	0.01731
0.088	0.01206	0.01749	-4.615E-5	0.01735
0.087	0.01211	0.01754	-2.788E-5	0.0174
0.086	0.01215	0.01759	-1.08E-5	0.01745
0.085	0.01221	0.01764	5.989E-6	0.0175
0.084	0.01226	0.01771	2.602E-5	0.01755
0.083	0.01232	0.01776	4.261E-5	0.0176
0.082	0.01237	0.01781	5.871E-5	0.01765
0.081	0.01243	0.01786	7.491E-5	0.0177
0.08	0.01248	0.01792	9.209E-5	0.01775
0.079	0.01254	0.01797	1.103E-4	0.01779
0.078	0.01259	0.01802	1.26E-4	0.01784
0.077	0.01265	0.01807	1.427E-4	0.01789
0.076	0.01271	0.01813	1.595E-4	0.01794
0.075	0.01277	0.01818	1.764E-4	0.01799
0.074	0.01282	0.01823	1.935E-4	0.01804
0.073	0.01288	0.01828	2.111E-4	0.01808
0.072	0.01293	0.01834	2.275E-4	0.01813
0.071	0.01299	0.01839	2.453E-4	0.01818
0.07	0.01304	0.01845	2.616E-4	0.01823
0.069	0.0131	0.0185	2.793E-4	0.01827
0.068	0.01315	0.01855	2.965E-4	0.01832
0.067	0.01321	0.0186	3.133E-4	0.01837
0.066	0.01326	0.01866	3.303E-4	0.01842
0.065	0.01332	0.01871	3.494E-4	0.01846
0.064	0.01337	0.01877	3.655E-4	0.01851
0.063	0.01344	0.01882	3.844E-4	0.01856
0.062	0.01349	0.01887	4.023E-4	0.01861
0.061	0.01355	0.01892	4.209E-4	0.01866
0.06	0.0136	0.01898	4.389E-4	0.01871
0.059	0.01366	0.01902	4.558E-4	0.01875
0.058	0.01371	0.01908	4.728E-4	0.0188
0.057	0.01377	0.01913	4.892E-4	0.01885
0.056	0.01382	0.01919	5.071E-4	0.0189
0.055	0.01388	0.01924	5.245E-4	0.01895
0.054	0.01394	0.0193	5.404E-4	0.01899
0.053	0.014	0.01935	5.581E-4	0.01904
0.052	0.01405	0.0194	5.744E-4	0.01909
0.051	0.01411	0.01945	5.935E-4	0.01914
0.05	0.01416	0.01951	6.093E-4	0.01919
0.049	0.01422	0.01956	6.276E-4	0.01924
0.048	0.01427	0.01962	6.444E-4	0.01928
0.047	0.01433	0.01967	6.633E-4	0.01933
0.046	0.01438	0.01972	6.81E-4	0.01938
0.045	0.01444	0.01977	6.98E-4	0.01943
0.044	0.0145	0.01983	7.157E-4	0.01947
0.043	0.01455	0.01988	7.331E-4	0.01952
0.042	0.01461	0.01994	7.494E-4	0.01957
0.041	0.01467	0.01999	7.671E-4	0.01962
0.04	0.01472	0.02004	7.834E-4	0.01966
0.039	0.01478	0.02009	8.019E-4	0.01971
0.038	0.01483	0.02015	8.179E-4	0.01976
0.037	0.01489	0.02019	8.375E-4	0.0198
0.036	0.01495	0.02025	8.552E-4	0.01985
0.035	0.015	0.0203	8.716E-4	0.0199
0.034	0.01506	0.02036	8.885E-4	0.01995
0.033	0.01512	0.02041	9.059E-4	0.02
0.032	0.01517	0.02046	9.211E-4	0.02005
0.031	0.01523	0.02051	9.406E-4	0.02009
0.03	0.01529	0.02057	9.564E-4	0.02014
0.029	0.01535	0.02062	9.734E-4	0.02018
0.028	0.0154	0.02067	9.91E-4	0.02023
0.027	0.01546	0.02072	0.00101	0.02028
0.026	0.01551	0.02078	0.00103	0.02033
0.025	0.01557	0.02083	0.00104	0.02037
0.024	0.01563	0.02088	0.00106	0.02042
0.023	0.01569	0.02093	0.00108	0.02047
0.022	0.01574	0.02099	0.00109	0.02052
0.021	0.0158	0.02103	0.00111	0.02056
0.02	0.01585	0.02109	0.00113	0.02061
0.019	0.01591	0.02114	0.00115	0.02065
0.018	0.01597	0.0212	0.00116	0.0207
0.017	0.01603	0.02124	0.00118	0.02075
0.016	0.01608	0.0213	0.0012	0.02079
0.015	0.01614	0.02135	0.00122	0.02084
0.014	0.0162	0.0214	0.00123	0.02088
0.013	0.01626	0.02145	0.00125	0.02093
0.012	0.01631	0.0215	0.00126	0.02098
0.011	0.01637	0.02155	0.00128	0.02102
0.01	0.01643	0.02161	0.0013	0.02107
0.009	0.01649	0.02166	0.00132	0.02112
0.008	0.01654	0.02171	0.00133	0.02116
0.007	0.0166	0.02176	0.00135	0.02121
0.006	0.01665	0.02182	0.00137	0.02125
0.005	0.01671	0.02186	0.00138	0.0213
0.004	0.01677	0.02192	0.0014	0.02135
0.003	0.01683	0.02196	0.00142	0.02139
0.002	0.01688	0.02202	0.00143	0.02144
0.001	0.01694	0.02206	0.00145	0.02148
0	0.017	0.02213	0.00147	0.02153
-0.001	0.01706	0.02218	0.00149	0.02158
-0.002	0.01711	0.02223	0.0015	0.02163
-0.003	0.01717	0.02228	0.00152	0.02167
-0.004	0.01723	0.02233	0.00154	0.02172
-0.005	0.01729	0.02238	0.00156	0.02176
-0.006	0.01734	0.02244	0.00157	0.02181
-0.007	0.0174	0.02248	0.00159	0.02185
-0.008	0.01746	0.02254	0.00161	0.0219
-0.009	0.01752	0.02258	0.00162	0.02194
-0.01	0.01757	0.02264	0.00164	0.02199
-0.011	0.01763	0.02268	0.00166	0.02203
-0.012	0.01769	0.02274	0.00167	0.02207
-0.013	0.01774	0.02278	0.00169	0.02212
-0.014	0.0178	0.02284	0.00171	0.02216
-0.015	0.01786	0.02288	0.00173	0.02221
-0.016	0.01791	0.02294	0.00174	0.02225
-0.017	0.01797	0.02299	0.00176	0.0223
-0.018	0.01802	0.02304	0.00178	0.02234
-0.019	0.01808	0.02309	0.00179	0.02239
-0.02	0.01813	0.02315	0.00181	0.02243
-0.021	0.01819	0.02319	0.00183	0.02248
-0.022	0.01825	0.02324	0.00184	0.02252
-0.023	0.01831	0.02329	0.00186	0.02256
-0.024	0.01836	0.02334	0.00188	0.02261
-0.025	0.01842	0.02339	0.0019	0.02265
-0.026	0.01847	0.02345	0.00191	0.0227
-0.027	0.01853	0.02349	0.00193	0.02274
-0.028	0.01859	0.02355	0.00195	0.02278
-0.029	0.01865	0.02359	0.00197	0.02283
-0.03	0.0187	0.02364	0.00198	0.02287
-0.031	0.01876	0.02369	0.002	0.02291
-0.032	0.01882	0.02375	0.00201	0.02296
-0.033	0.01888	0.02379	0.00203	0.023
-0.034	0.01893	0.02384	0.00205	0.02305
-0.035	0.01899	0.02389	0.00206	0.02309
-0.036	0.01904	0.02394	0.00208	0.02313
-0.037	0.0191	0.02399	0.0021	0.02317
-0.038	0.01916	0.02404	0.00211	0.02322
-0.039	0.01922	0.02409	0.00213	0.02326
-0.04	0.01927	0.02414	0.00215	0.02331
-0.041	0.01933	0.02419	0.00217	0.02335
-0.042	0.01938	0.02424	0.00218	0.02339
-0.043	0.01944	0.02429	0.0022	0.02344
-0.044	0.0195	0.02434	0.00222	0.02348
-0.045	0.01956	0.02439	0.00223	0.02352
-0.046	0.01961	0.02444	0.00225	0.02357
-0.047	0.01967	0.02448	0.00227	0.02361
-0.048	0.01972	0.02454	0.00228	0.02365
-0.049	0.01978	0.02458	0.0023	0.02369
-0.05	0.01983	0.02463	0.00231	0.02374
-0.051	0.0199	0.02468	0.00233	0.02378
-0.052	0.01995	0.02474	0.00235	0.02383
-0.053	0.02001	0.02478	0.00236	0.02387
-0.054	0.02007	0.02483	0.00238	0.02392
-0.055	0.02013	0.02487	0.0024	0.02396
-0.056	0.02018	0.02493	0.00241	0.024
-0.057	0.02024	0.02497	0.00243	0.02405
-0.058	0.02029	0.02503	0.00244	0.02409
-0.059	0.02035	0.02507	0.00246	0.02413
-0.06	0.02041	0.02512	0.00248	0.02418
-0.061	0.02046	0.02516	0.0025	0.02422
-0.062	0.02052	0.02522	0.00251	0.02426
-0.063	0.02058	0.02526	0.00253	0.0243
-0.064	0.02063	0.02531	0.00254	0.02434
-0.065	0.02069	0.02536	0.00256	0.02438
-0.066	0.02074	0.02541	0.00258	0.02443
-0.067	0.0208	0.02545	0.00259	0.02447
-0.068	0.02086	0.02551	0.00261	0.02451
-0.069	0.02091	0.02555	0.00263	0.02455
-0.07	0.02097	0.0256	0.00264	0.02459
-0.071	0.02103	0.02564	0.00266	0.02463
-0.072	0.02108	0.0257	0.00268	0.02467
-0.073	0.02114	0.02574	0.00269	0.02472
-0.074	0.0212	0.02579	0.00271	0.02476
-0.075	0.02125	0.02583	0.00273	0.0248
-0.076	0.02131	0.02588	0.00274	0.02484
-0.077	0.02137	0.02592	0.00276	0.02488
-0.078	0.02142	0.02597	0.00278	0.02492
-0.079	0.02147	0.02601	0.00279	0.02496
-0.08	0.02153	0.02607	0.00281	0.025
-0.081	0.02159	0.02611	0.00283	0.02504
-0.082	0.02164	0.02616	0.00284	0.02508
-0.083	0.0217	0.0262	0.00286	0.02512
-0.084	0.02175	0.02625	0.00287	0.02517
-0.085	0.02181	0.02629	0.00289	0.0252
-0.086	0.02187	0.02634	0.00291	0.02525
-0.087	0.02192	0.02638	0.00292	0.02528
-0.088	0.02198	0.02644	0.00294	0.02533
-0.089	0.02203	0.02648	0.00296	0.02536
-0.09	0.02208	0.02653	0.00297	0.02541
-0.091	0.02214	0.02657	0.00299	0.02544
-0.092	0.0222	0.02662	0.00301	0.02549
-0.093	0.02225	0.02666	0.00302	0.02552
-0.094	0.02231	0.02671	0.00304	0.02557
-0.095	0.02236	0.02675	0.00306	0.0256
-0.096	0.02242	0.02681	0.00307	0.02564
-0.097	0.02248	0.02685	0.00309	0.02568
-0.098	0.02253	0.0269	0.0031	0.02572
-0.099	0.02259	0.02694	0.00312	0.02576
-0.1	0.02264	0.02699	0.00314	0.0258
-0.101	0.0227	0.02703	0.00315	0.02583
-0.102	0.02275	0.02708	0.00317	0.02588
-0.103	0.02281	0.02712	0.00319	0.02592
-0.104	0.02286	0.02717	0.0032	0.02595
-0.105	0.02292	0.02721	0.00322	0.02599
-0.106	0.02297	0.02726	0.00324	0.02603
-0.107	0.02303	0.0273	0.00325	0.02607
-0.108	0.02308	0.02735	0.00327	0.02611
-0.109	0.02314	0.02739	0.00328	0.02615
-0.11	0.02319	0.02744	0.0033	0.02619
-0.111	0.02325	0.02748	0.00332	0.02622
-0.112	0.0233	0.02753	0.00333	0.02626
-0.113	0.02336	0.02757	0.00335	0.0263
-0.114	0.02341	0.02762	0.00336	0.02634
-0.115	0.02347	0.02766	0.00338	0.02637
-0.116	0.02353	0.02771	0.0034	0.02641
-0.117	0.02358	0.02775	0.00342	0.02645
-0.118	0.02363	0.02779	0.00343	0.02649
-0.119	0.02369	0.02783	0.00345	0.02653
-0.12	0.02374	0.02788	0.00347	0.02657
-0.121	0.0238	0.02792	0.00348	0.0266
-0.122	0.02385	0.02797	0.0035	0.02664
-0.123	0.02391	0.02801	0.00351	0.02668
-0.124	0.02396	0.02806	0.00353	0.02672
-0.125	0.02402	0.02809	0.00355	0.02675
-0.126	0.02408	0.02814	0.00356	0.0268
-0.127	0.02413	0.02818	0.00358	0.02683
-0.128	0.02418	0.02823	0.00359	0.02687
-0.129	0.02424	0.02827	0.00361	0.02691
-0.13	0.0243	0.02831	0.00362	0.02695
-0.131	0.02435	0.02835	0.00364	0.02698
-0.132	0.0244	0.0284	0.00366	0.02702
-0.133	0.02446	0.02844	0.00367	0.02705
-0.134	0.02451	0.02849	0.00369	0.02709
-0.135	0.02457	0.02853	0.00371	0.02713
-0.136	0.02462	0.02857	0.00372	0.02716
-0.137	0.02468	0.02861	0.00374	0.0272
-0.138	0.02473	0.02866	0.00375	0.02724
-0.139	0.02479	0.02869	0.00377	0.02727
-0.14	0.02484	0.02874	0.00378	0.02731
-0.141	0.02489	0.02878	0.0038	0.02734
-0.142	0.02495	0.02882	0.00382	0.02738
-0.143	0.025	0.02886	0.00383	0.02741
-0.144	0.02506	0.02891	0.00385	0.02745
-0.145	0.02511	0.02895	0.00387	0.02749
-0.146	0.02516	0.02899	0.00388	0.02752
-0.147	0.02522	0.02903	0.0039	0.02756
-0.148	0.02527	0.02908	0.00391	0.02759
-0.149	0.02533	0.02912	0.00393	0.02763
-0.15	0.02538	0.02916	0.00394	0.02767
-0.151	0.02544	0.0292	0.00396	0.0277
-0.152	0.02549	0.02925	0.00398	0.02773
-0.153	0.02554	0.02928	0.00399	0.02777
-0.154	0.02559	0.02933	0.00401	0.0278
-0.155	0.02565	0.02937	0.00403	0.02784
-0.156	0.0257	0.02941	0.00404	0.02787
-0.157	0.02576	0.02945	0.00406	0.0279
-0.158	0.02581	0.02949	0.00407	0.02794
-0.159	0.02586	0.02953	0.00409	0.02797
-0.16	0.02591	0.02958	0.0041	0.02801
-0.161	0.02597	0.02961	0.00412	0.02804
-0.162	0.02602	0.02966	0.00414	0.02808
-0.163	0.02608	0.02969	0.00415	0.02811
-0.164	0.02612	0.02974	0.00417	0.02815
-0.165	0.02618	0.02977	0.00419	0.02818
-0.166	0.02623	0.02982	0.0042	0.02822
-0.167	0.02629	0.02985	0.00422	0.02825
-0.168	0.02634	0.0299	0.00423	0.02828
-0.169	0.02639	0.02993	0.00425	0.02832
-0.17	0.02644	0.02998	0.00427	0.02835
-0.171	0.0265	0.03001	0.00428	0.02838
-0.172	0.02655	0.03005	0.0043	0.02842
-0.173	0.0266	0.03009	0.00432	0.02845
-0.174	0.02665	0.03013	0.00433	0.02849
-0.175	0.02671	0.03017	0.00435	0.02852
-0.176	0.02676	0.03021	0.00436	0.02855
-0.177	0.02682	0.03025	0.00438	0.02858
-0.178	0.02687	0.03029	0.00439	0.02861
-0.179	0.02692	0.03033	0.00441	0.02865
-0.18	0.02697	0.03037	0.00442	0.02868
-0.181	0.02703	0.03041	0.00444	0.02872
-0.182	0.02708	0.03045	0.00445	0.02875
-0.183	0.02713	0.03049	0.00447	0.02878
-0.184	0.02718	0.03053	0.00448	0.02881
-0.185	0.02724	0.03056	0.0045	0.02885
-0.186	0.02729	0.03061	0.00452	0.02888
-0.187	0.02734	0.03064	0.00453	0.02891
-0.188	0.02739	0.03069	0.00455	0.02895
-0.189	0.02745	0.03072	0.00457	0.02898
-0.19	0.0275	0.03076	0.00458	0.02901
-0.191	0.02755	0.0308	0.0046	0.02904
-0.192	0.0276	0.03084	0.00461	0.02908
-0.193	0.02766	0.03088	0.00463	0.02911
-0.194	0.02771	0.03092	0.00465	0.02914
-0.195	0.02776	0.03095	0.00466	0.02917
-0.196	0.02781	0.03099	0.00468	0.02921
-0.197	0.02786	0.03103	0.00469	0.02924
-0.198	0.02791	0.03107	0.00471	0.02927
-0.199	0.02797	0.03111	0.00472	0.0293
-0.2	0.02801	0.03115	0.00474	0.02934
-0.201	0.02807	0.03118	0.00476	0.02937
-0.202	0.02812	0.03122	0.00477	0.0294
-0.203	0.02817	0.03126	0.00478	0.02943
-0.204	0.02822	0.0313	0.0048	0.02946
-0.205	0.02828	0.03133	0.00482	0.02949
-0.206	0.02833	0.03138	0.00483	0.02953
-0.207	0.02838	0.03141	0.00485	0.02956
-0.208	0.02843	0.03145	0.00486	0.02959
-0.209	0.02849	0.03148	0.00488	0.02962
-0.21	0.02853	0.03153	0.00489	0.02966
-0.211	0.02859	0.03156	0.00491	0.02969
-0.212	0.02863	0.0316	0.00493	0.02972
-0.213	0.02869	0.03163	0.00494	0.02975
-0.214	0.02874	0.03167	0.00496	0.02978
-0.215	0.02879	0.03171	0.00497	0.02981
-0.216	0.02884	0.03175	0.00499	0.02984
-0.217	0.0289	0.03178	0.005	0.02987
-0.218	0.02895	0.03182	0.00502	0.0299
-0.219	0.029	0.03186	0.00503	0.02993
-0.22	0.02905	0.0319	0.00505	0.02996
-0.221	0.0291	0.03193	0.00507	0.02999
-0.222	0.02915	0.03197	0.00508	0.03002
-0.223	0.0292	0.032	0.0051	0.03005
-0.224	0.02925	0.03205	0.00511	0.03009
-0.225	0.02931	0.03208	0.00513	0.03012
-0.226	0.02935	0.03212	0.00514	0.03015
-0.227	0.02941	0.03215	0.00516	0.03017
-0.228	0.02945	0.03219	0.00517	0.03021
-0.229	0.02951	0.03222	0.00519	0.03023
-0.23	0.02955	0.03227	0.0052	0.03027
-0.231	0.02961	0.0323	0.00522	0.03029
-0.232	0.02966	0.03234	0.00523	0.03033
-0.233	0.02971	0.03237	0.00525	0.03036
-0.234	0.02976	0.03241	0.00526	0.03039
-0.235	0.02981	0.03244	0.00528	0.03042
-0.236	0.02986	0.03248	0.00529	0.03045
-0.237	0.02991	0.03252	0.00531	0.03048
-0.238	0.02996	0.03256	0.00533	0.03051
-0.239	0.03001	0.03259	0.00534	0.03054
-0.24	0.03006	0.03263	0.00536	0.03057
-0.241	0.03011	0.03266	0.00537	0.0306
-0.242	0.03016	0.0327	0.00539	0.03063
-0.243	0.03021	0.03273	0.00541	0.03066
-0.244	0.03026	0.03277	0.00542	0.0307
-0.245	0.03031	0.0328	0.00544	0.03073
-0.246	0.03036	0.03284	0.00545	0.03076
-0.247	0.03042	0.03287	0.00547	0.03079
-0.248	0.03046	0.03291	0.00548	0.03081
-0.249	0.03051	0.03294	0.0055	0.03084
-0.25	0.03056	0.03298	0.00551	0.03088
-0.251	0.03062	0.03301	0.00553	0.0309
-0.252	0.03066	0.03305	0.00554	0.03093
-0.253	0.03072	0.03309	0.00556	0.03096
-0.254	0.03076	0.03312	0.00557	0.03099
-0.255	0.03082	0.03316	0.00559	0.03102
-0.256	0.03086	0.0332	0.0056	0.03105
-0.257	0.03092	0.03323	0.00562	0.03108
-0.258	0.03096	0.03327	0.00563	0.03111
-0.259	0.03102	0.0333	0.00565	0.03114
-0.26	0.03107	0.03334	0.00566	0.03117
-0.261	0.03112	0.03337	0.00568	0.0312
-0.262	0.03117	0.03341	0.00569	0.03123
-0.263	0.03122	0.03344	0.00571	0.03125
-0.264	0.03127	0.03348	0.00572	0.03129
-0.265	0.03132	0.03351	0.00574	0.03131
-0.266	0.03137	0.03355	0.00575	0.03134
-0.267	0.03142	0.03358	0.00577	0.03137
-0.268	0.03146	0.03362	0.00578	0.0314
-0.269	0.03152	0.03365	0.0058	0.03143
-0.27	0.03157	0.03368	0.00581	0.03146
-0.271	0.03162	0.03372	0.00583	0.03148
-0.272	0.03166	0.03375	0.00584	0.03152
-0.273	0.03172	0.03378	0.00586	0.03155
-0.274	0.03176	0.03382	0.00587	0.03158
-0.275	0.03182	0.03385	0.00589	0.0316
-0.276	0.03186	0.03389	0.0059	0.03163
-0.277	0.03192	0.03392	0.00592	0.03166
-0.278	0.03196	0.03396	0.00593	0.03169
-0.279	0.03202	0.03399	0.00595	0.03171
-0.28	0.03206	0.03403	0.00596	0.03174
-0.281	0.03212	0.03406	0.00598	0.03177
-0.282	0.03216	0.0341	0.00599	0.0318
-0.283	0.03221	0.03413	0.00601	0.03183
-0.284	0.03226	0.03416	0.00602	0.03187
-0.285	0.03231	0.03419	0.00604	0.03189
-0.286	0.03236	0.03423	0.00605	0.03192
-0.287	0.03241	0.03426	0.00607	0.03195
-0.288	0.03246	0.0343	0.00608	0.03198
-0.289	0.03251	0.03433	0.0061	0.03201
-0.29	0.03256	0.03437	0.00611	0.03204
-0.291	0.03261	0.0344	0.00613	0.03206
-0.292	0.03265	0.03444	0.00614	0.03209
-0.293	0.03271	0.03446	0.00616	0.03212
-0.294	0.03275	0.0345	0.00617	0.03215
-0.295	0.0328	0.03453	0.00619	0.03218
-0.296	0.03285	0.03457	0.0062	0.03221
-0.297	0.0329	0.0346	0.00622	0.03223
-0.298	0.03294	0.03464	0.00624	0.03226
-0.299	0.033	0.03467	0.00625	0.03229
-0.3	0.03304	0.03471	0.00626	0.03232
-0.301	0.0331	0.03474	0.00628	0.03235
-0.302	0.03314	0.03478	0.00629	0.03238
-0.303	0.03319	0.03481	0.00631	0.03241
-0.304	0.03324	0.03484	0.00632	0.03243
-0.305	0.03329	0.03488	0.00634	0.03246
-0.306	0.03334	0.03491	0.00635	0.03249
-0.307	0.03339	0.03494	0.00637	0.03252
-0.308	0.03344	0.03498	0.00638	0.03255
-0.309	0.03349	0.03501	0.0064	0.03258
-0.31	0.03353	0.03505	0.00641	0.03261
-0.311	0.03359	0.03508	0.00643	0.03263
-0.312	0.03363	0.03511	0.00644	0.03266
-0.313	0.03368	0.03514	0.00646	0.03269
-0.314	0.03373	0.03518	0.00647	0.03272
-0.315	0.03378	0.03521	0.00649	0.03275
-0.316	0.03382	0.03525	0.0065	0.03278
-0.317	0.03387	0.03528	0.00651	0.0328
-0.318	0.03392	0.03532	0.00653	0.03283
-0.319	0.03397	0.03535	0.00655	0.03286
-0.32	0.03401	0.03538	0.00656	0.03289
-0.321	0.03407	0.03542	0.00658	0.03291
-0.322	0.03411	0.03545	0.00659	0.03294
-0.323	0.03416	0.03548	0.00661	0.03297
-0.324	0.0342	0.03552	0.00662	0.033
-0.325	0.03426	0.03555	0.00664	0.03303
-0.326	0.0343	0.03559	0.00665	0.03306
-0.327	0.03436	0.03562	0.00667	0.03309
-0.328	0.0344	0.03565	0.00668	0.03312
-0.329	0.03445	0.03568	0.0067	0.03314
-0.33	0.03449	0.03572	0.00671	0.03317
-0.331	0.03455	0.03575	0.00672	0.0332
-0.332	0.03459	0.03579	0.00674	0.03323
-0.333	0.03464	0.03581	0.00675	0.03325
-0.334	0.03469	0.03585	0.00677	0.03328
-0.335	0.03474	0.03588	0.00678	0.03331
-0.336	0.03478	0.03592	0.0068	0.03334
-0.337	0.03484	0.03595	0.00681	0.03337
-0.338	0.03488	0.03598	0.00683	0.03339
-0.339	0.03493	0.03602	0.00684	0.03342
-0.34	0.03498	0.03605	0.00686	0.03345
-0.341	0.03503	0.03608	0.00687	0.03348
-0.342	0.03507	0.03612	0.00689	0.03351
-0.343	0.03512	0.03615	0.0069	0.03354
-0.344	0.03517	0.03619	0.00692	0.03356
-0.345	0.03522	0.03622	0.00693	0.03359
-0.346	0.03526	0.03625	0.00695	0.03362
-0.347	0.03531	0.03628	0.00696	0.03365
-0.348	0.03536	0.03632	0.00697	0.03368
-0.349	0.03541	0.03635	0.00699	0.0337
-0.35	0.03545	0.03638	0.007	0.03373
-0.351	0.0355	0.03641	0.00702	0.03376
-0.352	0.03555	0.03645	0.00703	0.03379
-0.353	0.0356	0.03648	0.00705	0.03381
-0.354	0.03565	0.03652	0.00706	0.03384
-0.355	0.0357	0.03655	0.00708	0.03387
-0.356	0.03575	0.03658	0.00709	0.0339
-0.357	0.03579	0.03661	0.00711	0.03392
-0.358	0.03584	0.03665	0.00712	0.03395
-0.359	0.03589	0.03668	0.00714	0.03398
-0.36	0.03593	0.03672	0.00715	0.03401
-0.361	0.03598	0.03675	0.00717	0.03404
-0.362	0.03603	0.03678	0.00718	0.03407
-0.363	0.03608	0.03681	0.0072	0.03409
-0.364	0.03612	0.03685	0.00721	0.03412
-0.365	0.03617	0.03688	0.00723	0.03415
-0.366	0.03622	0.03692	0.00724	0.03418
-0.367	0.03627	0.03695	0.00726	0.0342
-0.368	0.03631	0.03698	0.00727	0.03423
-0.369	0.03636	0.03701	0.00729	0.03426
-0.37	0.03641	0.03705	0.0073	0.03429
-0.371	0.03646	0.03708	0.00732	0.03432
-0.372	0.0365	0.03712	0.00733	0.03435
-0.373	0.03655	0.03714	0.00735	0.03437
-0.374	0.0366	0.03718	0.00736	0.0344
-0.375	0.03665	0.03721	0.00738	0.03443
-0.376	0.03669	0.03724	0.00739	0.03446
-0.377	0.03674	0.03727	0.00741	0.03448
-0.378	0.03678	0.03731	0.00742	0.03452
-0.379	0.03683	0.03734	0.00743	0.03454
-0.38	0.03688	0.03738	0.00745	0.03457
-0.381	0.03693	0.03741	0.00746	0.0346
-0.382	0.03697	0.03744	0.00748	0.03463
-0.383	0.03702	0.03747	0.00749	0.03466
-0.384	0.03707	0.03751	0.00751	0.03469
-0.385	0.03712	0.03754	0.00752	0.03471
-0.386	0.03716	0.03757	0.00754	0.03474
-0.387	0.03721	0.0376	0.00755	0.03477
-0.388	0.03725	0.03764	0.00757	0.0348
-0.389	0.0373	0.03767	0.00758	0.03482
-0.39	0.03735	0.0377	0.0076	0.03486
-0.391	0.0374	0.03773	0.00761	0.03488
-0.392	0.03744	0.03777	0.00763	0.03492
-0.393	0.03749	0.0378	0.00764	0.03494
-0.394	0.03754	0.03783	0.00766	0.03497
-0.395	0.03759	0.03786	0.00767	0.03499
-0.396	0.03763	0.0379	0.00769	0.03503
-0.397	0.03768	0.03793	0.0077	0.03505
-0.398	0.03772	0.03797	0.00772	0.03508
-0.399	0.03777	0.038	0.00773	0.03511
-0.4	0.03781	0.03803	0.00775	0.03514
-0.401	0.03786	0.03806	0.00776	0.03516
-0.402	0.0379	0.0381	0.00777	0.0352
-0.403	0.03795	0.03813	0.00779	0.03522
-0.404	0.038	0.03817	0.0078	0.03526
-0.405	0.03805	0.03819	0.00782	0.03528
-0.406	0.03809	0.03823	0.00783	0.03531
-0.407	0.03814	0.03826	0.00785	0.03534
-0.408	0.03818	0.0383	0.00786	0.03537
-0.409	0.03823	0.03833	0.00788	0.0354
-0.41	0.03828	0.03837	0.00789	0.03543
-0.411	0.03833	0.0384	0.00791	0.03546
-0.412	0.03837	0.03843	0.00792	0.03549
-0.413	0.03842	0.03846	0.00794	0.03552
-0.414	0.03846	0.0385	0.00795	0.03555
-0.415	0.03851	0.03853	0.00797	0.03558
-0.416	0.03856	0.03856	0.00798	0.03561
-0.417	0.03861	0.03859	0.008	0.03563
-0.418	0.03865	0.03863	0.00801	0.03567
-0.419	0.0387	0.03866	0.00803	0.03569
-0.42	0.03874	0.03869	0.00804	0.03572
-0.421	0.03879	0.03872	0.00806	0.03575
-0.422	0.03884	0.03876	0.00807	0.03578
-0.423	0.03888	0.03879	0.00809	0.03581
-0.424	0.03893	0.03883	0.0081	0.03584
-0.425	0.03898	0.03886	0.00812	0.03586
-0.426	0.03902	0.03889	0.00813	0.0359
-0.427	0.03907	0.03892	0.00814	0.03592
-0.428	0.03911	0.03896	0.00816	0.03595
-0.429	0.03916	0.03899	0.00817	0.03598
-0.43	0.0392	0.03903	0.00819	0.03601
-0.431	0.03925	0.03905	0.0082	0.03604
-0.432	0.0393	0.03909	0.00822	0.03607
-0.433	0.03935	0.03912	0.00823	0.0361
-0.434	0.03939	0.03915	0.00825	0.03613
-0.435	0.03944	0.03919	0.00826	0.03616
-0.436	0.03948	0.03922	0.00828	0.03619
-0.437	0.03953	0.03925	0.00829	0.03622
-0.438	0.03957	0.03929	0.00831	0.03625
-0.439	0.03962	0.03932	0.00832	0.03627
-0.44	0.03966	0.03935	0.00834	0.03631
-0.441	0.03971	0.03938	0.00835	0.03633
-0.442	0.03976	0.03942	0.00837	0.03637
-0.443	0.03981	0.03945	0.00838	0.03639
-0.444	0.03985	0.03949	0.00839	0.03642
-0.445	0.0399	0.03952	0.00841	0.03645
-0.446	0.03994	0.03955	0.00843	0.03648
-0.447	0.03999	0.03958	0.00844	0.03651
-0.448	0.04003	0.03962	0.00846	0.03655
-0.449	0.04008	0.03965	0.00847	0.03657
-0.45	0.04012	0.03968	0.00848	0.0366
-0.451	0.04017	0.03971	0.0085	0.03663
-0.452	0.04022	0.03975	0.00851	0.03666
-0.453	0.04027	0.03978	0.00853	0.03669
-0.454	0.04031	0.03982	0.00855	0.03672
-0.455	0.04036	0.03985	0.00856	0.03675
-0.456	0.0404	0.03988	0.00857	0.03678
-0.457	0.04045	0.03991	0.00859	0.03681
-0.458	0.04049	0.03995	0.0086	0.03684
-0.459	0.04054	0.03998	0.00862	0.03687
-0.46	0.04058	0.04002	0.00863	0.0369
-0.461	0.04063	0.04005	0.00865	0.03693
-0.462	0.04067	0.04009	0.00866	0.03696
-0.463	0.04072	0.04012	0.00868	0.03699
-0.464	0.04076	0.04015	0.00869	0.03702
-0.465	0.04081	0.04018	0.00871	0.03705
-0.466	0.04085	0.04022	0.00872	0.03708
-0.467	0.0409	0.04025	0.00874	0.03711
-0.468	0.04095	0.04029	0.00875	0.03714
-0.469	0.04099	0.04032	0.00877	0.03717
-0.47	0.04104	0.04035	0.00878	0.0372
-0.471	0.04108	0.04039	0.0088	0.03722
-0.472	0.04113	0.04042	0.00881	0.03726
-0.473	0.04118	0.04045	0.00883	0.03729
-0.474	0.04122	0.04049	0.00884	0.03732
-0.475	0.04127	0.04052	0.00886	0.03735
-0.476	0.04131	0.04056	0.00887	0.03738
-0.477	0.04135	0.04059	0.00888	0.03741
-0.478	0.0414	0.04062	0.0089	0.03744
-0.479	0.04144	0.04065	0.00891	0.03747
-0.48	0.04149	0.04069	0.00893	0.0375
-0.481	0.04153	0.04072	0.00894	0.03753
-0.482	0.04157	0.04076	0.00896	0.03756
-0.483	0.04162	0.04079	0.00897	0.03759
-0.484	0.04167	0.04082	0.00898	0.03762
-0.485	0.04171	0.04085	0.009	0.03765
-0.486	0.04175	0.04089	0.00901	0.03768
-0.487	0.0418	0.04092	0.00903	0.03771
-0.488	0.04184	0.04096	0.00904	0.03774
-0.489	0.04189	0.04099	0.00906	0.03777
-0.49	0.04193	0.04102	0.00907	0.0378
-0.491	0.04198	0.04105	0.00909	0.03783
-0.492	0.04202	0.04109	0.0091	0.03786
-0.493	0.04207	0.04112	0.00912	0.03789
-0.494	0.04211	0.04116	0.00913	0.03793
-0.495	0.04216	0.04119	0.00915	0.03795
-0.496	0.0422	0.04123	0.00916	0.03799
-0.497	0.04225	0.04126	0.00917	0.03801
-0.498	0.04229	0.04129	0.00919	0.03805
-0.499	0.04234	0.04132	0.0092	0.03808
-0.5	0.04238	0.04136	0.00922	0.03811
-0.501	0.04243	0.04139	0.00923	0.03814
-0.502	0.04247	0.04143	0.00925	0.03817
-0.503	0.04252	0.04146	0.00926	0.0382
-0.504	0.04256	0.04149	0.00928	0.03824
-0.505	0.04261	0.04152	0.00929	0.03826
-0.506	0.04265	0.04156	0.00931	0.0383
-0.507	0.0427	0.04159	0.00932	0.03833
-0.508	0.04274	0.04163	0.00933	0.03837
-0.509	0.04278	0.04165	0.00935	0.0384
-0.51	0.04282	0.04169	0.00936	0.03843
-0.511	0.04287	0.04172	0.00938	0.03846
-0.512	0.04292	0.04176	0.00939	0.03849
-0.513	0.04296	0.04179	0.00941	0.03852
-0.514	0.043	0.04183	0.00942	0.03856
-0.515	0.04305	0.04186	0.00944	0.03859
-0.516	0.0431	0.04189	0.00945	0.03862
-0.517	0.04314	0.04192	0.00947	0.03865
-0.518	0.04318	0.04196	0.00948	0.03869
-0.519	0.04323	0.04199	0.0095	0.03872
-0.52	0.04327	0.04203	0.00951	0.03875
-0.521	0.04332	0.04206	0.00953	0.03878
-0.522	0.04336	0.0421	0.00954	0.03882
-0.523	0.04341	0.04213	0.00956	0.03885
-0.524	0.04345	0.04217	0.00957	0.03888
-0.525	0.04349	0.0422	0.00958	0.03891
-0.526	0.04353	0.04224	0.0096	0.03895
-0.527	0.04357	0.04227	0.00961	0.03898
-0.528	0.0436	0.0423	0.00963	0.03901
-0.529	0.04365	0.04233	0.00964	0.03904
-0.53	0.04369	0.04237	0.00965	0.03908
-0.531	0.04374	0.0424	0.00967	0.03911
-0.532	0.04378	0.04244	0.00969	0.03915
-0.533	0.04383	0.04247	0.0097	0.03918
-0.534	0.04387	0.0425	0.00971	0.03921
-0.535	0.04392	0.04253	0.00973	0.03925
-0.536	0.04396	0.04257	0.00974	0.03928
-0.537	0.044	0.0426	0.00976	0.03931
-0.538	0.04404	0.04264	0.00977	0.03935
-0.539	0.04409	0.04267	0.00979	0.03937
-0.54	0.04412	0.04271	0.0098	0.03941
-0.541	0.04417	0.04274	0.00981	0.03944
-0.542	0.04421	0.04277	0.00983	0.03948
-0.543	0.04426	0.04281	0.00984	0.03952
-0.544	0.0443	0.04284	0.00986	0.03956
-0.545	0.04435	0.04288	0.00987	0.03959
-0.546	0.04439	0.04291	0.00989	0.03962
-0.547	0.04443	0.04294	0.0099	0.03966
-0.548	0.04448	0.04298	0.00991	0.03969
-0.549	0.04452	0.04301	0.00993	0.03972
-0.55	0.04456	0.04305	0.00994	0.03976
-0.551	0.04461	0.04308	0.00996	0.03979
-0.552	0.04465	0.04311	0.00997	0.03983
-0.553	0.0447	0.04315	0.00999	0.03986
-0.554	0.04474	0.04318	0.01	0.03989
-0.555	0.04478	0.04321	0.01002	0.03992
-0.556	0.04483	0.04325	0.01003	0.03996
-0.557	0.04487	0.04328	0.01004	0.03999
-0.558	0.04492	0.04332	0.01006	0.04003
-0.559	0.04496	0.04335	0.01007	0.04006
-0.56	0.045	0.04339	0.01008	0.0401
-0.561	0.04505	0.04342	0.0101	0.04013
-0.562	0.04509	0.04346	0.01011	0.04016
-0.563	0.04513	0.04349	0.01013	0.04019
-0.564	0.04518	0.04352	0.01014	0.04023
-0.565	0.04522	0.04355	0.01016	0.04026
-0.566	0.04526	0.04358	0.01017	0.0403
-0.567	0.04531	0.04361	0.01019	0.04033
-0.568	0.04535	0.04364	0.0102	0.04036
-0.569	0.0454	0.04368	0.01021	0.04039
-0.57	0.04543	0.04372	0.01023	0.04043
-0.571	0.04548	0.04375	0.01024	0.04046
-0.572	0.04552	0.04379	0.01026	0.0405
-0.573	0.04556	0.04382	0.01027	0.04053
-0.574	0.0456	0.04386	0.01028	0.04057
-0.575	0.04565	0.04389	0.0103	0.04059
-0.576	0.04569	0.04393	0.01031	0.04063
-0.577	0.04573	0.04396	0.01033	0.04066
-0.578	0.04577	0.044	0.01034	0.0407
-0.579	0.04582	0.04403	0.01036	0.04073
-0.58	0.04586	0.04407	0.01037	0.04077
-0.581	0.04591	0.0441	0.01038	0.04079
-0.582	0.04595	0.04414	0.01039	0.04083
-0.583	0.04599	0.04417	0.01041	0.04086
-0.584	0.04603	0.04421	0.01042	0.0409
-0.585	0.04608	0.04424	0.01044	0.04094
-0.586	0.04612	0.04427	0.01045	0.04098
-0.587	0.04617	0.04431	0.01047	0.04101
-0.588	0.0462	0.04435	0.01048	0.04104
-0.589	0.04625	0.04438	0.0105	0.04107
-0.59	0.04629	0.04442	0.01051	0.04111
-0.591	0.04633	0.04445	0.01052	0.04113
-0.592	0.04638	0.04449	0.01054	0.04118
-0.593	0.04642	0.04452	0.01055	0.04121
-0.594	0.04646	0.04456	0.01057	0.04125
-0.595	0.04651	0.0446	0.01058	0.04128
-0.596	0.04654	0.04464	0.01059	0.04131
-0.597	0.04659	0.04467	0.01061	0.04134
-0.598	0.04663	0.04471	0.01062	0.04138
-0.599	0.04668	0.04475	0.01064	0.04141
-0.6	0.04672	0.04479	0.01065	0.04145
-0.601	0.04676	0.04482	0.01067	0.04148
-0.602	0.0468	0.04485	0.01068	0.04152
-0.603	0.04685	0.04489	0.01069	0.04155
-0.604	0.04689	0.04493	0.01071	0.0416
-0.605	0.04693	0.04496	0.01072	0.04164
-0.606	0.04697	0.045	0.01074	0.04168
-0.607	0.04702	0.04503	0.01075	0.04171
-0.608	0.04705	0.04507	0.01077	0.04175
-0.609	0.0471	0.0451	0.01078	0.04178
-0.61	0.04714	0.04514	0.01079	0.04182
-0.611	0.04719	0.04518	0.01081	0.04186
-0.612	0.04723	0.04521	0.01082	0.04189
-0.613	0.04727	0.04524	0.01083	0.04192
-0.614	0.04731	0.04528	0.01085	0.04196
-0.615	0.04736	0.04532	0.01087	0.042
-0.616	0.04739	0.04536	0.01088	0.04204
-0.617	0.04744	0.04539	0.01089	0.04207
-0.618	0.04748	0.04543	0.01091	0.0421
-0.619	0.04753	0.04546	0.01092	0.04213
-0.62	0.04757	0.0455	0.01093	0.04217
-0.621	0.04761	0.04553	0.01095	0.04221
-0.622	0.04765	0.04557	0.01096	0.04225
-0.623	0.0477	0.0456	0.01098	0.04228
-0.624	0.04774	0.04563	0.01099	0.04232
-0.625	0.04778	0.04566	0.01101	0.04235
-0.626	0.04782	0.0457	0.01102	0.04239
-0.627	0.04787	0.04574	0.01104	0.04243
-0.628	0.04791	0.04577	0.01105	0.04247
-0.629	0.04795	0.04581	0.01106	0.0425
-0.63	0.04799	0.04585	0.01108	0.04254
-0.631	0.04804	0.04589	0.01109	0.04257
-0.632	0.04808	0.04592	0.0111	0.04261
-0.633	0.04812	0.04596	0.01112	0.04264
-0.634	0.04816	0.046	0.01113	0.04269
-0.635	0.0482	0.04603	0.01115	0.04271
-0.636	0.04824	0.04607	0.01116	0.04276
-0.637	0.04829	0.0461	0.01117	0.04279
-0.638	0.04833	0.04614	0.01119	0.04284
-0.639	0.04837	0.04618	0.0112	0.04288
-0.64	0.04841	0.04622	0.01121	0.04293
-0.641	0.04845	0.04626	0.01123	0.04299
-0.642	0.04849	0.0463	0.01124	0.04303
-0.643	0.04854	0.04634	0.01126	0.04306
-0.644	0.04858	0.04637	0.01127	0.0431
-0.645	0.04862	0.04641	0.01129	0.04313
-0.646	0.04866	0.04645	0.0113	0.04318
-0.647	0.0487	0.04648	0.01131	0.04321
-0.648	0.04874	0.04652	0.01133	0.04326
-0.649	0.04879	0.04655	0.01134	0.0433
-0.65	0.04882	0.04659	0.01135	0.04334
-0.651	0.04887	0.04664	0.01137	0.04338
-0.652	0.04891	0.04668	0.01138	0.04342
-0.653	0.04895	0.04671	0.0114	0.04345
-0.654	0.04899	0.04676	0.01141	0.04348
-0.655	0.04903	0.04679	0.01143	0.04353
-0.656	0.04907	0.04683	0.01144	0.0436
-0.657	0.04911	0.04688	0.01145	0.04364
-0.658	0.04915	0.04692	0.01146	0.04369
-0.659	0.0492	0.04696	0.01148	0.04372
-0.66	0.04924	0.047	0.01149	0.04377
-0.661	0.04928	0.04703	0.01151	0.04381
-0.662	0.04932	0.04707	0.01152	0.04387
-0.663	0.04936	0.04711	0.01154	0.04392
-0.664	0.0494	0.04715	0.01155	0.04397
-0.665	0.04945	0.04718	0.01156	0.044
-0.666	0.04948	0.04723	0.01158	0.04406
-0.667	0.04953	0.04727	0.01159	0.04409
-0.668	0.04956	0.04731	0.01161	0.04414
-0.669	0.04961	0.04734	0.01162	0.04418
-0.67	0.04964	0.04739	0.01163	0.04423
-0.671	0.04969	0.04742	0.01165	0.04426
-0.672	0.04972	0.04746	0.01166	0.0443
-0.673	0.04977	0.0475	0.01168	0.04433
-0.674	0.04981	0.04754	0.01169	0.04436
-0.675	0.04985	0.04758	0.0117	0.04439
-0.676	0.04989	0.04761	0.01172	0.04444
-0.677	0.04993	0.04765	0.01173	0.04448
-0.678	0.04997	0.0477	0.01174	0.04453
-0.679	0.05001	0.04773	0.01176	0.04456
-0.68	0.05006	0.04777	0.01177	0.0446
-0.681	0.0501	0.04781	0.01179	0.04465
-0.682	0.05013	0.04785	0.0118	0.04469
-0.683	0.05018	0.04789	0.01182	0.04473
-0.684	0.05022	0.04793	0.01183	0.04476
-0.685	0.05026	0.04797	0.01184	0.04479
-0.686	0.0503	0.04801	0.01186	0.04483
-0.687	0.05035	0.04805	0.01187	0.04486
-0.688	0.0504	0.04809	0.01188	0.04491
-0.689	0.05045	0.04813	0.0119	0.04493
-0.69	0.05048	0.04817	0.01191	0.04498
-0.691	0.05053	0.0482	0.01193	0.04501
-0.692	0.05057	0.04825	0.01194	0.04505
-0.693	0.05061	0.04829	0.01195	0.04509
-0.694	0.05065	0.04833	0.01197	0.04512
-0.695	0.0507	0.04837	0.01198	0.04516
-0.696	0.05073	0.0484	0.01199	0.0452
-0.697	0.05078	0.04844	0.01201	0.04524
-0.698	0.05081	0.0485	0.01202	0.04527
-0.699	0.05086	0.04854	0.01204	0.04531
-0.7	0.0509	0.04858	0.01205	0.04539
-0.701	0.05094	0.04862	0.01206	0.04543
-0.702	0.05098	0.04866	0.01208	0.04548
-0.703	0.05102	0.04869	0.01209	0.04552
-0.704	0.05106	0.04874	0.0121	0.04556
-0.705	0.0511	0.04878	0.01211	0.0456
-0.706	0.05114	0.04882	0.01212	0.0457
-0.707	0.05118	0.04885	0.01213	0.04574
-0.708	0.05122	0.04889	0.01214	0.04578
-0.709	0.05126	0.04893	0.01216	0.04583
-0.71	0.0513	0.04898	0.01217	0.04589
-0.711	0.05136	0.04902	0.01218	0.04593
-0.712	0.0514	0.04905	0.0122	0.04597
-0.713	0.05145	0.04909	0.01221	0.04601
-0.714	0.05148	0.04914	0.01222	0.04606
-0.715	0.05153	0.04918	0.01224	0.04609
-0.716	0.05156	0.04924	0.01225	0.04613
-0.717	0.0516	0.04928	0.01227	0.04617
-0.718	0.05164	0.04932	0.01228	0.04622
-0.719	0.05168	0.04936	0.0123	0.04627
-0.72	0.05172	0.0494	0.01231	0.04633
-0.721	0.05176	0.04946	0.01232	0.04636
-0.722	0.0518	0.04952	0.01234	0.04641
-0.723	0.05184	0.04958	0.01235	0.04645
-0.724	0.05188	0.04963	0.01236	0.0465
-0.725	0.05193	0.04968	0.01238	0.04654
-0.726	0.05196	0.04973	0.01239	0.04659
-0.727	0.052	0.04978	0.0124	0.04662
-0.728	0.05204	0.04982	0.01242	0.04666
-0.729	0.05208	0.04986	0.01243	0.04674
-0.73	0.05212	0.0499	0.01245	0.04682
-0.731	0.05216	0.04993	0.01246	0.04687
-0.732	0.0522	0.04998	0.01247	0.04692
-0.733	0.05224	0.05002	0.01249	0.04698
-0.734	0.05228	0.05005	0.0125	0.04704
-0.735	0.05232	0.05009	0.01252	0.04708
-0.736	0.05235	0.05014	0.01253	0.04714
-0.737	0.0524	0.0502	0.01255	0.04719
-0.738	0.05244	0.05025	0.01256	0.04727
-0.739	0.05248	0.05029	0.01257	0.04733
-0.74	0.05252	0.05032	0.01258	0.04738
-0.741	0.05256	0.05037	0.0126	0.04744
-0.742	0.05259	0.05041	0.01261	0.04749
-0.743	0.05264	0.05045	0.01263	0.04753
-0.744	0.05268	0.0505	0.01264	0.04758
-0.745	0.05272	0.05054	0.01266	0.04762
-0.746	0.05276	0.05059	0.01267	0.04766
-0.747	0.0528	0.05063	0.01268	0.0477
-0.748	0.05284	0.05068	0.0127	0.04774
-0.749	0.05288	0.05073	0.01271	0.04779
-0.75	0.05292	0.05077	0.01273	0.04785
-0.751	0.05296	0.05081	0.01274	0.04788
-0.752	0.053	0.05087	0.01275	0.04792
-0.753	0.05304	0.05093	0.01277	0.04797
-0.754	0.05308	0.05097	0.01278	0.04802
-0.755	0.05312	0.05102	0.01279	0.04807
-0.756	0.05317	0.05107	0.01281	0.04812
-0.757	0.05322	0.0511	0.01282	0.04818
-0.758	0.05325	0.05116	0.01283	0.04822
-0.759	0.05329	0.0512	0.01284	0.04828
-0.76	0.05333	0.05125	0.01286	0.0484
-0.761	0.05338	0.05129	0.01287	0.04847
-0.762	0.05341	0.05134	0.01288	0.04856
-0.763	0.05345	0.0514	0.0129	0.04861
-0.764	0.05348	0.05145	0.01291	0.04866
-0.765	0.05352	0.0515	0.01292	0.0487
-0.766	0.05355	0.05156	0.01294	0.04876
-0.767	0.05359	0.05161	0.01295	0.0488
-0.768	0.05362	0.05166	0.01297	0.04885
-0.769	0.05367	0.05172	0.01298	0.04892
-0.77	0.05371	0.05177	0.013	0.049
-0.771	0.05375	0.05182	0.01301	0.04908
-0.772	0.05379	0.05188	0.01302	0.04917
-0.773	0.05384	0.05196	0.01304	0.04921
-0.774	0.05387	0.05201	0.01305	0.04927
-0.775	0.05392	0.05206	0.01306	0.04931
-0.776	0.05395	0.05211	0.01308	0.04936
-0.777	0.054	0.05216	0.01309	0.04943
-0.778	0.05404	0.05222	0.0131	0.0495
-0.779	0.05409	0.05226	0.01312	0.04955
-0.78	0.05412	0.05233	0.01313	0.04961
-0.781	0.05417	0.05239	0.01315	0.04966
-0.782	0.0542	0.05244	0.01316	0.04973
-0.783	0.05425	0.05249	0.01317	0.04978
-0.784	0.05429	0.05254	0.01319	0.04983
-0.785	0.05433	0.05259	0.0132	0.04988
-0.786	0.05437	0.05263	0.01322	0.04992
-0.787	0.05441	0.05269	0.01323	0.04999
-0.788	0.05445	0.05274	0.01324	0.05006
-0.789	0.0545	0.0528	0.01326	0.05013
-0.79	0.05454	0.05287	0.01327	0.05023
-0.791	0.05458	0.05292	0.01328	0.05028
-0.792	0.05462	0.05298	0.0133	0.05035
-0.793	0.05467	0.05304	0.01331	0.05041
-0.794	0.05471	0.05308	0.01332	0.05047
-0.795	0.05475	0.05313	0.01334	0.05053
-0.796	0.05479	0.05321	0.01335	0.05057
-0.797	0.05484	0.05326	0.01337	0.05066
-0.798	0.05488	0.05332	0.01338	0.05076
-0.799	0.05493	0.05339	0.0134	0.05082